{
"type": "FeatureCollection",
"name": "mh_field_points_sample",
"crs": { "type": "name", "properties": { "name": "urn:ogc:def:crs:OGC:1.3:CRS84" } },
"features": [
{ "type": "Feature", "properties": { "fid": 5, "surveyor": "NM", "date": "2024-08-03", "lulc": "forest", "notes": null, "class_id": 1 }, "geometry": { "type": "Point", "coordinates": [ 171.280609894407206, 7.149382141391597 ] } },
{ "type": "Feature", "properties": { "fid": 10, "surveyor": "NM", "date": "2024-08-03", "lulc": "water", "notes": null, "class_id": 7 }, "geometry": { "type": "Point", "coordinates": [ 171.281925454046359, 7.127451294765796 ] } },
{ "type": "Feature", "properties": { "fid": 29, "surveyor": "NM", "date": "2024-08-03", "lulc": "settlements", "notes": null, "class_id": 5 }, "geometry": { "type": "Point", "coordinates": [ 171.283899615387895, 7.149320673996368 ] } },
{ "type": "Feature", "properties": { "fid": 30, "surveyor": "NM", "date": "2024-08-03", "lulc": "sand", "notes": null, "class_id": 10 }, "geometry": { "type": "Point", "coordinates": [ 171.282946051719136, 7.149437501333268 ] } },
{ "type": "Feature", "properties": { "fid": 32, "surveyor": "NM", "date": "2024-08-03", "lulc": "sand", "notes": null, "class_id": 10 }, "geometry": { "type": "Point", "coordinates": [ 171.282972890431665, 7.149230685371993 ] } },
{ "type": "Feature", "properties": { "fid": 38, "surveyor": "NM", "date": "2024-08-03", "lulc": "sand", "notes": null, "class_id": 10 }, "geometry": { "type": "Point", "coordinates": [ 171.282243508949875, 7.149360142691265 ] } },
{ "type": "Feature", "properties": { "fid": 40, "surveyor": "NM", "date": "2024-08-03", "lulc": "coral", "notes": null, "class_id": 12 }, "geometry": { "type": "Point", "coordinates": [ 171.282647668385692, 7.1488723096223 ] } },
{ "type": "Feature", "properties": { "fid": 43, "surveyor": "NM", "date": "2024-08-03", "lulc": "coral", "notes": null, "class_id": 12 }, "geometry": { "type": "Point", "coordinates": [ 171.282890795546223, 7.148769691015561 ] } },
{ "type": "Feature", "properties": { "fid": 48, "surveyor": "NM", "date": "2024-08-03", "lulc": "coral", "notes": null, "class_id": 12 }, "geometry": { "type": "Point", "coordinates": [ 171.282816594399776, 7.148940195777528 ] } },
{ "type": "Feature", "properties": { "fid": 52, "surveyor": "NM", "date": "2024-08-03", "lulc": "coral", "notes": null, "class_id": 12 }, "geometry": { "type": "Point", "coordinates": [ 171.282672928350337, 7.14896703449006 ] } },
{ "type": "Feature", "properties": { "fid": 55, "surveyor": "NM", "date": "2024-08-03", "lulc": "sand", "notes": null, "class_id": 10 }, "geometry": { "type": "Point", "coordinates": [ 171.28299499290074, 7.149050708123248 ] } },
{ "type": "Feature", "properties": { "fid": 60, "surveyor": "NM", "date": "2024-08-03", "lulc": "forest", "notes": null, "class_id": 1 }, "geometry": { "type": "Point", "coordinates": [ 171.28250578, 7.14962205 ] } },
{ "type": "Feature", "properties": { "fid": 65, "surveyor": "NM", "date": "2024-08-03", "lulc": "forest", "notes": "Coconut", "class_id": 1 }, "geometry": { "type": "Point", "coordinates": [ 171.281916660164455, 7.149789087363052 ] } },
{ "type": "Feature", "properties": { "fid": 67, "surveyor": "NM", "date": "2024-08-03", "lulc": "forest", "notes": "Coconut", "class_id": 1 }, "geometry": { "type": "Point", "coordinates": [ 171.281682497126923, 7.150636013489374 ] } },
{ "type": "Feature", "properties": { "fid": 72, "surveyor": "NM", "date": "2024-08-03", "lulc": "shrubland", "notes": "Meremia", "class_id": 4 }, "geometry": { "type": "Point", "coordinates": [ 171.281951675198059, 7.149951031893664 ] } },
{ "type": "Feature", "properties": { "fid": 81, "surveyor": "NM", "date": "2024-08-03", "lulc": "coral", "notes": null, "class_id": 12 }, "geometry": { "type": "Point", "coordinates": [ 171.281503791501251, 7.14919333232729 ] } },
{ "type": "Feature", "properties": { "fid": 92, "surveyor": "NM", "date": "2024-08-03", "lulc": "forest", "notes": "Coconut", "class_id": 1 }, "geometry": { "type": "Point", "coordinates": [ 171.281703819890936, 7.149610471331694 ] } },
{ "type": "Feature", "properties": { "fid": 95, "surveyor": "NM", "date": "2024-08-03", "lulc": "forest", "notes": "Coconut", "class_id": 1 }, "geometry": { "type": "Point", "coordinates": [ 171.281027066137568, 7.149548765581921 ] } },
{ "type": "Feature", "properties": { "fid": 99, "surveyor": "NM", "date": "2024-08-03", "lulc": "sand", "notes": null, "class_id": 10 }, "geometry": { "type": "Point", "coordinates": [ 171.280637898639014, 7.149091680031792 ] } },
{ "type": "Feature", "properties": { "fid": 103, "surveyor": "NM", "date": "2024-08-03", "lulc": "sand", "notes": null, "class_id": 10 }, "geometry": { "type": "Point", "coordinates": [ 171.280933160196554, 7.148895793507478 ] } },
{ "type": "Feature", "properties": { "fid": 105, "surveyor": "NM", "date": "2024-08-03", "lulc": "rock", "notes": null, "class_id": 14 }, "geometry": { "type": "Point", "coordinates": [ 171.280156024781633, 7.149778945355258 ] } },
{ "type": "Feature", "properties": { "fid": 112, "surveyor": "NM", "date": "2024-08-03", "lulc": "rock", "notes": null, "class_id": 14 }, "geometry": { "type": "Point", "coordinates": [ 171.279986876901603, 7.149100596885141 ] } },
{ "type": "Feature", "properties": { "fid": 114, "surveyor": null, "date": null, "lulc": null, "notes": null, "class_id": -1 }, "geometry": { "type": "Point", "coordinates": [ 171.280025898057772, 7.149597504156483 ] } },
{ "type": "Feature", "properties": { "fid": 116, "surveyor": null, "date": null, "lulc": null, "notes": null, "class_id": -1 }, "geometry": { "type": "Point", "coordinates": [ 171.279753203162215, 7.14967331649284 ] } },
{ "type": "Feature", "properties": { "fid": 118, "surveyor": null, "date": null, "lulc": null, "notes": null, "class_id": -1 }, "geometry": { "type": "Point", "coordinates": [ 171.279560386105572, 7.149269471454459 ] } },
{ "type": "Feature", "properties": { "fid": 126, "surveyor": null, "date": null, "lulc": null, "notes": null, "class_id": -1 }, "geometry": { "type": "Point", "coordinates": [ 171.2799676209263, 7.149984294179384 ] } },
{ "type": "Feature", "properties": { "fid": 127, "surveyor": null, "date": null, "lulc": null, "notes": null, "class_id": -1 }, "geometry": { "type": "Point", "coordinates": [ 171.280125932979502, 7.150119880252499 ] } },
{ "type": "Feature", "properties": { "fid": 129, "surveyor": null, "date": null, "lulc": null, "notes": null, "class_id": -1 }, "geometry": { "type": "Point", "coordinates": [ 171.279899913926982, 7.150278228531938 ] } },
{ "type": "Feature", "properties": { "fid": 137, "surveyor": "NM", "date": "2024-08-03", "lulc": "sand", "notes": null, "class_id": 10 }, "geometry": { "type": "Point", "coordinates": [ 171.279182055110368, 7.149286511530272 ] } },
{ "type": "Feature", "properties": { "fid": 140, "surveyor": "NM", "date": "2024-08-03", "lulc": "sand", "notes": null, "class_id": 10 }, "geometry": { "type": "Point", "coordinates": [ 171.280623417702031, 7.148807761803548 ] } },
{ "type": "Feature", "properties": { "fid": 141, "surveyor": "NM", "date": "2024-08-03", "lulc": "sand", "notes": null, "class_id": 10 }, "geometry": { "type": "Point", "coordinates": [ 171.280876787590643, 7.148769811714007 ] } },
{ "type": "Feature", "properties": { "fid": 142, "surveyor": "NM", "date": "2024-08-03", "lulc": "sand", "notes": null, "class_id": 10 }, "geometry": { "type": "Point", "coordinates": [ 171.2810646310528, 7.148785611631386 ] } },
{ "type": "Feature", "properties": { "fid": 144, "surveyor": "NM", "date": "2024-08-03", "lulc": "coral", "notes": null, "class_id": 12 }, "geometry": { "type": "Point", "coordinates": [ 171.281127894003788, 7.148976167820966 ] } },
{ "type": "Feature", "properties": { "fid": 163, "surveyor": "NM", "date": "2024-08-03", "lulc": "coral", "notes": null, "class_id": 12 }, "geometry": { "type": "Point", "coordinates": [ 171.281433073572231, 7.149249821164512 ] } },
{ "type": "Feature", "properties": { "fid": 164, "surveyor": "NM", "date": "2024-08-03", "lulc": "coral", "notes": null, "class_id": 12 }, "geometry": { "type": "Point", "coordinates": [ 171.281379021678163, 7.14922858649185 ] } },
{ "type": "Feature", "properties": { "fid": 166, "surveyor": "NM", "date": "2024-08-03", "lulc": "coral", "notes": null, "class_id": 12 }, "geometry": { "type": "Point", "coordinates": [ 171.281264161403271, 7.149215073518337 ] } },
{ "type": "Feature", "properties": { "fid": 168, "surveyor": "NM", "date": "2024-08-03", "lulc": "coral", "notes": null, "class_id": 12 }, "geometry": { "type": "Point", "coordinates": [ 171.281070153712079, 7.149186117146528 ] } },
{ "type": "Feature", "properties": { "fid": 172, "surveyor": "NM", "date": "2024-08-03", "lulc": "coral", "notes": null, "class_id": 12 }, "geometry": { "type": "Point", "coordinates": [ 171.28102671915434, 7.149114691429395 ] } },
{ "type": "Feature", "properties": { "fid": 177, "surveyor": "NM", "date": "2024-08-03", "lulc": "coral", "notes": null, "class_id": 12 }, "geometry": { "type": "Point", "coordinates": [ 171.281382882527652, 7.149265264562812 ] } },
{ "type": "Feature", "properties": { "fid": 183, "surveyor": "NM", "date": "2024-08-03", "lulc": "coral", "notes": null, "class_id": 12 }, "geometry": { "type": "Point", "coordinates": [ 171.28090114437029, 7.149126613441397 ] } },
{ "type": "Feature", "properties": { "fid": 185, "surveyor": "NM", "date": "2024-08-03", "lulc": "coral", "notes": null, "class_id": 12 }, "geometry": { "type": "Point", "coordinates": [ 171.280861938446833, 7.149006126944927 ] } },
{ "type": "Feature", "properties": { "fid": 189, "surveyor": "NM", "date": "2024-08-03", "lulc": "sand", "notes": null, "class_id": 10 }, "geometry": { "type": "Point", "coordinates": [ 171.280524787850055, 7.14897169933684 ] } },
{ "type": "Feature", "properties": { "fid": 190, "surveyor": "NM", "date": "2024-08-03", "lulc": "sand", "notes": null, "class_id": 10 }, "geometry": { "type": "Point", "coordinates": [ 171.280708292127343, 7.148732892400637 ] } },
{ "type": "Feature", "properties": { "fid": 191, "surveyor": "NM", "date": "2024-08-03", "lulc": "sand", "notes": null, "class_id": 10 }, "geometry": { "type": "Point", "coordinates": [ 171.280444347618925, 7.14876557124454 ] } },
{ "type": "Feature", "properties": { "fid": 196, "surveyor": "NM", "date": "2024-08-03", "lulc": "sand", "notes": null, "class_id": 10 }, "geometry": { "type": "Point", "coordinates": [ 171.281354327733681, 7.148499112978882 ] } },
{ "type": "Feature", "properties": { "fid": 198, "surveyor": "NM", "date": "2024-08-03", "lulc": "sand", "notes": null, "class_id": 10 }, "geometry": { "type": "Point", "coordinates": [ 171.281673574901049, 7.148506654250552 ] } },
{ "type": "Feature", "properties": { "fid": 207, "surveyor": "NM", "date": "2024-08-03", "lulc": "sand", "notes": null, "class_id": 10 }, "geometry": { "type": "Point", "coordinates": [ 171.281997849582865, 7.148380966389391 ] } },
{ "type": "Feature", "properties": { "fid": 208, "surveyor": "NM", "date": "2024-08-03", "lulc": "sand", "notes": null, "class_id": 10 }, "geometry": { "type": "Point", "coordinates": [ 171.282148675016259, 7.14826030604268 ] } },
{ "type": "Feature", "properties": { "fid": 220, "surveyor": "NM", "date": "2024-08-03", "lulc": "sand", "notes": null, "class_id": 10 }, "geometry": { "type": "Point", "coordinates": [ 171.283194976006598, 7.148088325481521 ] } },
{ "type": "Feature", "properties": { "fid": 221, "surveyor": "NM", "date": "2024-08-03", "lulc": "sand", "notes": null, "class_id": 10 }, "geometry": { "type": "Point", "coordinates": [ 171.283335392569683, 7.148059578783571 ] } },
{ "type": "Feature", "properties": { "fid": 222, "surveyor": "NM", "date": "2024-08-03", "lulc": "sand", "notes": null, "class_id": 10 }, "geometry": { "type": "Point", "coordinates": [ 171.28310202795501, 7.148173551128608 ] } },
{ "type": "Feature", "properties": { "fid": 226, "surveyor": "NM", "date": "2024-08-03", "lulc": "sand", "notes": null, "class_id": 10 }, "geometry": { "type": "Point", "coordinates": [ 171.281660740774498, 7.148587768462869 ] } },
{ "type": "Feature", "properties": { "fid": 233, "surveyor": "NM", "date": "2024-08-03", "lulc": "sand", "notes": null, "class_id": 10 }, "geometry": { "type": "Point", "coordinates": [ 171.282110397454716, 7.148180936228386 ] } },
{ "type": "Feature", "properties": { "fid": 235, "surveyor": null, "date": null, "lulc": null, "notes": null, "class_id": -1 }, "geometry": { "type": "Point", "coordinates": [ 171.282424992421397, 7.148266585119856 ] } },
{ "type": "Feature", "properties": { "fid": 244, "surveyor": "NM", "date": "2024-08-03", "lulc": "sand", "notes": null, "class_id": 10 }, "geometry": { "type": "Point", "coordinates": [ 171.282841707220342, 7.148115052465717 ] } },
{ "type": "Feature", "properties": { "fid": 245, "surveyor": "NM", "date": "2024-08-03", "lulc": "sand", "notes": null, "class_id": 10 }, "geometry": { "type": "Point", "coordinates": [ 171.281548705117132, 7.148259643306691 ] } },
{ "type": "Feature", "properties": { "fid": 249, "surveyor": "NM", "date": "2024-08-03", "lulc": "sand", "notes": null, "class_id": 10 }, "geometry": { "type": "Point", "coordinates": [ 171.281391929287622, 7.148261761898982 ] } },
{ "type": "Feature", "properties": { "fid": 254, "surveyor": "NM", "date": null, "lulc": "sand", "notes": null, "class_id": 10 }, "geometry": { "type": "Point", "coordinates": [ 171.282080471782194, 7.148060495631334 ] } },
{ "type": "Feature", "properties": { "fid": 256, "surveyor": "NM", "date": null, "lulc": "sand", "notes": null, "class_id": 10 }, "geometry": { "type": "Point", "coordinates": [ 171.282281738049846, 7.14796939616282 ] } },
{ "type": "Feature", "properties": { "fid": 268, "surveyor": "NM", "date": "2024-08-03", "lulc": "coral", "notes": null, "class_id": 12 }, "geometry": { "type": "Point", "coordinates": [ 171.282917554547907, 7.147934060549787 ] } },
{ "type": "Feature", "properties": { "fid": 269, "surveyor": "NM", "date": "2024-08-03", "lulc": "coral", "notes": null, "class_id": 12 }, "geometry": { "type": "Point", "coordinates": [ 171.283164959342912, 7.147977978560742 ] } },
{ "type": "Feature", "properties": { "fid": 270, "surveyor": "NM", "date": "2024-08-03", "lulc": "coral", "notes": null, "class_id": 12 }, "geometry": { "type": "Point", "coordinates": [ 171.283263042900757, 7.147960411356359 ] } },
{ "type": "Feature", "properties": { "fid": 273, "surveyor": "NM", "date": "2024-08-03", "lulc": "seaweed", "notes": null, "class_id": 13 }, "geometry": { "type": "Point", "coordinates": [ 171.282004059919927, 7.148485963554137 ] } },
{ "type": "Feature", "properties": { "fid": 275, "surveyor": "NM", "date": "2024-08-03", "lulc": "seaweed", "notes": null, "class_id": 13 }, "geometry": { "type": "Point", "coordinates": [ 171.281725912517203, 7.148838771575486 ] } },
{ "type": "Feature", "properties": { "fid": 276, "surveyor": "NM", "date": "2024-08-03", "lulc": "coral", "notes": null, "class_id": 12 }, "geometry": { "type": "Point", "coordinates": [ 171.280840979829378, 7.148970921766885 ] } },
{ "type": "Feature", "properties": { "fid": 277, "surveyor": "NM", "date": "2024-08-03", "lulc": "sand", "notes": null, "class_id": 10 }, "geometry": { "type": "Point", "coordinates": [ 171.280953546255517, 7.148982827831184 ] } },
{ "type": "Feature", "properties": { "fid": 285, "surveyor": "NM", "date": "2024-08-03", "lulc": "coral", "notes": null, "class_id": 12 }, "geometry": { "type": "Point", "coordinates": [ 171.282475045508818, 7.148526924923034 ] } },
{ "type": "Feature", "properties": { "fid": 292, "surveyor": "NM", "date": "2024-08-03", "lulc": "coral", "notes": null, "class_id": 12 }, "geometry": { "type": "Point", "coordinates": [ 171.28254390666288, 7.149037505921517 ] } },
{ "type": "Feature", "properties": { "fid": 295, "surveyor": "NM", "date": "2024-08-03", "lulc": "coral", "notes": null, "class_id": 12 }, "geometry": { "type": "Point", "coordinates": [ 171.282996100292308, 7.148776435876994 ] } },
{ "type": "Feature", "properties": { "fid": 301, "surveyor": "NM", "date": "2024-08-03", "lulc": "coral", "notes": null, "class_id": 12 }, "geometry": { "type": "Point", "coordinates": [ 171.282179096337416, 7.148670177538373 ] } },
{ "type": "Feature", "properties": { "fid": 305, "surveyor": "NM", "date": "2024-08-03", "lulc": "coral", "notes": null, "class_id": 12 }, "geometry": { "type": "Point", "coordinates": [ 171.282275776009016, 7.149147963365677 ] } },
{ "type": "Feature", "properties": { "fid": 317, "surveyor": "NM", "date": "2024-08-03", "lulc": "coral", "notes": null, "class_id": 12 }, "geometry": { "type": "Point", "coordinates": [ 171.281724017459368, 7.149076407857621 ] } },
{ "type": "Feature", "properties": { "fid": 321, "surveyor": "NM", "date": "2024-08-03", "lulc": "coral", "notes": null, "class_id": 12 }, "geometry": { "type": "Point", "coordinates": [ 171.281831378135479, 7.149046952151927 ] } },
{ "type": "Feature", "properties": { "fid": 325, "surveyor": "NM", "date": "2024-08-03", "lulc": "coral", "notes": null, "class_id": 12 }, "geometry": { "type": "Point", "coordinates": [ 171.281968643085776, 7.149241739342779 ] } },
{ "type": "Feature", "properties": { "fid": 329, "surveyor": "NM", "date": "2024-08-03", "lulc": "sand", "notes": null, "class_id": 10 }, "geometry": { "type": "Point", "coordinates": [ 171.282003559319804, 7.148632806445153 ] } },
{ "type": "Feature", "properties": { "fid": 331, "surveyor": "NM", "date": "2024-08-03", "lulc": "sand", "notes": null, "class_id": 10 }, "geometry": { "type": "Point", "coordinates": [ 171.282315663775734, 7.148343195371513 ] } },
{ "type": "Feature", "properties": { "fid": 334, "surveyor": "NM", "date": "2024-08-03", "lulc": "sand", "notes": null, "class_id": 10 }, "geometry": { "type": "Point", "coordinates": [ 171.281738747013918, 7.148436548872478 ] } },
{ "type": "Feature", "properties": { "fid": 336, "surveyor": "NM", "date": "2024-08-03", "lulc": "coral", "notes": null, "class_id": 12 }, "geometry": { "type": "Point", "coordinates": [ 171.281300713807468, 7.148262823586606 ] } },
{ "type": "Feature", "properties": { "fid": 342, "surveyor": "NM", "date": "2024-08-03", "lulc": "sand", "notes": null, "class_id": 10 }, "geometry": { "type": "Point", "coordinates": [ 171.28080119143317, 7.149361349422168 ] } },
{ "type": "Feature", "properties": { "fid": 343, "surveyor": "NM", "date": "2024-08-03", "lulc": "sand", "notes": null, "class_id": 10 }, "geometry": { "type": "Point", "coordinates": [ 171.280549468191538, 7.149188924436551 ] } },
{ "type": "Feature", "properties": { "fid": 347, "surveyor": "NM", "date": "2024-08-03", "lulc": "forest", "notes": null, "class_id": 1 }, "geometry": { "type": "Point", "coordinates": [ 171.280317829042275, 7.149856077351991 ] } },
{ "type": "Feature", "properties": { "fid": 354, "surveyor": "NM", "date": "2024-08-03", "lulc": "shrubland", "notes": "Meremia", "class_id": 4 }, "geometry": { "type": "Point", "coordinates": [ 171.280384825936949, 7.150576355316054 ] } },
{ "type": "Feature", "properties": { "fid": 363, "surveyor": "NM", "date": "2024-08-03", "lulc": "forest", "notes": null, "class_id": 1 }, "geometry": { "type": "Point", "coordinates": [ 171.280618097562922, 7.150866529120999 ] } },
{ "type": "Feature", "properties": { "fid": 366, "surveyor": "NM", "date": "2024-08-03", "lulc": "rock", "notes": null, "class_id": 14 }, "geometry": { "type": "Point", "coordinates": [ 171.280241855406842, 7.150913929812028 ] } },
{ "type": "Feature", "properties": { "fid": 370, "surveyor": "NM", "date": "2024-08-03", "lulc": "forest", "notes": null, "class_id": 1 }, "geometry": { "type": "Point", "coordinates": [ 171.280805824213928, 7.150993103217355 ] } },
{ "type": "Feature", "properties": { "fid": 371, "surveyor": "NM", "date": "2024-08-03", "lulc": "rock", "notes": null, "class_id": 14 }, "geometry": { "type": "Point", "coordinates": [ 171.280664620660247, 7.151095985262828 ] } },
{ "type": "Feature", "properties": { "fid": 373, "surveyor": "NM", "date": "2024-08-03", "lulc": "rock", "notes": null, "class_id": 14 }, "geometry": { "type": "Point", "coordinates": [ 171.280615914314154, 7.151266538415378 ] } },
{ "type": "Feature", "properties": { "fid": 376, "surveyor": "NM", "date": "2024-08-03", "lulc": "rock", "notes": null, "class_id": 14 }, "geometry": { "type": "Point", "coordinates": [ 171.280578472344189, 7.151191974311134 ] } },
{ "type": "Feature", "properties": { "fid": 381, "surveyor": "NM", "date": "2024-08-03", "lulc": "rock", "notes": null, "class_id": 14 }, "geometry": { "type": "Point", "coordinates": [ 171.280990090404487, 7.151245086207455 ] } },
{ "type": "Feature", "properties": { "fid": 391, "surveyor": "NM", "date": "2024-08-03", "lulc": "rock", "notes": null, "class_id": 14 }, "geometry": { "type": "Point", "coordinates": [ 171.281695558566611, 7.151273237956321 ] } },
{ "type": "Feature", "properties": { "fid": 394, "surveyor": "NM", "date": "2024-08-03", "lulc": "rock", "notes": null, "class_id": 14 }, "geometry": { "type": "Point", "coordinates": [ 171.281942175066888, 7.151345114687826 ] } },
{ "type": "Feature", "properties": { "fid": 395, "surveyor": "NM", "date": "2024-08-03", "lulc": "rock", "notes": null, "class_id": 14 }, "geometry": { "type": "Point", "coordinates": [ 171.281961156428451, 7.15124165621481 ] } },
{ "type": "Feature", "properties": { "fid": 401, "surveyor": "NM", "date": "2024-08-03", "lulc": "rock", "notes": null, "class_id": 14 }, "geometry": { "type": "Point", "coordinates": [ 171.281630931588978, 7.151447934723202 ] } },
{ "type": "Feature", "properties": { "fid": 403, "surveyor": "NM", "date": "2024-08-03", "lulc": "forest", "notes": "Coconut", "class_id": 1 }, "geometry": { "type": "Point", "coordinates": [ 171.280989940691569, 7.151042505009169 ] } },
{ "type": "Feature", "properties": { "fid": 405, "surveyor": "NM", "date": "2024-08-03", "lulc": "forest", "notes": "Coconut", "class_id": 1 }, "geometry": { "type": "Point", "coordinates": [ 171.28107402959057, 7.151026266566541 ] } },
{ "type": "Feature", "properties": { "fid": 409, "surveyor": "NM", "date": "2024-08-03", "lulc": "rock", "notes": "Coconut", "class_id": 14 }, "geometry": { "type": "Point", "coordinates": [ 171.281134558089434, 7.151605980203628 ] } },
{ "type": "Feature", "properties": { "fid": 410, "surveyor": "NM", "date": "2024-08-03", "lulc": "rock", "notes": null, "class_id": 14 }, "geometry": { "type": "Point", "coordinates": [ 171.281503527478066, 7.151798974581935 ] } },
{ "type": "Feature", "properties": { "fid": 411, "surveyor": "NM", "date": "2024-08-03", "lulc": "rock", "notes": null, "class_id": 14 }, "geometry": { "type": "Point", "coordinates": [ 171.280865502429776, 7.152069778062909 ] } },
{ "type": "Feature", "properties": { "fid": 417, "surveyor": "NM", "date": "2024-08-03", "lulc": "rock", "notes": null, "class_id": 14 }, "geometry": { "type": "Point", "coordinates": [ 171.281219971340676, 7.152400789958545 ] } },
{ "type": "Feature", "properties": { "fid": 419, "surveyor": "NM", "date": "2024-08-03", "lulc": "rock", "notes": null, "class_id": 14 }, "geometry": { "type": "Point", "coordinates": [ 171.281254259213739, 7.151794818598061 ] } },
{ "type": "Feature", "properties": { "fid": 421, "surveyor": "NM", "date": "2024-08-03", "lulc": "rock", "notes": null, "class_id": 14 }, "geometry": { "type": "Point", "coordinates": [ 171.279780469549223, 7.151911716127347 ] } },
{ "type": "Feature", "properties": { "fid": 424, "surveyor": "NM", "date": "2024-08-03", "lulc": "rock", "notes": "Coconut", "class_id": 14 }, "geometry": { "type": "Point", "coordinates": [ 171.280178522939195, 7.152247307121233 ] } },
{ "type": "Feature", "properties": { "fid": 425, "surveyor": "NM", "date": "2024-08-03", "lulc": "rock", "notes": "Coconut", "class_id": 14 }, "geometry": { "type": "Point", "coordinates": [ 171.2796563633039, 7.150716251046561 ] } },
{ "type": "Feature", "properties": { "fid": 435, "surveyor": "NM", "date": "2024-08-03", "lulc": "forest", "notes": "Coconut", "class_id": 1 }, "geometry": { "type": "Point", "coordinates": [ 171.281716351086231, 7.151118948106057 ] } },
{ "type": "Feature", "properties": { "fid": 436, "surveyor": "NM", "date": "2024-08-03", "lulc": "forest", "notes": "Coconut", "class_id": 1 }, "geometry": { "type": "Point", "coordinates": [ 171.281544706080354, 7.151077125584745 ] } },
{ "type": "Feature", "properties": { "fid": 444, "surveyor": "NM", "date": "2024-08-03", "lulc": "shrubland", "notes": "Meremia", "class_id": 4 }, "geometry": { "type": "Point", "coordinates": [ 171.281839846081994, 7.151064064552883 ] } },
{ "type": "Feature", "properties": { "fid": 445, "surveyor": "NM", "date": "2024-08-03", "lulc": "shrubland", "notes": "Meremia", "class_id": 4 }, "geometry": { "type": "Point", "coordinates": [ 171.281919802244857, 7.150992412696599 ] } },
{ "type": "Feature", "properties": { "fid": 446, "surveyor": "NM", "date": "2024-08-03", "lulc": "rock", "notes": null, "class_id": 14 }, "geometry": { "type": "Point", "coordinates": [ 171.281945782388419, 7.151570870188031 ] } },
{ "type": "Feature", "properties": { "fid": 447, "surveyor": "NM", "date": "2024-08-03", "lulc": "rock", "notes": null, "class_id": 14 }, "geometry": { "type": "Point", "coordinates": [ 171.281745820634995, 7.151716095311613 ] } },
{ "type": "Feature", "properties": { "fid": 448, "surveyor": "NM", "date": "2024-08-03", "lulc": "rock", "notes": null, "class_id": 14 }, "geometry": { "type": "Point", "coordinates": [ 171.281560802058777, 7.151578446204282 ] } },
{ "type": "Feature", "properties": { "fid": 453, "surveyor": "NM", "date": "2024-08-03", "lulc": "rock", "notes": null, "class_id": 14 }, "geometry": { "type": "Point", "coordinates": [ 171.282395563573147, 7.151544243753808 ] } },
{ "type": "Feature", "properties": { "fid": 454, "surveyor": "NM", "date": "2024-08-03", "lulc": "rock", "notes": null, "class_id": 14 }, "geometry": { "type": "Point", "coordinates": [ 171.282408217439524, 7.151353481014893 ] } },
{ "type": "Feature", "properties": { "fid": 455, "surveyor": "NM", "date": "2024-08-03", "lulc": "rock", "notes": null, "class_id": 14 }, "geometry": { "type": "Point", "coordinates": [ 171.282247337088563, 7.151724456962864 ] } },
{ "type": "Feature", "properties": { "fid": 461, "surveyor": "NM", "date": "2024-08-03", "lulc": "shrubland", "notes": "Meremia", "class_id": 4 }, "geometry": { "type": "Point", "coordinates": [ 171.282454338179718, 7.150928646543081 ] } },
{ "type": "Feature", "properties": { "fid": 462, "surveyor": "NM", "date": "2024-08-03", "lulc": "shrubland", "notes": "Meremia", "class_id": 4 }, "geometry": { "type": "Point", "coordinates": [ 171.282517591172763, 7.150957382764652 ] } },
{ "type": "Feature", "properties": { "fid": 472, "surveyor": "NM", "date": "2024-08-03", "lulc": "rock", "notes": null, "class_id": 14 }, "geometry": { "type": "Point", "coordinates": [ 171.28284918259169, 7.151077086585953 ] } },
{ "type": "Feature", "properties": { "fid": 473, "surveyor": "NM", "date": "2024-08-03", "lulc": "rock", "notes": null, "class_id": 14 }, "geometry": { "type": "Point", "coordinates": [ 171.282660573471986, 7.151213943299913 ] } },
{ "type": "Feature", "properties": { "fid": 475, "surveyor": "NM", "date": "2024-08-03", "lulc": "rock", "notes": null, "class_id": 14 }, "geometry": { "type": "Point", "coordinates": [ 171.282728962198064, 7.151462890235393 ] } },
{ "type": "Feature", "properties": { "fid": 480, "surveyor": "NM", "date": "2024-08-03", "lulc": "shrubland", "notes": "Meremia", "class_id": 4 }, "geometry": { "type": "Point", "coordinates": [ 171.283436051116382, 7.150665005438609 ] } },
{ "type": "Feature", "properties": { "fid": 482, "surveyor": "NM", "date": "2024-08-03", "lulc": "shrubland", "notes": "Meremia", "class_id": 4 }, "geometry": { "type": "Point", "coordinates": [ 171.283364969110323, 7.150823230253522 ] } },
{ "type": "Feature", "properties": { "fid": 483, "surveyor": "NM", "date": "2024-08-03", "lulc": "shrubland", "notes": "Meremia", "class_id": 4 }, "geometry": { "type": "Point", "coordinates": [ 171.283287105058747, 7.15084749301467 ] } },
{ "type": "Feature", "properties": { "fid": 484, "surveyor": "NM", "date": "2024-08-03", "lulc": "shrubland", "notes": "Meremia", "class_id": 4 }, "geometry": { "type": "Point", "coordinates": [ 171.283295662623857, 7.150810155277415 ] } },
{ "type": "Feature", "properties": { "fid": 491, "surveyor": "NM", "date": "2024-08-03", "lulc": "forest", "notes": null, "class_id": 1 }, "geometry": { "type": "Point", "coordinates": [ 171.283463782572539, 7.150897339880455 ] } },
{ "type": "Feature", "properties": { "fid": 494, "surveyor": "NM", "date": "2024-08-03", "lulc": "forest", "notes": null, "class_id": 1 }, "geometry": { "type": "Point", "coordinates": [ 171.283526868493709, 7.150870365799237 ] } },
{ "type": "Feature", "properties": { "fid": 499, "surveyor": "NM", "date": "2024-08-03", "lulc": "shrubland", "notes": "Meremia", "class_id": 4 }, "geometry": { "type": "Point", "coordinates": [ 171.283256156537135, 7.150497909110184 ] } },
{ "type": "Feature", "properties": { "fid": 500, "surveyor": "NM", "date": "2024-08-03", "lulc": "shrubland", "notes": "Meremia", "class_id": 4 }, "geometry": { "type": "Point", "coordinates": [ 171.283149699621134, 7.150262104859583 ] } },
{ "type": "Feature", "properties": { "fid": 506, "surveyor": "NM", "date": "2024-08-03", "lulc": "forest", "notes": "Coconut", "class_id": 1 }, "geometry": { "type": "Point", "coordinates": [ 171.283045807239148, 7.150473836205704 ] } },
{ "type": "Feature", "properties": { "fid": 508, "surveyor": "NM", "date": "2024-08-03", "lulc": "forest", "notes": "Coconut", "class_id": 1 }, "geometry": { "type": "Point", "coordinates": [ 171.283485637199817, 7.150236463489837 ] } },
{ "type": "Feature", "properties": { "fid": 511, "surveyor": "NM", "date": "2024-08-03", "lulc": "shrubland", "notes": "Meremia", "class_id": 4 }, "geometry": { "type": "Point", "coordinates": [ 171.283304119919705, 7.150166231978288 ] } },
{ "type": "Feature", "properties": { "fid": 515, "surveyor": "NM", "date": "2024-08-03", "lulc": "grassland", "notes": null, "class_id": 3 }, "geometry": { "type": "Point", "coordinates": [ 171.283420273993926, 7.149880614369275 ] } },
{ "type": "Feature", "properties": { "fid": 518, "surveyor": "NM", "date": "2024-08-03", "lulc": "grassland", "notes": null, "class_id": 3 }, "geometry": { "type": "Point", "coordinates": [ 171.283357114762623, 7.149787007325275 ] } },
{ "type": "Feature", "properties": { "fid": 532, "surveyor": "NM", "date": "2024-08-03", "lulc": "rock", "notes": null, "class_id": 14 }, "geometry": { "type": "Point", "coordinates": [ 171.284943061854619, 7.150713600001108 ] } },
{ "type": "Feature", "properties": { "fid": 534, "surveyor": "NM", "date": "2024-08-03", "lulc": "rock", "notes": null, "class_id": 14 }, "geometry": { "type": "Point", "coordinates": [ 171.285588807517399, 7.150770986460152 ] } },
{ "type": "Feature", "properties": { "fid": 537, "surveyor": "NM", "date": "2024-08-03", "lulc": "rock", "notes": null, "class_id": 14 }, "geometry": { "type": "Point", "coordinates": [ 171.28653064328293, 7.150853985288157 ] } },
{ "type": "Feature", "properties": { "fid": 557, "surveyor": "NM", "date": "2024-08-03", "lulc": "forest", "notes": null, "class_id": 1 }, "geometry": { "type": "Point", "coordinates": [ 171.28414174471078, 7.150652681262789 ] } },
{ "type": "Feature", "properties": { "fid": 563, "surveyor": "NM", "date": "2024-08-03", "lulc": "rock", "notes": null, "class_id": 14 }, "geometry": { "type": "Point", "coordinates": [ 171.28388784002226, 7.152421299761015 ] } },
{ "type": "Feature", "properties": { "fid": 572, "surveyor": "NM", "date": "2024-08-03", "lulc": "rock", "notes": null, "class_id": 14 }, "geometry": { "type": "Point", "coordinates": [ 171.283241608417541, 7.15232996953372 ] } },
{ "type": "Feature", "properties": { "fid": 573, "surveyor": "NM", "date": "2024-08-03", "lulc": "rock", "notes": null, "class_id": 14 }, "geometry": { "type": "Point", "coordinates": [ 171.282678477919205, 7.152081172407398 ] } },
{ "type": "Feature", "properties": { "fid": 577, "surveyor": "NM", "date": "2024-08-03", "lulc": "rock", "notes": null, "class_id": 14 }, "geometry": { "type": "Point", "coordinates": [ 171.279327587886542, 7.151805419135035 ] } },
{ "type": "Feature", "properties": { "fid": 591, "surveyor": "NM", "date": "2024-08-03", "lulc": "shrubland", "notes": "Meremia", "class_id": 4 }, "geometry": { "type": "Point", "coordinates": [ 171.284398980725825, 7.150491588938674 ] } },
{ "type": "Feature", "properties": { "fid": 592, "surveyor": "NM", "date": "2024-08-03", "lulc": "forest", "notes": null, "class_id": 1 }, "geometry": { "type": "Point", "coordinates": [ 171.284556697380509, 7.150312536018881 ] } },
{ "type": "Feature", "properties": { "fid": 597, "surveyor": "NM", "date": "2024-08-03", "lulc": "forest", "notes": null, "class_id": 1 }, "geometry": { "type": "Point", "coordinates": [ 171.284719813663742, 7.150090903493633 ] } },
{ "type": "Feature", "properties": { "fid": 598, "surveyor": "NM", "date": "2024-08-03", "lulc": "forest", "notes": null, "class_id": 1 }, "geometry": { "type": "Point", "coordinates": [ 171.28476066805203, 7.150201464369094 ] } },
{ "type": "Feature", "properties": { "fid": 601, "surveyor": "NM", "date": "2024-08-03", "lulc": "forest", "notes": null, "class_id": 1 }, "geometry": { "type": "Point", "coordinates": [ 171.284188417291375, 7.149586601216829 ] } },
{ "type": "Feature", "properties": { "fid": 605, "surveyor": "NM", "date": "2024-08-03", "lulc": "shrubland", "notes": "Meremia", "class_id": 4 }, "geometry": { "type": "Point", "coordinates": [ 171.28438498291689, 7.1501151745215 ] } },
{ "type": "Feature", "properties": { "fid": 606, "surveyor": "NM", "date": "2024-08-03", "lulc": "shrubland", "notes": "Meremia", "class_id": 4 }, "geometry": { "type": "Point", "coordinates": [ 171.28428359810971, 7.150072068177971 ] } },
{ "type": "Feature", "properties": { "fid": 607, "surveyor": "NM", "date": "2024-08-03", "lulc": "shrubland", "notes": "Meremia", "class_id": 4 }, "geometry": { "type": "Point", "coordinates": [ 171.284213971265444, 7.150128222650655 ] } },
{ "type": "Feature", "properties": { "fid": 610, "surveyor": "NM", "date": "2024-08-03", "lulc": "forest", "notes": "Coconut", "class_id": 1 }, "geometry": { "type": "Point", "coordinates": [ 171.284100494768381, 7.149996781646521 ] } },
{ "type": "Feature", "properties": { "fid": 614, "surveyor": "NM", "date": "2024-08-03", "lulc": "forest", "notes": "Coconut", "class_id": 1 }, "geometry": { "type": "Point", "coordinates": [ 171.284607173211867, 7.149806647718582 ] } },
{ "type": "Feature", "properties": { "fid": 617, "surveyor": "NM", "date": "2024-08-03", "lulc": "shrubland", "notes": "Meremia", "class_id": 4 }, "geometry": { "type": "Point", "coordinates": [ 171.284605440088768, 7.149631877665843 ] } },
{ "type": "Feature", "properties": { "fid": 623, "surveyor": "NM", "date": "2024-08-03", "lulc": "shrubland", "notes": "Meremia", "class_id": 4 }, "geometry": { "type": "Point", "coordinates": [ 171.284593577037271, 7.149516030654539 ] } },
{ "type": "Feature", "properties": { "fid": 627, "surveyor": "NM", "date": "2024-08-03", "lulc": "forest", "notes": "Coconut", "class_id": 1 }, "geometry": { "type": "Point", "coordinates": [ 171.283993805676261, 7.149796454454949 ] } },
{ "type": "Feature", "properties": { "fid": 636, "surveyor": "NM", "date": "2024-08-03", "lulc": "grassland", "notes": null, "class_id": 3 }, "geometry": { "type": "Point", "coordinates": [ 171.283938065063751, 7.149560689119608 ] } },
{ "type": "Feature", "properties": { "fid": 644, "surveyor": "NM", "date": "2024-08-03", "lulc": "forest", "notes": null, "class_id": 1 }, "geometry": { "type": "Point", "coordinates": [ 171.283595376416287, 7.149167334889605 ] } },
{ "type": "Feature", "properties": { "fid": 647, "surveyor": "NM", "date": "2024-08-03", "lulc": "forest", "notes": null, "class_id": 1 }, "geometry": { "type": "Point", "coordinates": [ 171.285467283519722, 7.14983612957363 ] } },
{ "type": "Feature", "properties": { "fid": 651, "surveyor": "NM", "date": "2024-08-03", "lulc": null, "notes": null, "class_id": -1 }, "geometry": { "type": "Point", "coordinates": [ 171.285605505765432, 7.149726371420805 ] } },
{ "type": "Feature", "properties": { "fid": 660, "surveyor": "NM", "date": "2024-08-03", "lulc": null, "notes": null, "class_id": -1 }, "geometry": { "type": "Point", "coordinates": [ 171.286191986674481, 7.150060481964602 ] } },
{ "type": "Feature", "properties": { "fid": 662, "surveyor": "NM", "date": "2024-08-03", "lulc": null, "notes": null, "class_id": -1 }, "geometry": { "type": "Point", "coordinates": [ 171.286713386629373, 7.149855081982373 ] } },
{ "type": "Feature", "properties": { "fid": 669, "surveyor": "NM", "date": "2024-08-03", "lulc": null, "notes": "Meremia", "class_id": -1 }, "geometry": { "type": "Point", "coordinates": [ 171.28635716397406, 7.149145168568649 ] } },
{ "type": "Feature", "properties": { "fid": 672, "surveyor": "NM", "date": "2024-08-03", "lulc": null, "notes": null, "class_id": -1 }, "geometry": { "type": "Point", "coordinates": [ 171.286115719453022, 7.149062759360883 ] } },
{ "type": "Feature", "properties": { "fid": 674, "surveyor": "NM", "date": "2024-08-03", "lulc": null, "notes": null, "class_id": -1 }, "geometry": { "type": "Point", "coordinates": [ 171.286232827274574, 7.149403962396548 ] } },
{ "type": "Feature", "properties": { "fid": 675, "surveyor": "NM", "date": "2024-08-03", "lulc": "rock", "notes": null, "class_id": 14 }, "geometry": { "type": "Point", "coordinates": [ 171.286660818546295, 7.149242038593878 ] } },
{ "type": "Feature", "properties": { "fid": 678, "surveyor": "NM", "date": "2024-08-03", "lulc": null, "notes": null, "class_id": -1 }, "geometry": { "type": "Point", "coordinates": [ 171.287248650543688, 7.149285458002777 ] } },
{ "type": "Feature", "properties": { "fid": 679, "surveyor": "NM", "date": "2024-08-03", "lulc": null, "notes": null, "class_id": -1 }, "geometry": { "type": "Point", "coordinates": [ 171.286991474044811, 7.149445775820244 ] } },
{ "type": "Feature", "properties": { "fid": 682, "surveyor": "NM", "date": "2024-08-03", "lulc": "shrubland", "notes": "Meremia", "class_id": 4 }, "geometry": { "type": "Point", "coordinates": [ 171.286456510319681, 7.149147033575037 ] } },
{ "type": "Feature", "properties": { "fid": 685, "surveyor": "NM", "date": "2024-08-03", "lulc": "forest", "notes": null, "class_id": 1 }, "geometry": { "type": "Point", "coordinates": [ 171.286581789910656, 7.14878298975923 ] } },
{ "type": "Feature", "properties": { "fid": 689, "surveyor": "NM", "date": "2024-08-03", "lulc": "forest", "notes": null, "class_id": 1 }, "geometry": { "type": "Point", "coordinates": [ 171.286518318720852, 7.148899623274473 ] } },
{ "type": "Feature", "properties": { "fid": 693, "surveyor": "NM", "date": "2024-08-03", "lulc": "forest", "notes": null, "class_id": 1 }, "geometry": { "type": "Point", "coordinates": [ 171.286547571847166, 7.1488344204408 ] } },
{ "type": "Feature", "properties": { "fid": 694, "surveyor": "NM", "date": "2024-08-03", "lulc": "forest", "notes": null, "class_id": 1 }, "geometry": { "type": "Point", "coordinates": [ 171.28657087, 7.14883728 ] } },
{ "type": "Feature", "properties": { "fid": 698, "surveyor": "NM", "date": "2024-08-03", "lulc": "rock", "notes": null, "class_id": 14 }, "geometry": { "type": "Point", "coordinates": [ 171.286798733771121, 7.148968044455134 ] } },
{ "type": "Feature", "properties": { "fid": 701, "surveyor": "NM", "date": "2024-08-03", "lulc": "rock", "notes": null, "class_id": 14 }, "geometry": { "type": "Point", "coordinates": [ 171.287135103251757, 7.149089549207543 ] } },
{ "type": "Feature", "properties": { "fid": 703, "surveyor": "NM", "date": "2024-08-03", "lulc": "rock", "notes": null, "class_id": 14 }, "geometry": { "type": "Point", "coordinates": [ 171.286865654623256, 7.148839630632214 ] } },
{ "type": "Feature", "properties": { "fid": 709, "surveyor": "NM", "date": "2024-08-03", "lulc": "rock", "notes": null, "class_id": 14 }, "geometry": { "type": "Point", "coordinates": [ 171.287813834032164, 7.148360050150987 ] } },
{ "type": "Feature", "properties": { "fid": 711, "surveyor": "NM", "date": "2024-08-03", "lulc": "rock", "notes": null, "class_id": 14 }, "geometry": { "type": "Point", "coordinates": [ 171.287946345346057, 7.148038623427905 ] } },
{ "type": "Feature", "properties": { "fid": 716, "surveyor": "NM", "date": "2024-08-03", "lulc": "rock", "notes": null, "class_id": 14 }, "geometry": { "type": "Point", "coordinates": [ 171.286848258234869, 7.148572384356584 ] } },
{ "type": "Feature", "properties": { "fid": 732, "surveyor": "NM", "date": "2024-08-03", "lulc": "rock", "notes": null, "class_id": 14 }, "geometry": { "type": "Point", "coordinates": [ 171.287500248345054, 7.148159670118547 ] } },
{ "type": "Feature", "properties": { "fid": 747, "surveyor": "NM", "date": "2024-08-03", "lulc": "forest", "notes": "Coconut", "class_id": 1 }, "geometry": { "type": "Point", "coordinates": [ 171.2873172816345, 7.147611500171891 ] } },
{ "type": "Feature", "properties": { "fid": 751, "surveyor": "NM", "date": "2024-08-03", "lulc": "forest", "notes": "Coconut", "class_id": 1 }, "geometry": { "type": "Point", "coordinates": [ 171.287648174984525, 7.147561632863454 ] } },
{ "type": "Feature", "properties": { "fid": 758, "surveyor": "NM", "date": "2024-08-03", "lulc": "settlements", "notes": "Coconut", "class_id": 5 }, "geometry": { "type": "Point", "coordinates": [ 171.287822492973504, 7.147089133638151 ] } },
{ "type": "Feature", "properties": { "fid": 765, "surveyor": "NM", "date": "2024-08-03", "lulc": "rubble", "notes": "Partially buried coral", "class_id": 15 }, "geometry": { "type": "Point", "coordinates": [ 171.286579430812736, 7.147435303758911 ] } },
{ "type": "Feature", "properties": { "fid": 773, "surveyor": "NM", "date": "2024-08-03", "lulc": "rubble", "notes": "Partially buried coral", "class_id": 15 }, "geometry": { "type": "Point", "coordinates": [ 171.285662822692188, 7.146336643348294 ] } },
{ "type": "Feature", "properties": { "fid": 777, "surveyor": "NM", "date": "2024-08-03", "lulc": "sand", "notes": null, "class_id": 10 }, "geometry": { "type": "Point", "coordinates": [ 171.286510007602146, 7.147707745150246 ] } },
{ "type": "Feature", "properties": { "fid": 792, "surveyor": "NM", "date": "2024-08-03", "lulc": "rock", "notes": null, "class_id": 14 }, "geometry": { "type": "Point", "coordinates": [ 171.287916135718007, 7.148606206601952 ] } },
{ "type": "Feature", "properties": { "fid": 795, "surveyor": "NM", "date": "2024-08-03", "lulc": "rock", "notes": null, "class_id": 14 }, "geometry": { "type": "Point", "coordinates": [ 171.287815547831542, 7.149390818607123 ] } },
{ "type": "Feature", "properties": { "fid": 797, "surveyor": "NM", "date": "2024-08-03", "lulc": "rock", "notes": null, "class_id": 14 }, "geometry": { "type": "Point", "coordinates": [ 171.288216731852657, 7.149161751938306 ] } },
{ "type": "Feature", "properties": { "fid": 798, "surveyor": "NM", "date": "2024-08-03", "lulc": "rock", "notes": null, "class_id": 14 }, "geometry": { "type": "Point", "coordinates": [ 171.288308416251084, 7.14886029391301 ] } },
{ "type": "Feature", "properties": { "fid": 801, "surveyor": "NM", "date": "2024-08-03", "lulc": "water", "notes": null, "class_id": 7 }, "geometry": { "type": "Point", "coordinates": [ 171.286084535010446, 7.145468415605072 ] } },
{ "type": "Feature", "properties": { "fid": 807, "surveyor": "NM", "date": "2024-08-03", "lulc": "rock", "notes": "Sand covered rocks", "class_id": 14 }, "geometry": { "type": "Point", "coordinates": [ 171.285935719376397, 7.147828131701636 ] } },
{ "type": "Feature", "properties": { "fid": 809, "surveyor": "NM", "date": "2024-08-03", "lulc": "rock", "notes": "Sand covered rocks", "class_id": 14 }, "geometry": { "type": "Point", "coordinates": [ 171.285947939755289, 7.147774328612472 ] } },
{ "type": "Feature", "properties": { "fid": 819, "surveyor": "NM", "date": "2024-08-03", "lulc": "rock", "notes": "Sand covered rocks", "class_id": 14 }, "geometry": { "type": "Point", "coordinates": [ 171.285848828830751, 7.147898015519398 ] } },
{ "type": "Feature", "properties": { "fid": 824, "surveyor": "NM", "date": "2024-08-03", "lulc": "rock", "notes": null, "class_id": 14 }, "geometry": { "type": "Point", "coordinates": [ 171.285764805026702, 7.147971649352512 ] } },
{ "type": "Feature", "properties": { "fid": 826, "surveyor": "NM", "date": "2024-08-03", "lulc": "rock", "notes": null, "class_id": 14 }, "geometry": { "type": "Point", "coordinates": [ 171.285641763482715, 7.148088637271733 ] } },
{ "type": "Feature", "properties": { "fid": 827, "surveyor": "NM", "date": "2024-08-03", "lulc": "forest", "notes": null, "class_id": 1 }, "geometry": { "type": "Point", "coordinates": [ 171.285691527331011, 7.148149323611176 ] } },
{ "type": "Feature", "properties": { "fid": 836, "surveyor": "NM", "date": "2024-08-03", "lulc": "rock", "notes": null, "class_id": 14 }, "geometry": { "type": "Point", "coordinates": [ 171.285452197306938, 7.148230957223215 ] } },
{ "type": "Feature", "properties": { "fid": 839, "surveyor": "NM", "date": "2024-08-03", "lulc": "forest", "notes": null, "class_id": 1 }, "geometry": { "type": "Point", "coordinates": [ 171.285651702946694, 7.148197317348379 ] } },
{ "type": "Feature", "properties": { "fid": 843, "surveyor": "NM", "date": "2024-08-03", "lulc": "forest", "notes": null, "class_id": 1 }, "geometry": { "type": "Point", "coordinates": [ 171.285100132656339, 7.148568055939687 ] } },
{ "type": "Feature", "properties": { "fid": 854, "surveyor": "NM", "date": "2024-08-03", "lulc": "rock", "notes": null, "class_id": 14 }, "geometry": { "type": "Point", "coordinates": [ 171.284879201965879, 7.148325757890423 ] } },
{ "type": "Feature", "properties": { "fid": 864, "surveyor": "NM", "date": "2024-08-03", "lulc": "coral", "notes": null, "class_id": 12 }, "geometry": { "type": "Point", "coordinates": [ 171.285145445913116, 7.148163350744205 ] } },
{ "type": "Feature", "properties": { "fid": 877, "surveyor": "NM", "date": "2024-08-03", "lulc": "sand", "notes": null, "class_id": 10 }, "geometry": { "type": "Point", "coordinates": [ 171.285010743104635, 7.147946666271411 ] } },
{ "type": "Feature", "properties": { "fid": 879, "surveyor": "NM", "date": "2024-08-03", "lulc": "shrubland", "notes": "Meremia", "class_id": 4 }, "geometry": { "type": "Point", "coordinates": [ 171.284921266479699, 7.148691309317701 ] } },
{ "type": "Feature", "properties": { "fid": 885, "surveyor": "NM", "date": "2024-08-03", "lulc": "rock", "notes": null, "class_id": 14 }, "geometry": { "type": "Point", "coordinates": [ 171.284642727887473, 7.148475838084341 ] } },
{ "type": "Feature", "properties": { "fid": 888, "surveyor": "NM", "date": "2024-08-03", "lulc": "rock", "notes": null, "class_id": 14 }, "geometry": { "type": "Point", "coordinates": [ 171.284749365220847, 7.148622538870377 ] } },
{ "type": "Feature", "properties": { "fid": 889, "surveyor": "NM", "date": "2024-08-03", "lulc": "forest", "notes": null, "class_id": 1 }, "geometry": { "type": "Point", "coordinates": [ 171.284887213431915, 7.148686272291674 ] } },
{ "type": "Feature", "properties": { "fid": 893, "surveyor": "NM", "date": "2024-08-03", "lulc": "shrubland", "notes": "Meremia", "class_id": 4 }, "geometry": { "type": "Point", "coordinates": [ 171.284630111236964, 7.148820009747984 ] } },
{ "type": "Feature", "properties": { "fid": 896, "surveyor": "NM", "date": "2024-08-03", "lulc": "shrubland", "notes": "Meremia", "class_id": 4 }, "geometry": { "type": "Point", "coordinates": [ 171.284686570730145, 7.149477154629658 ] } },
{ "type": "Feature", "properties": { "fid": 901, "surveyor": "NM", "date": "2024-08-03", "lulc": "shrubland", "notes": "Meremia", "class_id": 4 }, "geometry": { "type": "Point", "coordinates": [ 171.284912746923368, 7.148960500765981 ] } },
{ "type": "Feature", "properties": { "fid": 904, "surveyor": "NM", "date": "2024-08-03", "lulc": "forest", "notes": null, "class_id": 1 }, "geometry": { "type": "Point", "coordinates": [ 171.284586951301947, 7.149266591130214 ] } },
{ "type": "Feature", "properties": { "fid": 905, "surveyor": "NM", "date": "2024-08-03", "lulc": "forest", "notes": null, "class_id": 1 }, "geometry": { "type": "Point", "coordinates": [ 171.284939336959496, 7.149398414705455 ] } },
{ "type": "Feature", "properties": { "fid": 907, "surveyor": "NM", "date": "2024-08-03", "lulc": "sand", "notes": null, "class_id": 10 }, "geometry": { "type": "Point", "coordinates": [ 171.284408162000744, 7.148766099786989 ] } },
{ "type": "Feature", "properties": { "fid": 913, "surveyor": "NM", "date": "2024-08-03", "lulc": "sand", "notes": null, "class_id": 10 }, "geometry": { "type": "Point", "coordinates": [ 171.283932048302404, 7.149002642348343 ] } },
{ "type": "Feature", "properties": { "fid": 925, "surveyor": "NM", "date": "2024-08-03", "lulc": "forest", "notes": null, "class_id": 1 }, "geometry": { "type": "Point", "coordinates": [ 171.282732042532388, 7.149380994798388 ] } },
{ "type": "Feature", "properties": { "fid": 933, "surveyor": "NM", "date": "2024-08-03", "lulc": "coral", "notes": null, "class_id": 12 }, "geometry": { "type": "Point", "coordinates": [ 171.284285487595326, 7.148690950448176 ] } },
{ "type": "Feature", "properties": { "fid": 941, "surveyor": "NM", "date": "2024-08-03", "lulc": "coral", "notes": null, "class_id": 12 }, "geometry": { "type": "Point", "coordinates": [ 171.284489385391026, 7.148144223969313 ] } },
{ "type": "Feature", "properties": { "fid": 950, "surveyor": "NM", "date": "2024-08-03", "lulc": "sand", "notes": null, "class_id": 10 }, "geometry": { "type": "Point", "coordinates": [ 171.283114672585498, 7.149067121636874 ] } },
{ "type": "Feature", "properties": { "fid": 953, "surveyor": "NM", "date": "2024-08-03", "lulc": "coral", "notes": "Pandanus", "class_id": 12 }, "geometry": { "type": "Point", "coordinates": [ 171.28282921178527, 7.148995406225981 ] } },
{ "type": "Feature", "properties": { "fid": 957, "surveyor": "NM", "date": "2024-08-03", "lulc": "coral", "notes": "Pandanus", "class_id": 12 }, "geometry": { "type": "Point", "coordinates": [ 171.283190377958078, 7.148663616089351 ] } },
{ "type": "Feature", "properties": { "fid": 959, "surveyor": "NM", "date": "2024-08-03", "lulc": "sand", "notes": "Pandanus", "class_id": 10 }, "geometry": { "type": "Point", "coordinates": [ 171.282928555532408, 7.148422367671296 ] } },
{ "type": "Feature", "properties": { "fid": 961, "surveyor": "NM", "date": "2024-08-03", "lulc": "sand", "notes": "Pandanus", "class_id": 10 }, "geometry": { "type": "Point", "coordinates": [ 171.283252695853065, 7.148546627790919 ] } },
{ "type": "Feature", "properties": { "fid": 967, "surveyor": "NM", "date": "2024-08-03", "lulc": "water", "notes": "Pandanus", "class_id": 7 }, "geometry": { "type": "Point", "coordinates": [ 171.28381439231444, 7.147479917493662 ] } },
{ "type": "Feature", "properties": { "fid": 968, "surveyor": "NM", "date": "2024-08-03", "lulc": "water", "notes": "Pandanus", "class_id": 7 }, "geometry": { "type": "Point", "coordinates": [ 171.283585928408144, 7.147658863740335 ] } },
{ "type": "Feature", "properties": { "fid": 969, "surveyor": "NM", "date": "2024-08-03", "lulc": "forest", "notes": "Pandanus", "class_id": 1 }, "geometry": { "type": "Point", "coordinates": [ 171.288483347206352, 7.14662039301723 ] } },
{ "type": "Feature", "properties": { "fid": 975, "surveyor": "NM", "date": "2024-08-03", "lulc": "forest", "notes": "Pandanus", "class_id": 1 }, "geometry": { "type": "Point", "coordinates": [ 171.289449957588829, 7.146177064222427 ] } },
{ "type": "Feature", "properties": { "fid": 976, "surveyor": "NM", "date": "2024-08-03", "lulc": "shrubland", "notes": null, "class_id": 4 }, "geometry": { "type": "Point", "coordinates": [ 171.289659811969784, 7.144934299156342 ] } },
{ "type": "Feature", "properties": { "fid": 980, "surveyor": "NM", "date": "2024-08-03", "lulc": "forest", "notes": null, "class_id": 1 }, "geometry": { "type": "Point", "coordinates": [ 171.292153448302713, 7.144022825144936 ] } },
{ "type": "Feature", "properties": { "fid": 982, "surveyor": "NM", "date": "2024-08-03", "lulc": "settlements", "notes": null, "class_id": 5 }, "geometry": { "type": "Point", "coordinates": [ 171.292842540100736, 7.143360804830956 ] } },
{ "type": "Feature", "properties": { "fid": 983, "surveyor": "NM", "date": "2024-08-03", "lulc": "sand", "notes": null, "class_id": 10 }, "geometry": { "type": "Point", "coordinates": [ 171.292897917646599, 7.143055275080829 ] } },
{ "type": "Feature", "properties": { "fid": 987, "surveyor": "NM", "date": "2024-08-03", "lulc": "forest", "notes": null, "class_id": 1 }, "geometry": { "type": "Point", "coordinates": [ 171.293738950146093, 7.142450171652492 ] } },
{ "type": "Feature", "properties": { "fid": 988, "surveyor": "NM", "date": "2024-08-03", "lulc": "forest", "notes": null, "class_id": 1 }, "geometry": { "type": "Point", "coordinates": [ 171.294239192397072, 7.142407661818809 ] } },
{ "type": "Feature", "properties": { "fid": 993, "surveyor": "NM", "date": "2024-08-03", "lulc": "forest", "notes": null, "class_id": 1 }, "geometry": { "type": "Point", "coordinates": [ 171.297946311589016, 7.140100908551749 ] } },
{ "type": "Feature", "properties": { "fid": 995, "surveyor": "NM", "date": "2024-08-03", "lulc": "forest", "notes": null, "class_id": 1 }, "geometry": { "type": "Point", "coordinates": [ 171.30058940129075, 7.137995443795035 ] } },
{ "type": "Feature", "properties": { "fid": 996, "surveyor": "NM", "date": "2024-08-03", "lulc": "forest", "notes": null, "class_id": 1 }, "geometry": { "type": "Point", "coordinates": [ 171.301285087543079, 7.137343622449126 ] } },
{ "type": "Feature", "properties": { "fid": 999, "surveyor": "NM", "date": "2024-08-03", "lulc": "rock", "notes": null, "class_id": 14 }, "geometry": { "type": "Point", "coordinates": [ 171.30153099498159, 7.136123780683311 ] } },
{ "type": "Feature", "properties": { "fid": 1001, "surveyor": "NM", "date": "2024-08-03", "lulc": "settlements", "notes": null, "class_id": 5 }, "geometry": { "type": "Point", "coordinates": [ 171.302861363221865, 7.135381881111377 ] } },
{ "type": "Feature", "properties": { "fid": 1002, "surveyor": "NM", "date": "2024-08-03", "lulc": "sand", "notes": null, "class_id": 10 }, "geometry": { "type": "Point", "coordinates": [ 171.302440611773477, 7.135245250105413 ] } },
{ "type": "Feature", "properties": { "fid": 1008, "surveyor": "NM", "date": "2024-08-03", "lulc": "rock", "notes": null, "class_id": 14 }, "geometry": { "type": "Point", "coordinates": [ 171.306064138183018, 7.134669280909891 ] } },
{ "type": "Feature", "properties": { "fid": 1010, "surveyor": "NM", "date": "2024-08-03", "lulc": "forest", "notes": null, "class_id": 1 }, "geometry": { "type": "Point", "coordinates": [ 171.310314494454587, 7.130547819372341 ] } },
{ "type": "Feature", "properties": { "fid": 1018, "surveyor": "NM", "date": "2024-08-03", "lulc": "grassland", "notes": null, "class_id": 3 }, "geometry": { "type": "Point", "coordinates": [ 171.312090077043223, 7.127757202408633 ] } },
{ "type": "Feature", "properties": { "fid": 1019, "surveyor": "NM", "date": "2024-08-03", "lulc": "settlements", "notes": "Fancy house", "class_id": 5 }, "geometry": { "type": "Point", "coordinates": [ 171.312561935042424, 7.127780821576242 ] } },
{ "type": "Feature", "properties": { "fid": 1029, "surveyor": "NM", "date": "2024-08-03", "lulc": "sand", "notes": "Fancy house", "class_id": 10 }, "geometry": { "type": "Point", "coordinates": [ 171.317379948003321, 7.123358581740094 ] } },
{ "type": "Feature", "properties": { "fid": 1032, "surveyor": "NM", "date": "2024-08-03", "lulc": "sand", "notes": "Fancy house", "class_id": 10 }, "geometry": { "type": "Point", "coordinates": [ 171.31776264716899, 7.122673700399245 ] } },
{ "type": "Feature", "properties": { "fid": 1046, "surveyor": "NM", "date": "2024-08-03", "lulc": "rock", "notes": null, "class_id": 14 }, "geometry": { "type": "Point", "coordinates": [ 171.319488774043037, 7.121298593144496 ] } },
{ "type": "Feature", "properties": { "fid": 1050, "surveyor": "NM", "date": "2024-08-03", "lulc": "rock", "notes": null, "class_id": 14 }, "geometry": { "type": "Point", "coordinates": [ 171.320099657705754, 7.121961238355353 ] } },
{ "type": "Feature", "properties": { "fid": 1051, "surveyor": "NM", "date": "2024-08-03", "lulc": "sand", "notes": null, "class_id": 10 }, "geometry": { "type": "Point", "coordinates": [ 171.320089449464575, 7.122126082369589 ] } },
{ "type": "Feature", "properties": { "fid": 1061, "surveyor": "NM", "date": "2024-08-03", "lulc": "rock", "notes": null, "class_id": 14 }, "geometry": { "type": "Point", "coordinates": [ 171.332422793451371, 7.120964191550057 ] } },
{ "type": "Feature", "properties": { "fid": 1062, "surveyor": "NM", "date": "2024-08-03", "lulc": "rock", "notes": null, "class_id": 14 }, "geometry": { "type": "Point", "coordinates": [ 171.332318739387745, 7.121202256366143 ] } },
{ "type": "Feature", "properties": { "fid": 1073, "surveyor": "NM", "date": "2024-08-03", "lulc": "forest", "notes": null, "class_id": 1 }, "geometry": { "type": "Point", "coordinates": [ 171.344592680840606, 7.123527095644257 ] } },
{ "type": "Feature", "properties": { "fid": 1075, "surveyor": "NM", "date": "2024-08-03", "lulc": "settlements", "notes": null, "class_id": 5 }, "geometry": { "type": "Point", "coordinates": [ 171.350110618018306, 7.123495708028048 ] } },
{ "type": "Feature", "properties": { "fid": 1081, "surveyor": "NM", "date": "2024-08-03", "lulc": "settlements", "notes": null, "class_id": 5 }, "geometry": { "type": "Point", "coordinates": [ 171.363137466297133, 7.121153206814034 ] } },
{ "type": "Feature", "properties": { "fid": 1083, "surveyor": "NM", "date": "2024-08-03", "lulc": "settlements", "notes": null, "class_id": 5 }, "geometry": { "type": "Point", "coordinates": [ 171.364068522826528, 7.119805092931837 ] } },
{ "type": "Feature", "properties": { "fid": 1085, "surveyor": "NM", "date": "2024-08-03", "lulc": "settlements", "notes": null, "class_id": 5 }, "geometry": { "type": "Point", "coordinates": [ 171.364790929017403, 7.119702797017318 ] } },
{ "type": "Feature", "properties": { "fid": 1086, "surveyor": "NM", "date": "2024-08-03", "lulc": "settlements", "notes": null, "class_id": 5 }, "geometry": { "type": "Point", "coordinates": [ 171.365049471802621, 7.119873575623819 ] } },
{ "type": "Feature", "properties": { "fid": 1089, "surveyor": "NM", "date": "2024-08-03", "lulc": "settlements", "notes": null, "class_id": 5 }, "geometry": { "type": "Point", "coordinates": [ 171.365547481660172, 7.119730537549463 ] } },
{ "type": "Feature", "properties": { "fid": 1092, "surveyor": "NM", "date": "2024-08-03", "lulc": "water", "notes": null, "class_id": 7 }, "geometry": { "type": "Point", "coordinates": [ 171.364008949667266, 7.111062152660796 ] } },
{ "type": "Feature", "properties": { "fid": 1096, "surveyor": "NM", "date": "2024-08-03", "lulc": "bareland", "notes": null, "class_id": 6 }, "geometry": { "type": "Point", "coordinates": [ 171.369049169083581, 7.109878793972676 ] } },
{ "type": "Feature", "properties": { "fid": 1103, "surveyor": "NM", "date": "2024-08-03", "lulc": "settlements", "notes": "Marshall Islands Resort", "class_id": 5 }, "geometry": { "type": "Point", "coordinates": [ 171.373263400000013, 7.0864162 ] } },
{ "type": "Feature", "properties": { "fid": 1105, "surveyor": "NM", "date": "2024-08-03", "lulc": "settlements", "notes": "Marshall Islands Resort", "class_id": 5 }, "geometry": { "type": "Point", "coordinates": [ 171.373550865075373, 7.086503717704026 ] } },
{ "type": "Feature", "properties": { "fid": 1106, "surveyor": "NM", "date": "2024-08-03", "lulc": "settlements", "notes": "Marshall Islands Resort", "class_id": 5 }, "geometry": { "type": "Point", "coordinates": [ 171.373644732494313, 7.086566025249636 ] } },
{ "type": "Feature", "properties": { "fid": 1107, "surveyor": "NM", "date": "2024-08-03", "lulc": "settlements", "notes": "Marshall Islands Resort", "class_id": 5 }, "geometry": { "type": "Point", "coordinates": [ 171.373634283064433, 7.086396022364595 ] } },
{ "type": "Feature", "properties": { "fid": 1109, "surveyor": "NM", "date": "2024-08-03", "lulc": "settlements", "notes": null, "class_id": 5 }, "geometry": { "type": "Point", "coordinates": [ 171.374564408652873, 7.086420815024428 ] } },
{ "type": "Feature", "properties": { "fid": 1112, "surveyor": "NM", "date": "2024-08-03", "lulc": "settlements", "notes": null, "class_id": 5 }, "geometry": { "type": "Point", "coordinates": [ 171.375598801917107, 7.086812814149595 ] } },
{ "type": "Feature", "properties": { "fid": 1113, "surveyor": "NM", "date": "2024-08-03", "lulc": "settlements", "notes": null, "class_id": 5 }, "geometry": { "type": "Point", "coordinates": [ 171.302861363221865, 7.135381881111377 ] } },
{ "type": "Feature", "properties": { "fid": 1119, "surveyor": "NM", "date": "2024-08-03", "lulc": "rock", "notes": null, "class_id": 14 }, "geometry": { "type": "Point", "coordinates": [ 171.305901134568444, 7.134677535955683 ] } },
{ "type": "Feature", "properties": { "fid": 1120, "surveyor": "NM", "date": "2024-08-03", "lulc": "rock", "notes": null, "class_id": 14 }, "geometry": { "type": "Point", "coordinates": [ 171.306064138183018, 7.134669280909891 ] } },
{ "type": "Feature", "properties": { "fid": 1123, "surveyor": "NM", "date": "2024-08-03", "lulc": "forest", "notes": null, "class_id": 1 }, "geometry": { "type": "Point", "coordinates": [ 171.311432865680189, 7.129533033449147 ] } },
{ "type": "Feature", "properties": { "fid": 1125, "surveyor": "NM", "date": "2024-08-03", "lulc": "grassland", "notes": null, "class_id": 3 }, "geometry": { "type": "Point", "coordinates": [ 171.311720265698568, 7.128414874709971 ] } },
{ "type": "Feature", "properties": { "fid": 1127, "surveyor": "NM", "date": "2024-08-03", "lulc": "grassland", "notes": null, "class_id": 3 }, "geometry": { "type": "Point", "coordinates": [ 171.311802961487103, 7.128187536528012 ] } },
{ "type": "Feature", "properties": { "fid": 1135, "surveyor": "NM", "date": "2024-08-03", "lulc": "forest", "notes": "Fancy house", "class_id": 1 }, "geometry": { "type": "Point", "coordinates": [ 171.314616153744623, 7.125589041362436 ] } },
{ "type": "Feature", "properties": { "fid": 1136, "surveyor": "NM", "date": "2024-08-03", "lulc": "forest", "notes": "Fancy house", "class_id": 1 }, "geometry": { "type": "Point", "coordinates": [ 171.314758287692456, 7.125781290007787 ] } },
{ "type": "Feature", "properties": { "fid": 1138, "surveyor": "NM", "date": "2024-08-03", "lulc": "rock", "notes": "Fancy house", "class_id": 14 }, "geometry": { "type": "Point", "coordinates": [ 171.315279917985265, 7.126244902782339 ] } },
{ "type": "Feature", "properties": { "fid": 1139, "surveyor": "NM", "date": "2024-08-03", "lulc": "rock", "notes": "Fancy house", "class_id": 14 }, "geometry": { "type": "Point", "coordinates": [ 171.315379094655782, 7.12663334191611 ] } },
{ "type": "Feature", "properties": { "fid": 1141, "surveyor": "NM", "date": "2024-08-03", "lulc": "sand", "notes": "Fancy house", "class_id": 10 }, "geometry": { "type": "Point", "coordinates": [ 171.317379948003321, 7.123358581740094 ] } },
{ "type": "Feature", "properties": { "fid": 1145, "surveyor": "NM", "date": "2024-08-03", "lulc": "forest", "notes": "Fancy house", "class_id": 1 }, "geometry": { "type": "Point", "coordinates": [ 171.318185004982269, 7.122725685399439 ] } },
{ "type": "Feature", "properties": { "fid": 1147, "surveyor": "NM", "date": "2024-08-03", "lulc": "forest", "notes": "Fancy house", "class_id": 1 }, "geometry": { "type": "Point", "coordinates": [ 171.31779806999748, 7.123238094858933 ] } },
{ "type": "Feature", "properties": { "fid": 1149, "surveyor": "NM", "date": "2024-08-03", "lulc": "forest", "notes": "Fancy house", "class_id": 1 }, "geometry": { "type": "Point", "coordinates": [ 171.317331450836662, 7.123873956431397 ] } },
{ "type": "Feature", "properties": { "fid": 1150, "surveyor": "NM", "date": "2024-08-03", "lulc": "forest", "notes": null, "class_id": 1 }, "geometry": { "type": "Point", "coordinates": [ 171.316929009597715, 7.124060872621341 ] } },
{ "type": "Feature", "properties": { "fid": 1155, "surveyor": "NM", "date": "2024-08-03", "lulc": "sand", "notes": null, "class_id": 10 }, "geometry": { "type": "Point", "coordinates": [ 171.319232579059332, 7.121588716116737 ] } },
{ "type": "Feature", "properties": { "fid": 1165, "surveyor": "NM", "date": "2024-08-03", "lulc": "sand", "notes": null, "class_id": 10 }, "geometry": { "type": "Point", "coordinates": [ 171.32227562415278, 7.121549632028811 ] } },
{ "type": "Feature", "properties": { "fid": 1170, "surveyor": "NM", "date": "2024-08-03", "lulc": "forest", "notes": null, "class_id": 1 }, "geometry": { "type": "Point", "coordinates": [ 171.330101935836694, 7.12125810159124 ] } },
{ "type": "Feature", "properties": { "fid": 1171, "surveyor": "NM", "date": "2024-08-03", "lulc": "forest", "notes": null, "class_id": 1 }, "geometry": { "type": "Point", "coordinates": [ 171.332260890012918, 7.120304094805102 ] } },
{ "type": "Feature", "properties": { "fid": 1183, "surveyor": "NM", "date": "2024-08-03", "lulc": "water", "notes": null, "class_id": 7 }, "geometry": { "type": "Point", "coordinates": [ 171.34285968936581, 7.117936929341786 ] } },
{ "type": "Feature", "properties": { "fid": 1185, "surveyor": "NM", "date": "2024-08-03", "lulc": "forest", "notes": null, "class_id": 1 }, "geometry": { "type": "Point", "coordinates": [ 171.344592680840606, 7.123527095644257 ] } },
{ "type": "Feature", "properties": { "fid": 1187, "surveyor": "NM", "date": "2024-08-03", "lulc": "settlements", "notes": null, "class_id": 5 }, "geometry": { "type": "Point", "coordinates": [ 171.350110618018306, 7.123495708028048 ] } },
{ "type": "Feature", "properties": { "fid": 1190, "surveyor": "NM", "date": "2024-08-03", "lulc": "mining", "notes": null, "class_id": -1 }, "geometry": { "type": "Point", "coordinates": [ 171.362889828455991, 7.120461783971718 ] } },
{ "type": "Feature", "properties": { "fid": 1193, "surveyor": "NM", "date": "2024-08-03", "lulc": "settlements", "notes": null, "class_id": 5 }, "geometry": { "type": "Point", "coordinates": [ 171.363137466297133, 7.121153206814034 ] } },
{ "type": "Feature", "properties": { "fid": 1196, "surveyor": "NM", "date": "2024-08-03", "lulc": "settlements", "notes": null, "class_id": 5 }, "geometry": { "type": "Point", "coordinates": [ 171.364395267215201, 7.119545925636803 ] } },
{ "type": "Feature", "properties": { "fid": 1199, "surveyor": "NM", "date": "2024-08-03", "lulc": "settlements", "notes": null, "class_id": 5 }, "geometry": { "type": "Point", "coordinates": [ 171.365131563251879, 7.119921520621239 ] } },
{ "type": "Feature", "properties": { "fid": 1200, "surveyor": "NM", "date": "2024-08-03", "lulc": "settlements", "notes": null, "class_id": 5 }, "geometry": { "type": "Point", "coordinates": [ 171.365442222622931, 7.120062702546331 ] } },
{ "type": "Feature", "properties": { "fid": 1202, "surveyor": "NM", "date": "2024-08-03", "lulc": "settlements", "notes": null, "class_id": 5 }, "geometry": { "type": "Point", "coordinates": [ 171.365663725354693, 7.119794928366242 ] } },
{ "type": "Feature", "properties": { "fid": 1203, "surveyor": "NM", "date": "2024-08-03", "lulc": "settlements", "notes": null, "class_id": 5 }, "geometry": { "type": "Point", "coordinates": [ 171.365896728573119, 7.119730428869103 ] } },
{ "type": "Feature", "properties": { "fid": 1205, "surveyor": "NM", "date": "2024-08-03", "lulc": "water", "notes": null, "class_id": 7 }, "geometry": { "type": "Point", "coordinates": [ 171.36097604923151, 7.112292824023671 ] } },
{ "type": "Feature", "properties": { "fid": 1207, "surveyor": "NM", "date": "2024-08-03", "lulc": "settlements", "notes": null, "class_id": 5 }, "geometry": { "type": "Point", "coordinates": [ 171.367807781934829, 7.112072273792697 ] } },
{ "type": "Feature", "properties": { "fid": 1208, "surveyor": "NM", "date": "2024-08-03", "lulc": "bareland", "notes": null, "class_id": 6 }, "geometry": { "type": "Point", "coordinates": [ 171.369049169083581, 7.109878793972676 ] } },
{ "type": "Feature", "properties": { "fid": 1210, "surveyor": "NM", "date": "2024-08-03", "lulc": "settlements", "notes": "Robert Reimers hotel", "class_id": 5 }, "geometry": { "type": "Point", "coordinates": [ 171.370938332631994, 7.10918284943383 ] } },
{ "type": "Feature", "properties": { "fid": 1211, "surveyor": "NM", "date": "2024-08-03", "lulc": "settlements", "notes": "Robert Reimers hotel wharf", "class_id": 5 }, "geometry": { "type": "Point", "coordinates": [ 171.37106073596982, 7.108121544067328 ] } },
{ "type": "Feature", "properties": { "fid": 1212, "surveyor": "NM", "date": "2024-08-03", "lulc": "rubble", "notes": null, "class_id": 15 }, "geometry": { "type": "Point", "coordinates": [ 171.371117161543168, 7.108215439891783 ] } },
{ "type": "Feature", "properties": { "fid": 1215, "surveyor": "NM", "date": "2024-08-03", "lulc": "settlements", "notes": "Marshall Islands Resort", "class_id": 5 }, "geometry": { "type": "Point", "coordinates": [ 171.373263400000013, 7.0864162 ] } },
{ "type": "Feature", "properties": { "fid": 1217, "surveyor": "NM", "date": "2024-08-03", "lulc": "settlements", "notes": "Marshall Islands Resort", "class_id": 5 }, "geometry": { "type": "Point", "coordinates": [ 171.373550865075373, 7.086503717704026 ] } },
{ "type": "Feature", "properties": { "fid": 1229, "surveyor": "NM", "date": "2024-08-04", "lulc": "settlements", "notes": null, "class_id": 5 }, "geometry": { "type": "Point", "coordinates": [ 171.372478004846357, 7.10737806439136 ] } },
{ "type": "Feature", "properties": { "fid": 1230, "surveyor": "NM", "date": "2024-08-04", "lulc": "settlements", "notes": null, "class_id": 5 }, "geometry": { "type": "Point", "coordinates": [ 171.372890143883893, 7.106274799891056 ] } },
{ "type": "Feature", "properties": { "fid": 1234, "surveyor": "NM", "date": "2024-08-04", "lulc": "settlements", "notes": null, "class_id": 5 }, "geometry": { "type": "Point", "coordinates": [ 171.372367044336272, 7.106008494666845 ] } },
{ "type": "Feature", "properties": { "fid": 1240, "surveyor": "NM", "date": "2024-08-04", "lulc": "settlements", "notes": null, "class_id": 5 }, "geometry": { "type": "Point", "coordinates": [ 171.373568588145531, 7.107168824572337 ] } },
{ "type": "Feature", "properties": { "fid": 1247, "surveyor": "NM", "date": "2024-08-04", "lulc": "bareland", "notes": null, "class_id": 6 }, "geometry": { "type": "Point", "coordinates": [ 171.369862765786252, 7.112330305521929 ] } },
{ "type": "Feature", "properties": { "fid": 1252, "surveyor": "NM", "date": "2024-08-04", "lulc": "settlements", "notes": null, "class_id": 5 }, "geometry": { "type": "Point", "coordinates": [ 171.372427994363335, 7.107856729539444 ] } },
{ "type": "Feature", "properties": { "fid": 1254, "surveyor": "NM", "date": "2024-08-04", "lulc": "settlements", "notes": null, "class_id": 5 }, "geometry": { "type": "Point", "coordinates": [ 171.374496240590901, 7.106939438639118 ] } },
{ "type": "Feature", "properties": { "fid": 1260, "surveyor": "NM", "date": "2024-08-04", "lulc": "grassland", "notes": null, "class_id": 3 }, "geometry": { "type": "Point", "coordinates": [ 171.373247851103997, 7.106378493680797 ] } },
{ "type": "Feature", "properties": { "fid": 1267, "surveyor": "NM", "date": "2024-08-04", "lulc": "settlements", "notes": null, "class_id": 5 }, "geometry": { "type": "Point", "coordinates": [ 171.373060164103947, 7.106998721570863 ] } },
{ "type": "Feature", "properties": { "fid": 1268, "surveyor": "NM", "date": "2024-08-04", "lulc": "forest", "notes": null, "class_id": 1 }, "geometry": { "type": "Point", "coordinates": [ 171.371801419246168, 7.10828149694404 ] } },
{ "type": "Feature", "properties": { "fid": 1270, "surveyor": "NM", "date": "2024-08-04", "lulc": "settlements", "notes": null, "class_id": 5 }, "geometry": { "type": "Point", "coordinates": [ 171.372025041419363, 7.108393444384674 ] } },
{ "type": "Feature", "properties": { "fid": 1274, "surveyor": "NM", "date": "2024-08-04", "lulc": "settlements", "notes": null, "class_id": 5 }, "geometry": { "type": "Point", "coordinates": [ 171.372129104150076, 7.108877095948369 ] } },
{ "type": "Feature", "properties": { "fid": 1280, "surveyor": "NM", "date": "2024-08-04", "lulc": "settlements", "notes": null, "class_id": 5 }, "geometry": { "type": "Point", "coordinates": [ 171.373503156697126, 7.107590525497226 ] } },
{ "type": "Feature", "properties": { "fid": 1283, "surveyor": "NM", "date": "2024-08-04", "lulc": "forest", "notes": null, "class_id": 1 }, "geometry": { "type": "Point", "coordinates": [ 171.373694740215427, 7.107300434587112 ] } },
{ "type": "Feature", "properties": { "fid": 1285, "surveyor": "NM", "date": "2024-08-04", "lulc": "grassland", "notes": null, "class_id": 3 }, "geometry": { "type": "Point", "coordinates": [ 171.373928663922527, 7.10632608729613 ] } },
{ "type": "Feature", "properties": { "fid": 1295, "surveyor": "NM", "date": "2024-08-04", "lulc": "settlements", "notes": null, "class_id": 5 }, "geometry": { "type": "Point", "coordinates": [ 171.375019053519935, 7.106106508172941 ] } },
{ "type": "Feature", "properties": { "fid": 1297, "surveyor": "NM", "date": "2024-08-04", "lulc": "settlements", "notes": null, "class_id": 5 }, "geometry": { "type": "Point", "coordinates": [ 171.374696235655563, 7.105942805152242 ] } },
{ "type": "Feature", "properties": { "fid": 1304, "surveyor": "NM", "date": "2024-08-04", "lulc": "settlements", "notes": null, "class_id": 5 }, "geometry": { "type": "Point", "coordinates": [ 171.377058726329352, 7.103203146089568 ] } },
{ "type": "Feature", "properties": { "fid": 1305, "surveyor": "NM", "date": "2024-08-04", "lulc": "forest", "notes": null, "class_id": 1 }, "geometry": { "type": "Point", "coordinates": [ 171.376889174706776, 7.102502250626585 ] } },
{ "type": "Feature", "properties": { "fid": 1311, "surveyor": "NM", "date": "2024-08-04", "lulc": "settlements", "notes": null, "class_id": 5 }, "geometry": { "type": "Point", "coordinates": [ 171.379337091012076, 7.098941155318508 ] } },
{ "type": "Feature", "properties": { "fid": 1312, "surveyor": "NM", "date": "2024-08-04", "lulc": "settlements", "notes": null, "class_id": 5 }, "geometry": { "type": "Point", "coordinates": [ 171.379851545680765, 7.097951664274413 ] } },
{ "type": "Feature", "properties": { "fid": 1314, "surveyor": "NM", "date": "2024-08-04", "lulc": "settlements", "notes": null, "class_id": 5 }, "geometry": { "type": "Point", "coordinates": [ 171.380077932492298, 7.096461594072698 ] } },
{ "type": "Feature", "properties": { "fid": 1315, "surveyor": "NM", "date": "2024-08-04", "lulc": "settlements", "notes": null, "class_id": 5 }, "geometry": { "type": "Point", "coordinates": [ 171.380097176421884, 7.095015337140092 ] } },
{ "type": "Feature", "properties": { "fid": 1325, "surveyor": "NM", "date": "2024-08-04", "lulc": "forest", "notes": null, "class_id": 1 }, "geometry": { "type": "Point", "coordinates": [ 171.356105712519849, 7.123895441085478 ] } },
{ "type": "Feature", "properties": { "fid": 1326, "surveyor": "NM", "date": "2024-08-04", "lulc": "settlements", "notes": null, "class_id": 5 }, "geometry": { "type": "Point", "coordinates": [ 171.35620095835597, 7.124932085108772 ] } },
{ "type": "Feature", "properties": { "fid": 1331, "surveyor": "NM", "date": "2024-08-04", "lulc": "grassland", "notes": null, "class_id": 3 }, "geometry": { "type": "Point", "coordinates": [ 171.379000603060689, 7.089003265682496 ] } },
{ "type": "Feature", "properties": { "fid": 1335, "surveyor": "NM", "date": "2024-08-04", "lulc": "grassland", "notes": null, "class_id": 3 }, "geometry": { "type": "Point", "coordinates": [ 171.379612085170265, 7.088878838107804 ] } },
{ "type": "Feature", "properties": { "fid": 1337, "surveyor": "NM", "date": "2024-08-04", "lulc": "settlements", "notes": null, "class_id": 5 }, "geometry": { "type": "Point", "coordinates": [ 171.378588301924509, 7.088074105982951 ] } },
{ "type": "Feature", "properties": { "fid": 1351, "surveyor": "NM", "date": "2024-08-04", "lulc": "settlements", "notes": null, "class_id": 5 }, "geometry": { "type": "Point", "coordinates": [ 171.373033584913031, 7.086818489841753 ] } },
{ "type": "Feature", "properties": { "fid": 1353, "surveyor": "NM", "date": "2024-08-04", "lulc": "seaweed", "notes": "Brown algae", "class_id": 13 }, "geometry": { "type": "Point", "coordinates": [ 171.373703833163518, 7.086835421518013 ] } },
{ "type": "Feature", "properties": { "fid": 1354, "surveyor": "NM", "date": "2024-08-04", "lulc": "seaweed", "notes": "Brown algae", "class_id": 13 }, "geometry": { "type": "Point", "coordinates": [ 171.373822208655042, 7.086860865395989 ] } },
{ "type": "Feature", "properties": { "fid": 1359, "surveyor": "NM", "date": "2024-08-04", "lulc": "settlements", "notes": null, "class_id": 5 }, "geometry": { "type": "Point", "coordinates": [ 171.380066428023412, 7.093341674806764 ] } },
{ "type": "Feature", "properties": { "fid": 1362, "surveyor": "NM", "date": "2024-08-04", "lulc": "settlements", "notes": null, "class_id": 5 }, "geometry": { "type": "Point", "coordinates": [ 171.380160200776118, 7.097418206625007 ] } },
{ "type": "Feature", "properties": { "fid": 1363, "surveyor": "NM", "date": "2024-08-04", "lulc": "settlements", "notes": null, "class_id": 5 }, "geometry": { "type": "Point", "coordinates": [ 171.378022777151671, 7.088067556629126 ] } },
{ "type": "Feature", "properties": { "fid": 1364, "surveyor": "NM", "date": "2024-08-04", "lulc": "settlements", "notes": null, "class_id": 5 }, "geometry": { "type": "Point", "coordinates": [ 171.377401607264289, 7.087804023424728 ] } },
{ "type": "Feature", "properties": { "fid": 1367, "surveyor": "NM", "date": "2024-08-04", "lulc": "settlements", "notes": null, "class_id": 5 }, "geometry": { "type": "Point", "coordinates": [ 171.372876351041697, 7.085666111895567 ] } },
{ "type": "Feature", "properties": { "fid": 1369, "surveyor": "NM", "date": "2024-08-04", "lulc": "settlements", "notes": null, "class_id": 5 }, "geometry": { "type": "Point", "coordinates": [ 171.371439609792077, 7.085573808749886 ] } },
{ "type": "Feature", "properties": { "fid": 1375, "surveyor": "NM", "date": "2024-08-04", "lulc": "settlements", "notes": null, "class_id": 5 }, "geometry": { "type": "Point", "coordinates": [ 171.36932534085085, 7.084495449828739 ] } },
{ "type": "Feature", "properties": { "fid": 1377, "surveyor": "NM", "date": "2024-08-04", "lulc": "settlements", "notes": null, "class_id": 5 }, "geometry": { "type": "Point", "coordinates": [ 171.282609264210834, 7.067542396758548 ] } },
{ "type": "Feature", "properties": { "fid": 1386, "surveyor": "NM", "date": "2024-08-04", "lulc": "settlements", "notes": null, "class_id": 5 }, "geometry": { "type": "Point", "coordinates": [ 171.271848290774614, 7.064789311229814 ] } },
{ "type": "Feature", "properties": { "fid": 1388, "surveyor": "NM", "date": "2024-08-04", "lulc": "settlements", "notes": null, "class_id": 5 }, "geometry": { "type": "Point", "coordinates": [ 171.269190964742535, 7.065675086573842 ] } },
{ "type": "Feature", "properties": { "fid": 1392, "surveyor": "NM", "date": "2024-08-04", "lulc": "settlements", "notes": null, "class_id": 5 }, "geometry": { "type": "Point", "coordinates": [ 171.26653407315041, 7.063663433430857 ] } },
{ "type": "Feature", "properties": { "fid": 1394, "surveyor": "NM", "date": "2024-08-04", "lulc": "settlements", "notes": null, "class_id": 5 }, "geometry": { "type": "Point", "coordinates": [ 171.338960685321638, 7.080376347527894 ] } },
{ "type": "Feature", "properties": { "fid": 1402, "surveyor": "NM", "date": "2024-08-04", "lulc": "settlements", "notes": null, "class_id": 5 }, "geometry": { "type": "Point", "coordinates": [ 171.317279662018706, 7.074048390101115 ] } },
{ "type": "Feature", "properties": { "fid": 1404, "surveyor": "NM", "date": "2024-08-04", "lulc": "settlements", "notes": null, "class_id": 5 }, "geometry": { "type": "Point", "coordinates": [ 171.307475802630762, 7.070934067437729 ] } },
{ "type": "Feature", "properties": { "fid": 1409, "surveyor": "NM", "date": "2024-08-04", "lulc": "settlements", "notes": null, "class_id": 5 }, "geometry": { "type": "Point", "coordinates": [ 171.282711617125869, 7.069050970765321 ] } },
{ "type": "Feature", "properties": { "fid": 1410, "surveyor": "NM", "date": "2024-08-04", "lulc": "settlements", "notes": null, "class_id": 5 }, "geometry": { "type": "Point", "coordinates": [ 171.282530243013781, 7.068792702179203 ] } },
{ "type": "Feature", "properties": { "fid": 1412, "surveyor": "NM", "date": "2024-08-04", "lulc": "settlements", "notes": null, "class_id": 5 }, "geometry": { "type": "Point", "coordinates": [ 171.282497502590303, 7.069039418037907 ] } },
{ "type": "Feature", "properties": { "fid": 1417, "surveyor": "NM", "date": "2024-08-04", "lulc": "settlements", "notes": null, "class_id": 5 }, "geometry": { "type": "Point", "coordinates": [ 171.053082912754832, 7.121316622717813 ] } },
{ "type": "Feature", "properties": { "fid": 1424, "surveyor": "NM", "date": "2024-08-04", "lulc": "settlements", "notes": null, "class_id": 5 }, "geometry": { "type": "Point", "coordinates": [ 171.037317137594897, 7.160983746927384 ] } },
{ "type": "Feature", "properties": { "fid": 1425, "surveyor": "NM", "date": "2024-08-04", "lulc": "settlements", "notes": null, "class_id": 5 }, "geometry": { "type": "Point", "coordinates": [ 171.034874174965523, 7.155282364745883 ] } },
{ "type": "Feature", "properties": { "fid": 1426, "surveyor": "NM", "date": "2024-08-04", "lulc": "settlements", "notes": null, "class_id": 5 }, "geometry": { "type": "Point", "coordinates": [ 171.032087932109619, 7.154275816279609 ] } },
{ "type": "Feature", "properties": { "fid": 1428, "surveyor": "NM", "date": "2024-08-04", "lulc": "settlements", "notes": null, "class_id": 5 }, "geometry": { "type": "Point", "coordinates": [ 171.029083561824251, 7.146047372335185 ] } },
{ "type": "Feature", "properties": { "fid": 1435, "surveyor": "NM", "date": "2024-08-04", "lulc": "grassland", "notes": null, "class_id": 3 }, "geometry": { "type": "Point", "coordinates": [ 171.344063210270065, 7.08105496381262 ] } },
{ "type": "Feature", "properties": { "fid": 1440, "surveyor": "NM", "date": "2024-08-04", "lulc": "settlements", "notes": null, "class_id": 5 }, "geometry": { "type": "Point", "coordinates": [ 171.355536703379727, 7.082769817909635 ] } },
{ "type": "Feature", "properties": { "fid": 1442, "surveyor": "NM", "date": "2024-08-04", "lulc": "forest", "notes": null, "class_id": 1 }, "geometry": { "type": "Point", "coordinates": [ 171.357398359684851, 7.083417070153541 ] } },
{ "type": "Feature", "properties": { "fid": 1443, "surveyor": "NM", "date": "2024-08-04", "lulc": "forest", "notes": null, "class_id": 1 }, "geometry": { "type": "Point", "coordinates": [ 171.358113629129349, 7.083488014342621 ] } },
{ "type": "Feature", "properties": { "fid": 1445, "surveyor": "NM", "date": "2024-08-04", "lulc": "forest", "notes": null, "class_id": 1 }, "geometry": { "type": "Point", "coordinates": [ 171.340938403073551, 7.080350964928898 ] } },
{ "type": "Feature", "properties": { "fid": 1448, "surveyor": "NM", "date": "2024-08-04", "lulc": "grassland", "notes": null, "class_id": 3 }, "geometry": { "type": "Point", "coordinates": [ 171.333341676922885, 7.078808324351701 ] } },
{ "type": "Feature", "properties": { "fid": 1449, "surveyor": "NM", "date": "2024-08-04", "lulc": "grassland", "notes": null, "class_id": 3 }, "geometry": { "type": "Point", "coordinates": [ 171.332482446777931, 7.078049691645937 ] } },
{ "type": "Feature", "properties": { "fid": 1453, "surveyor": "NM", "date": "2024-08-04", "lulc": "forest", "notes": null, "class_id": 1 }, "geometry": { "type": "Point", "coordinates": [ 171.3280224014743, 7.076561922649627 ] } },
{ "type": "Feature", "properties": { "fid": 1455, "surveyor": "NM", "date": "2024-08-04", "lulc": "grassland", "notes": null, "class_id": 3 }, "geometry": { "type": "Point", "coordinates": [ 171.321026807893048, 7.075912959520485 ] } },
{ "type": "Feature", "properties": { "fid": 1456, "surveyor": "NM", "date": "2024-08-04", "lulc": "settlements", "notes": null, "class_id": 5 }, "geometry": { "type": "Point", "coordinates": [ 171.319978145380674, 7.075523428795641 ] } },
{ "type": "Feature", "properties": { "fid": 1462, "surveyor": "NM", "date": "2024-08-04", "lulc": "grassland", "notes": null, "class_id": 3 }, "geometry": { "type": "Point", "coordinates": [ 171.310528558391923, 7.071303249899843 ] } },
{ "type": "Feature", "properties": { "fid": 1465, "surveyor": "NM", "date": "2024-08-04", "lulc": "forest", "notes": null, "class_id": 1 }, "geometry": { "type": "Point", "coordinates": [ 171.302426120458023, 7.069949439073574 ] } },
{ "type": "Feature", "properties": { "fid": 1467, "surveyor": "NM", "date": "2024-08-04", "lulc": "forest", "notes": null, "class_id": 1 }, "geometry": { "type": "Point", "coordinates": [ 171.297815814605997, 7.069318619830159 ] } },
{ "type": "Feature", "properties": { "fid": 1469, "surveyor": "NM", "date": "2024-08-04", "lulc": "water", "notes": null, "class_id": 7 }, "geometry": { "type": "Point", "coordinates": [ 171.293802038484557, 7.069141934984076 ] } },
{ "type": "Feature", "properties": { "fid": 1479, "surveyor": "NM", "date": "2024-08-04", "lulc": "grassland", "notes": null, "class_id": 3 }, "geometry": { "type": "Point", "coordinates": [ 171.283266211162186, 7.068352982543218 ] } },
{ "type": "Feature", "properties": { "fid": 1482, "surveyor": "NM", "date": "2024-08-04", "lulc": "grassland", "notes": null, "class_id": 3 }, "geometry": { "type": "Point", "coordinates": [ 171.27903407403906, 7.067322946691332 ] } },
{ "type": "Feature", "properties": { "fid": 1486, "surveyor": "NM", "date": "2024-08-04", "lulc": "grassland", "notes": null, "class_id": 3 }, "geometry": { "type": "Point", "coordinates": [ 171.26974009392859, 7.065319132606462 ] } },
{ "type": "Feature", "properties": { "fid": 1489, "surveyor": "NM", "date": "2024-08-04", "lulc": "settlements", "notes": null, "class_id": 5 }, "geometry": { "type": "Point", "coordinates": [ 171.266661797049295, 7.064179168922804 ] } },
{ "type": "Feature", "properties": { "fid": 1496, "surveyor": "NM", "date": "2024-08-04", "lulc": "forest", "notes": null, "class_id": 1 }, "geometry": { "type": "Point", "coordinates": [ 171.25722374221337, 7.061222213946658 ] } },
{ "type": "Feature", "properties": { "fid": 1500, "surveyor": "NM", "date": "2024-08-04", "lulc": "rock", "notes": null, "class_id": 14 }, "geometry": { "type": "Point", "coordinates": [ 171.249785499388906, 7.058288988655306 ] } },
{ "type": "Feature", "properties": { "fid": 1503, "surveyor": "NM", "date": "2024-08-04", "lulc": "mining", "notes": null, "class_id": -1 }, "geometry": { "type": "Point", "coordinates": [ 171.246365121722221, 7.056453645520572 ] } },
{ "type": "Feature", "properties": { "fid": 1506, "surveyor": "NM", "date": "2024-08-04", "lulc": "forest", "notes": null, "class_id": 1 }, "geometry": { "type": "Point", "coordinates": [ 171.241124411367991, 7.055139228403912 ] } },
{ "type": "Feature", "properties": { "fid": 1532, "surveyor": "NM", "date": "2024-08-04", "lulc": "grassland", "notes": null, "class_id": 3 }, "geometry": { "type": "Point", "coordinates": [ 171.203523033401581, 7.061795047008489 ] } },
{ "type": "Feature", "properties": { "fid": 1534, "surveyor": "NM", "date": "2024-08-04", "lulc": "grassland", "notes": null, "class_id": 3 }, "geometry": { "type": "Point", "coordinates": [ 171.197606117584996, 7.063748201123873 ] } },
{ "type": "Feature", "properties": { "fid": 1535, "surveyor": "NM", "date": "2024-08-04", "lulc": "forest", "notes": null, "class_id": 1 }, "geometry": { "type": "Point", "coordinates": [ 171.196641525532186, 7.064032307092454 ] } },
{ "type": "Feature", "properties": { "fid": 1536, "surveyor": "NM", "date": "2024-08-04", "lulc": "forest", "notes": null, "class_id": 1 }, "geometry": { "type": "Point", "coordinates": [ 171.194561134188746, 7.06464778845646 ] } },
{ "type": "Feature", "properties": { "fid": 1537, "surveyor": "NM", "date": "2024-08-04", "lulc": "grassland", "notes": null, "class_id": 3 }, "geometry": { "type": "Point", "coordinates": [ 171.192788169883869, 7.065009121851332 ] } },
{ "type": "Feature", "properties": { "fid": 1540, "surveyor": "NM", "date": "2024-08-04", "lulc": "forest", "notes": null, "class_id": 1 }, "geometry": { "type": "Point", "coordinates": [ 171.173324769109513, 7.074186762915271 ] } },
{ "type": "Feature", "properties": { "fid": 1543, "surveyor": "NM", "date": "2024-08-04", "lulc": "forest", "notes": null, "class_id": 1 }, "geometry": { "type": "Point", "coordinates": [ 171.181917319178012, 7.069861169828458 ] } },
{ "type": "Feature", "properties": { "fid": 1549, "surveyor": "NM", "date": "2024-08-04", "lulc": "settlements", "notes": null, "class_id": 5 }, "geometry": { "type": "Point", "coordinates": [ 171.165536728419141, 7.076706444472274 ] } },
{ "type": "Feature", "properties": { "fid": 1559, "surveyor": "NM", "date": "2024-08-04", "lulc": "grassland", "notes": null, "class_id": 3 }, "geometry": { "type": "Point", "coordinates": [ 171.148539650691163, 7.084431266715251 ] } },
{ "type": "Feature", "properties": { "fid": 1564, "surveyor": "NM", "date": "2024-08-04", "lulc": "forest", "notes": null, "class_id": 1 }, "geometry": { "type": "Point", "coordinates": [ 171.140188060619806, 7.087185578249546 ] } },
{ "type": "Feature", "properties": { "fid": 1569, "surveyor": "NM", "date": "2024-08-04", "lulc": "forest", "notes": null, "class_id": 1 }, "geometry": { "type": "Point", "coordinates": [ 171.133285336379686, 7.089282097453923 ] } },
{ "type": "Feature", "properties": { "fid": 1570, "surveyor": "NM", "date": "2024-08-04", "lulc": "forest", "notes": null, "class_id": 1 }, "geometry": { "type": "Point", "coordinates": [ 171.132296661051527, 7.089619902034374 ] } },
{ "type": "Feature", "properties": { "fid": 1578, "surveyor": "NM", "date": "2024-08-04", "lulc": "forest", "notes": null, "class_id": 1 }, "geometry": { "type": "Point", "coordinates": [ 171.116810790293101, 7.0941253130131 ] } },
{ "type": "Feature", "properties": { "fid": 1579, "surveyor": "NM", "date": "2024-08-04", "lulc": "forest", "notes": null, "class_id": 1 }, "geometry": { "type": "Point", "coordinates": [ 171.116451212837632, 7.09478137570154 ] } },
{ "type": "Feature", "properties": { "fid": 1584, "surveyor": "NM", "date": "2024-08-04", "lulc": "settlements", "notes": null, "class_id": 5 }, "geometry": { "type": "Point", "coordinates": [ 171.10795295867311, 7.098508220316667 ] } },
{ "type": "Feature", "properties": { "fid": 1585, "surveyor": "NM", "date": "2024-08-04", "lulc": "settlements", "notes": null, "class_id": 5 }, "geometry": { "type": "Point", "coordinates": [ 171.106676745607786, 7.099036449998333 ] } },
{ "type": "Feature", "properties": { "fid": 1587, "surveyor": "NM", "date": "2024-08-04", "lulc": "forest", "notes": null, "class_id": 1 }, "geometry": { "type": "Point", "coordinates": [ 171.103917471533805, 7.099566782102744 ] } },
{ "type": "Feature", "properties": { "fid": 1589, "surveyor": "NM", "date": "2024-08-04", "lulc": "shrubland", "notes": null, "class_id": 4 }, "geometry": { "type": "Point", "coordinates": [ 171.10248105798081, 7.099750550406482 ] } },
{ "type": "Feature", "properties": { "fid": 1599, "surveyor": "NM", "date": "2024-08-04", "lulc": "forest", "notes": null, "class_id": 1 }, "geometry": { "type": "Point", "coordinates": [ 171.09717362217998, 7.100403578494269 ] } },
{ "type": "Feature", "properties": { "fid": 1613, "surveyor": "NM", "date": "2024-08-04", "lulc": "forest", "notes": null, "class_id": 1 }, "geometry": { "type": "Point", "coordinates": [ 171.073050693232602, 7.110244912315045 ] } },
{ "type": "Feature", "properties": { "fid": 1614, "surveyor": "NM", "date": "2024-08-04", "lulc": "forest", "notes": null, "class_id": 1 }, "geometry": { "type": "Point", "coordinates": [ 171.072254395193596, 7.109939335291356 ] } },
{ "type": "Feature", "properties": { "fid": 1617, "surveyor": "NM", "date": "2024-08-04", "lulc": "forest", "notes": null, "class_id": 1 }, "geometry": { "type": "Point", "coordinates": [ 171.065353790497227, 7.113865167038034 ] } },
{ "type": "Feature", "properties": { "fid": 1621, "surveyor": "NM", "date": "2024-08-04", "lulc": "grassland", "notes": null, "class_id": 3 }, "geometry": { "type": "Point", "coordinates": [ 171.060893802439892, 7.115550147920458 ] } },
{ "type": "Feature", "properties": { "fid": 1624, "surveyor": "NM", "date": "2024-08-04", "lulc": "forest", "notes": null, "class_id": 1 }, "geometry": { "type": "Point", "coordinates": [ 171.05866597977834, 7.117817055190109 ] } },
{ "type": "Feature", "properties": { "fid": 1637, "surveyor": "NM", "date": "2024-08-04", "lulc": "grassland", "notes": null, "class_id": 3 }, "geometry": { "type": "Point", "coordinates": [ 171.03927168727904, 7.142397326603818 ] } },
{ "type": "Feature", "properties": { "fid": 1639, "surveyor": "NM", "date": "2024-08-04", "lulc": "settlements", "notes": null, "class_id": 5 }, "geometry": { "type": "Point", "coordinates": [ 171.037047810915226, 7.148281616329469 ] } },
{ "type": "Feature", "properties": { "fid": 1642, "surveyor": "NM", "date": "2024-08-04", "lulc": "bareland", "notes": null, "class_id": 6 }, "geometry": { "type": "Point", "coordinates": [ 171.037406044963916, 7.150676309371125 ] } },
{ "type": "Feature", "properties": { "fid": 1643, "surveyor": "NM", "date": "2024-08-04", "lulc": "forest", "notes": null, "class_id": 1 }, "geometry": { "type": "Point", "coordinates": [ 171.037134273747512, 7.150883516154906 ] } },
{ "type": "Feature", "properties": { "fid": 1646, "surveyor": "NM", "date": "2024-08-04", "lulc": "forest", "notes": null, "class_id": 1 }, "geometry": { "type": "Point", "coordinates": [ 171.037793175262522, 7.1597057561731 ] } },
{ "type": "Feature", "properties": { "fid": 1648, "surveyor": "NM", "date": "2024-08-04", "lulc": "forest", "notes": null, "class_id": 1 }, "geometry": { "type": "Point", "coordinates": [ 171.036508175859439, 7.160662895646166 ] } },
{ "type": "Feature", "properties": { "fid": 1649, "surveyor": "NM", "date": "2024-08-04", "lulc": "grassland", "notes": null, "class_id": 3 }, "geometry": { "type": "Point", "coordinates": [ 171.037374136249952, 7.161539421850965 ] } },
{ "type": "Feature", "properties": { "fid": 1650, "surveyor": "NM", "date": "2024-08-04", "lulc": "settlements", "notes": null, "class_id": 5 }, "geometry": { "type": "Point", "coordinates": [ 171.037412109974071, 7.162154596181729 ] } },
{ "type": "Feature", "properties": { "fid": 1655, "surveyor": "NM", "date": "2024-08-04", "lulc": "forest", "notes": null, "class_id": 1 }, "geometry": { "type": "Point", "coordinates": [ 171.038757044661423, 7.164486835781871 ] } },
{ "type": "Feature", "properties": { "fid": 1656, "surveyor": "NM", "date": "2024-08-04", "lulc": "sand", "notes": null, "class_id": 10 }, "geometry": { "type": "Point", "coordinates": [ 171.038261614725428, 7.164176970154441 ] } },
{ "type": "Feature", "properties": { "fid": 1660, "surveyor": "NM", "date": "2024-08-04", "lulc": "forest", "notes": null, "class_id": 1 }, "geometry": { "type": "Point", "coordinates": [ 171.038656414831081, 7.164481866990528 ] } },
{ "type": "Feature", "properties": { "fid": 1663, "surveyor": "NM", "date": "2024-08-04", "lulc": "sand", "notes": null, "class_id": 10 }, "geometry": { "type": "Point", "coordinates": [ 171.038579407101309, 7.164677348150833 ] } },
{ "type": "Feature", "properties": { "fid": 1668, "surveyor": "NM", "date": "2024-08-04", "lulc": "rock", "notes": null, "class_id": 14 }, "geometry": { "type": "Point", "coordinates": [ 171.039010282499135, 7.164661389995223 ] } },
{ "type": "Feature", "properties": { "fid": 1670, "surveyor": "NM", "date": "2024-08-04", "lulc": "sand", "notes": null, "class_id": 10 }, "geometry": { "type": "Point", "coordinates": [ 171.03942018741256, 7.164631646679516 ] } },
{ "type": "Feature", "properties": { "fid": 1671, "surveyor": "NM", "date": "2024-08-04", "lulc": "sand", "notes": null, "class_id": 10 }, "geometry": { "type": "Point", "coordinates": [ 171.039628819346774, 7.164492558723365 ] } },
{ "type": "Feature", "properties": { "fid": 1694, "surveyor": "NM", "date": "2024-08-04", "lulc": "seagrass", "notes": null, "class_id": 11 }, "geometry": { "type": "Point", "coordinates": [ 171.039494471530389, 7.162810884926676 ] } },
{ "type": "Feature", "properties": { "fid": 1700, "surveyor": "NM", "date": "2024-08-04", "lulc": "seagrass", "notes": null, "class_id": 11 }, "geometry": { "type": "Point", "coordinates": [ 171.039523617708198, 7.161941869727446 ] } },
{ "type": "Feature", "properties": { "fid": 1701, "surveyor": "NM", "date": "2024-08-04", "lulc": "seagrass", "notes": null, "class_id": 11 }, "geometry": { "type": "Point", "coordinates": [ 171.039754612738733, 7.161928120023248 ] } },
{ "type": "Feature", "properties": { "fid": 1706, "surveyor": "NM", "date": "2024-08-04", "lulc": "seagrass", "notes": null, "class_id": 11 }, "geometry": { "type": "Point", "coordinates": [ 171.039697241110531, 7.161544200475446 ] } },
{ "type": "Feature", "properties": { "fid": 1707, "surveyor": "NM", "date": "2024-08-04", "lulc": "seagrass", "notes": null, "class_id": 11 }, "geometry": { "type": "Point", "coordinates": [ 171.039422945229546, 7.16156771155096 ] } },
{ "type": "Feature", "properties": { "fid": 1716, "surveyor": "NM", "date": "2024-08-04", "lulc": "seagrass", "notes": null, "class_id": 11 }, "geometry": { "type": "Point", "coordinates": [ 171.040034509851012, 7.161022412588983 ] } },
{ "type": "Feature", "properties": { "fid": 1726, "surveyor": "NM", "date": "2024-08-04", "lulc": "seagrass", "notes": null, "class_id": 11 }, "geometry": { "type": "Point", "coordinates": [ 171.04078169228444, 7.160717695730633 ] } },
{ "type": "Feature", "properties": { "fid": 1728, "surveyor": "NM", "date": "2024-08-04", "lulc": "seagrass", "notes": null, "class_id": 11 }, "geometry": { "type": "Point", "coordinates": [ 171.041104778625794, 7.160143604366161 ] } },
{ "type": "Feature", "properties": { "fid": 1735, "surveyor": "NM", "date": "2024-08-04", "lulc": "seagrass", "notes": null, "class_id": 11 }, "geometry": { "type": "Point", "coordinates": [ 171.039769511467824, 7.160529099905482 ] } },
{ "type": "Feature", "properties": { "fid": 1738, "surveyor": "NM", "date": "2024-08-04", "lulc": "seagrass", "notes": null, "class_id": 11 }, "geometry": { "type": "Point", "coordinates": [ 171.040506981195222, 7.160495578554237 ] } },
{ "type": "Feature", "properties": { "fid": 1739, "surveyor": "NM", "date": "2024-08-04", "lulc": "seagrass", "notes": null, "class_id": 11 }, "geometry": { "type": "Point", "coordinates": [ 171.040680174843288, 7.16024975531177 ] } },
{ "type": "Feature", "properties": { "fid": 1746, "surveyor": "NM", "date": "2024-08-04", "lulc": "seagrass", "notes": null, "class_id": 11 }, "geometry": { "type": "Point", "coordinates": [ 171.039132605794123, 7.160037453420552 ] } },
{ "type": "Feature", "properties": { "fid": 1749, "surveyor": "NM", "date": "2024-08-04", "lulc": "seagrass", "notes": null, "class_id": 11 }, "geometry": { "type": "Point", "coordinates": [ 171.040032095385868, 7.160098909231166 ] } },
{ "type": "Feature", "properties": { "fid": 1752, "surveyor": "NM", "date": "2024-08-04", "lulc": "seagrass", "notes": null, "class_id": 11 }, "geometry": { "type": "Point", "coordinates": [ 171.040881302950766, 7.159948063150562 ] } },
{ "type": "Feature", "properties": { "fid": 1756, "surveyor": "NM", "date": "2024-08-04", "lulc": "water", "notes": null, "class_id": 7 }, "geometry": { "type": "Point", "coordinates": [ 171.045716585158203, 7.164055677168164 ] } },
{ "type": "Feature", "properties": { "fid": 1761, "surveyor": "NM", "date": "2024-08-04", "lulc": "water", "notes": null, "class_id": 7 }, "geometry": { "type": "Point", "coordinates": [ 171.024669331287072, 7.156585201257107 ] } },
{ "type": "Feature", "properties": { "fid": 1762, "surveyor": "NM", "date": "2024-08-04", "lulc": "water", "notes": null, "class_id": 7 }, "geometry": { "type": "Point", "coordinates": [ 171.023435078745223, 7.152882443631626 ] } },
{ "type": "Feature", "properties": { "fid": 1763, "surveyor": "NM", "date": "2024-08-04", "lulc": "water", "notes": null, "class_id": 7 }, "geometry": { "type": "Point", "coordinates": [ 171.045854366340762, 7.151660485992563 ] } },
{ "type": "Feature", "properties": { "fid": 1770, "surveyor": "NM", "date": "2024-08-04", "lulc": "water", "notes": null, "class_id": 7 }, "geometry": { "type": "Point", "coordinates": [ 171.032410150987772, 7.13601242442259 ] } },
{ "type": "Feature", "properties": { "fid": 1782, "surveyor": "NM", "date": "2024-08-04", "lulc": "sand", "notes": null, "class_id": 10 }, "geometry": { "type": "Point", "coordinates": [ 171.040205017116392, 7.162815701241364 ] } },
{ "type": "Feature", "properties": { "fid": 1784, "surveyor": "NM", "date": "2024-08-04", "lulc": "sand", "notes": null, "class_id": 10 }, "geometry": { "type": "Point", "coordinates": [ 171.040154096748381, 7.163703170512305 ] } },
{ "type": "Feature", "properties": { "fid": 1787, "surveyor": "NM", "date": "2024-08-04", "lulc": "sand", "notes": null, "class_id": 10 }, "geometry": { "type": "Point", "coordinates": [ 171.039819477187166, 7.164612462798106 ] } },
{ "type": "Feature", "properties": { "fid": 1788, "surveyor": "NM", "date": "2024-08-04", "lulc": "sand", "notes": null, "class_id": 10 }, "geometry": { "type": "Point", "coordinates": [ 171.039513954979185, 7.164779772578695 ] } },
{ "type": "Feature", "properties": { "fid": 1792, "surveyor": "NM", "date": "2024-08-04", "lulc": "sand", "notes": null, "class_id": 10 }, "geometry": { "type": "Point", "coordinates": [ 171.038799985642328, 7.163998830468906 ] } },
{ "type": "Feature", "properties": { "fid": 1794, "surveyor": "NM", "date": "2024-08-04", "lulc": "grassland", "notes": null, "class_id": 3 }, "geometry": { "type": "Point", "coordinates": [ 171.038959873999488, 7.164136692888234 ] } },
{ "type": "Feature", "properties": { "fid": 1795, "surveyor": "NM", "date": "2024-08-04", "lulc": "grassland", "notes": null, "class_id": 3 }, "geometry": { "type": "Point", "coordinates": [ 171.03900899275834, 7.164210718749354 ] } },
{ "type": "Feature", "properties": { "fid": 1800, "surveyor": "NM", "date": "2024-08-04", "lulc": "sand", "notes": null, "class_id": 10 }, "geometry": { "type": "Point", "coordinates": [ 171.038423318570352, 7.163754833361834 ] } },
{ "type": "Feature", "properties": { "fid": 1801, "surveyor": "NM", "date": "2024-08-04", "lulc": "sand", "notes": null, "class_id": 10 }, "geometry": { "type": "Point", "coordinates": [ 171.038460743363061, 7.163871425985213 ] } },
{ "type": "Feature", "properties": { "fid": 1803, "surveyor": "NM", "date": "2024-08-04", "lulc": "sand", "notes": null, "class_id": 10 }, "geometry": { "type": "Point", "coordinates": [ 171.038062025379418, 7.163880062475833 ] } },
{ "type": "Feature", "properties": { "fid": 1805, "surveyor": "NM", "date": "2024-08-04", "lulc": "forest", "notes": null, "class_id": 1 }, "geometry": { "type": "Point", "coordinates": [ 171.038459953173287, 7.164378953455256 ] } },
{ "type": "Feature", "properties": { "fid": 1806, "surveyor": "NM", "date": "2024-08-04", "lulc": "forest", "notes": null, "class_id": 1 }, "geometry": { "type": "Point", "coordinates": [ 171.03815418532082, 7.163625512361364 ] } },
{ "type": "Feature", "properties": { "fid": 1808, "surveyor": "NM", "date": "2024-08-04", "lulc": "forest", "notes": null, "class_id": 1 }, "geometry": { "type": "Point", "coordinates": [ 171.039036693143203, 7.163571578725342 ] } },
{ "type": "Feature", "properties": { "fid": 1809, "surveyor": "NM", "date": "2024-08-04", "lulc": "forest", "notes": null, "class_id": 1 }, "geometry": { "type": "Point", "coordinates": [ 171.039062523470648, 7.163878252197001 ] } },
{ "type": "Feature", "properties": { "fid": 1814, "surveyor": "NM", "date": "2024-08-04", "lulc": "settlements", "notes": null, "class_id": 5 }, "geometry": { "type": "Point", "coordinates": [ 171.036716297135627, 7.160112362672709 ] } },
{ "type": "Feature", "properties": { "fid": 1820, "surveyor": "NM", "date": "2024-08-04", "lulc": "grassland", "notes": null, "class_id": 3 }, "geometry": { "type": "Point", "coordinates": [ 171.035990100995207, 7.159232489589521 ] } },
{ "type": "Feature", "properties": { "fid": 1821, "surveyor": "NM", "date": "2024-08-04", "lulc": "forest", "notes": null, "class_id": 1 }, "geometry": { "type": "Point", "coordinates": [ 171.035866769992197, 7.158889097385099 ] } },
{ "type": "Feature", "properties": { "fid": 1828, "surveyor": "NM", "date": "2024-08-04", "lulc": "forest", "notes": null, "class_id": 1 }, "geometry": { "type": "Point", "coordinates": [ 171.032746381489488, 7.155169264885471 ] } },
{ "type": "Feature", "properties": { "fid": 1830, "surveyor": "NM", "date": "2024-08-04", "lulc": "forest", "notes": null, "class_id": 1 }, "geometry": { "type": "Point", "coordinates": [ 171.032218497624797, 7.154686972048528 ] } },
{ "type": "Feature", "properties": { "fid": 1839, "surveyor": "NM", "date": "2024-08-04", "lulc": "forest", "notes": null, "class_id": 1 }, "geometry": { "type": "Point", "coordinates": [ 171.031699935321882, 7.149297420023918 ] } },
{ "type": "Feature", "properties": { "fid": 1840, "surveyor": "NM", "date": "2024-08-04", "lulc": "forest", "notes": null, "class_id": 1 }, "geometry": { "type": "Point", "coordinates": [ 171.031198852647179, 7.148277775046289 ] } },
{ "type": "Feature", "properties": { "fid": 1841, "surveyor": "NM", "date": "2024-08-04", "lulc": "grassland", "notes": null, "class_id": 3 }, "geometry": { "type": "Point", "coordinates": [ 171.030647539847337, 7.147053927128658 ] } },
{ "type": "Feature", "properties": { "fid": 1845, "surveyor": "NM", "date": "2024-08-04", "lulc": "grassland", "notes": null, "class_id": 3 }, "geometry": { "type": "Point", "coordinates": [ 171.032812031846788, 7.144086202869993 ] } },
{ "type": "Feature", "properties": { "fid": 1849, "surveyor": "NM", "date": "2024-08-04", "lulc": "forest", "notes": null, "class_id": 1 }, "geometry": { "type": "Point", "coordinates": [ 171.034294144281262, 7.141778705404263 ] } },
{ "type": "Feature", "properties": { "fid": 1856, "surveyor": "NM", "date": "2024-08-04", "lulc": "grassland", "notes": null, "class_id": 3 }, "geometry": { "type": "Point", "coordinates": [ 171.038559378413197, 7.139329006895247 ] } },
{ "type": "Feature", "properties": { "fid": 1865, "surveyor": "NM", "date": "2024-08-04", "lulc": "forest", "notes": null, "class_id": 1 }, "geometry": { "type": "Point", "coordinates": [ 171.038806036420254, 7.137826183316841 ] } },
{ "type": "Feature", "properties": { "fid": 1866, "surveyor": "NM", "date": "2024-08-04", "lulc": "forest", "notes": null, "class_id": 1 }, "geometry": { "type": "Point", "coordinates": [ 171.038435604983619, 7.138011922916882 ] } },
{ "type": "Feature", "properties": { "fid": 1872, "surveyor": "NM", "date": "2024-08-04", "lulc": "settlements", "notes": null, "class_id": 5 }, "geometry": { "type": "Point", "coordinates": [ 171.043591094531422, 7.133373419476237 ] } },
{ "type": "Feature", "properties": { "fid": 1873, "surveyor": "NM", "date": "2024-08-04", "lulc": "grassland", "notes": null, "class_id": 3 }, "geometry": { "type": "Point", "coordinates": [ 171.044139885025771, 7.13342825736135 ] } },
{ "type": "Feature", "properties": { "fid": 1874, "surveyor": "NM", "date": "2024-08-04", "lulc": "grassland", "notes": null, "class_id": 3 }, "geometry": { "type": "Point", "coordinates": [ 171.044327359150913, 7.133504860472226 ] } },
{ "type": "Feature", "properties": { "fid": 1882, "surveyor": "NM", "date": "2024-08-04", "lulc": "grassland", "notes": null, "class_id": 3 }, "geometry": { "type": "Point", "coordinates": [ 171.0472612340007, 7.126989074090209 ] } },
{ "type": "Feature", "properties": { "fid": 1886, "surveyor": "NM", "date": "2024-08-04", "lulc": "settlements", "notes": null, "class_id": 5 }, "geometry": { "type": "Point", "coordinates": [ 171.047913147003555, 7.12663686499195 ] } },
{ "type": "Feature", "properties": { "fid": 1896, "surveyor": "NM", "date": "2024-08-04", "lulc": "forest", "notes": null, "class_id": 1 }, "geometry": { "type": "Point", "coordinates": [ 171.047933541763143, 7.127019347914408 ] } },
{ "type": "Feature", "properties": { "fid": 1898, "surveyor": "NM", "date": "2024-08-04", "lulc": "forest", "notes": null, "class_id": 1 }, "geometry": { "type": "Point", "coordinates": [ 171.177769796863458, 7.072506362317774 ] } },
{ "type": "Feature", "properties": { "fid": 1899, "surveyor": "NM", "date": "2024-08-04", "lulc": "forest", "notes": null, "class_id": 1 }, "geometry": { "type": "Point", "coordinates": [ 171.179760769171793, 7.071409418809878 ] } },
{ "type": "Feature", "properties": { "fid": 1901, "surveyor": "NM", "date": "2024-08-04", "lulc": "grassland", "notes": null, "class_id": 3 }, "geometry": { "type": "Point", "coordinates": [ 171.18902647902911, 7.066234907352097 ] } },
{ "type": "Feature", "properties": { "fid": 1902, "surveyor": "NM", "date": "2024-08-04", "lulc": "settlements", "notes": null, "class_id": 5 }, "geometry": { "type": "Point", "coordinates": [ 171.190581356202728, 7.065678224537732 ] } },
{ "type": "Feature", "properties": { "fid": 1904, "surveyor": "NM", "date": "2024-08-04", "lulc": "grassland", "notes": null, "class_id": 3 }, "geometry": { "type": "Point", "coordinates": [ 171.186010893924731, 7.067319130042128 ] } },
{ "type": "Feature", "properties": { "fid": 1910, "surveyor": "NM", "date": "2024-08-04", "lulc": "mining", "notes": null, "class_id": -1 }, "geometry": { "type": "Point", "coordinates": [ 171.245831930654077, 7.056484865054815 ] } },
{ "type": "Feature", "properties": { "fid": 1912, "surveyor": "NM", "date": "2024-08-04", "lulc": "mining", "notes": null, "class_id": -1 }, "geometry": { "type": "Point", "coordinates": [ 171.24622501166192, 7.056418562234211 ] } },
{ "type": "Feature", "properties": { "fid": 1914, "surveyor": "NM", "date": "2024-08-04", "lulc": "mining", "notes": null, "class_id": -1 }, "geometry": { "type": "Point", "coordinates": [ 171.246832933456034, 7.056751855427519 ] } },
{ "type": "Feature", "properties": { "fid": 1933, "surveyor": "NM", "date": "2024-08-04", "lulc": "forest", "notes": null, "class_id": 1 }, "geometry": { "type": "Point", "coordinates": [ 171.372411782878743, 7.086163550143257 ] } },
{ "type": "Feature", "properties": { "fid": 1941, "surveyor": "NM", "date": "2024-08-04", "lulc": "settlements", "notes": null, "class_id": 5 }, "geometry": { "type": "Point", "coordinates": [ 171.365554174029597, 7.084602495965801 ] } },
{ "type": "Feature", "properties": { "fid": 1943, "surveyor": "NM", "date": "2024-08-04", "lulc": "settlements", "notes": null, "class_id": 5 }, "geometry": { "type": "Point", "coordinates": [ 171.366763497517468, 7.084113229825913 ] } },
{ "type": "Feature", "properties": { "fid": 1947, "surveyor": "NM", "date": "2024-08-04", "lulc": "forest", "notes": null, "class_id": 1 }, "geometry": { "type": "Point", "coordinates": [ 171.341686359711105, 7.123590339797141 ] } },
{ "type": "Feature", "properties": { "fid": 1952, "surveyor": "NM", "date": "2024-08-04", "lulc": "settlements", "notes": null, "class_id": 5 }, "geometry": { "type": "Point", "coordinates": [ 171.376311601432747, 7.087126433578835 ] } },
{ "type": "Feature", "properties": { "fid": 1954, "surveyor": "NM", "date": "2024-08-04", "lulc": "settlements", "notes": null, "class_id": 5 }, "geometry": { "type": "Point", "coordinates": [ 171.377051830079353, 7.087525628313261 ] } },
{ "type": "Feature", "properties": { "fid": 1958, "surveyor": "NM", "date": "2024-08-04", "lulc": "water", "notes": null, "class_id": 7 }, "geometry": { "type": "Point", "coordinates": [ 171.277245869139477, 7.155409767943851 ] } },
{ "type": "Feature", "properties": { "fid": 1966, "surveyor": "NM", "date": "2024-08-04", "lulc": "water", "notes": null, "class_id": 7 }, "geometry": { "type": "Point", "coordinates": [ 171.29465713467178, 7.148708536627548 ] } },
{ "type": "Feature", "properties": { "fid": 1968, "surveyor": "NM", "date": "2024-08-04", "lulc": "water", "notes": null, "class_id": 7 }, "geometry": { "type": "Point", "coordinates": [ 171.293774507008635, 7.137489085474981 ] } },
{ "type": "Feature", "properties": { "fid": 1970, "surveyor": "NM", "date": "2024-08-04", "lulc": "water", "notes": null, "class_id": 7 }, "geometry": { "type": "Point", "coordinates": [ 171.29791051717612, 7.133510978028396 ] } },
{ "type": "Feature", "properties": { "fid": 1972, "surveyor": "NM", "date": "2024-08-04", "lulc": "water", "notes": null, "class_id": 7 }, "geometry": { "type": "Point", "coordinates": [ 171.371298448467996, 7.105001805396587 ] } },
{ "type": "Feature", "properties": { "fid": 1982, "surveyor": "NM", "date": "2024-08-04", "lulc": "water", "notes": null, "class_id": 7 }, "geometry": { "type": "Point", "coordinates": [ 171.377140300133249, 7.111281378101259 ] } },
{ "type": "Feature", "properties": { "fid": 1986, "surveyor": "NM", "date": "2024-08-04", "lulc": "water", "notes": null, "class_id": 7 }, "geometry": { "type": "Point", "coordinates": [ 171.375821219765101, 7.112488366733939 ] } },
{ "type": "Feature", "properties": { "fid": 1987, "surveyor": "NM", "date": "2024-08-04", "lulc": "water", "notes": null, "class_id": 7 }, "geometry": { "type": "Point", "coordinates": [ 171.369886811020621, 7.10730158885136 ] } },
{ "type": "Feature", "properties": { "fid": 1990, "surveyor": "NM", "date": "2024-08-04", "lulc": "water", "notes": null, "class_id": 7 }, "geometry": { "type": "Point", "coordinates": [ 171.365154104066846, 7.110673740211952 ] } },
{ "type": "Feature", "properties": { "fid": 1991, "surveyor": "NM", "date": "2024-08-04", "lulc": "settlements", "notes": null, "class_id": 5 }, "geometry": { "type": "Point", "coordinates": [ 171.368165582353868, 7.112355686811253 ] } },
{ "type": "Feature", "properties": { "fid": 1999, "surveyor": "NM", "date": "2024-08-04", "lulc": "settlements", "notes": null, "class_id": 5 }, "geometry": { "type": "Point", "coordinates": [ 171.365907290977617, 7.116345252923746 ] } },
{ "type": "Feature", "properties": { "fid": 2003, "surveyor": "NM", "date": "2024-08-04", "lulc": "settlements", "notes": null, "class_id": 5 }, "geometry": { "type": "Point", "coordinates": [ 171.371918543405599, 7.110194158179199 ] } },
{ "type": "Feature", "properties": { "fid": 2007, "surveyor": "NM", "date": "2024-08-04", "lulc": "settlements", "notes": null, "class_id": 5 }, "geometry": { "type": "Point", "coordinates": [ 171.374339313297781, 7.107341816676048 ] } },
{ "type": "Feature", "properties": { "fid": 2009, "surveyor": "NM", "date": "2024-08-04", "lulc": "settlements", "notes": null, "class_id": 5 }, "geometry": { "type": "Point", "coordinates": [ 171.374309080852299, 7.107031727038005 ] } },
{ "type": "Feature", "properties": { "fid": 2016, "surveyor": "NM", "date": "2024-08-04", "lulc": "sand", "notes": null, "class_id": 10 }, "geometry": { "type": "Point", "coordinates": [ 171.284715913063138, 7.147517169755217 ] } },
{ "type": "Feature", "properties": { "fid": 2018, "surveyor": "NM", "date": "2024-08-04", "lulc": "sand", "notes": null, "class_id": 10 }, "geometry": { "type": "Point", "coordinates": [ 171.284287867877026, 7.147646390943471 ] } },
{ "type": "Feature", "properties": { "fid": 2020, "surveyor": "NM", "date": "2024-08-04", "lulc": "sand", "notes": null, "class_id": 10 }, "geometry": { "type": "Point", "coordinates": [ 171.284190951985835, 7.14776753580746 ] } },
{ "type": "Feature", "properties": { "fid": 2022, "surveyor": "NM", "date": "2024-08-04", "lulc": "sand", "notes": null, "class_id": 10 }, "geometry": { "type": "Point", "coordinates": [ 171.284429203551667, 7.14791694780638 ] } },
{ "type": "Feature", "properties": { "fid": 2026, "surveyor": "NM", "date": "2024-08-04", "lulc": "sand", "notes": null, "class_id": 10 }, "geometry": { "type": "Point", "coordinates": [ 171.284845134251441, 7.147040666623528 ] } },
{ "type": "Feature", "properties": { "fid": 2028, "surveyor": "NM", "date": "2024-08-04", "lulc": "sand", "notes": null, "class_id": 10 }, "geometry": { "type": "Point", "coordinates": [ 171.28549931651699, 7.146467247600649 ] } },
{ "type": "Feature", "properties": { "fid": 2029, "surveyor": "NM", "date": "2024-08-04", "lulc": "sand", "notes": null, "class_id": 10 }, "geometry": { "type": "Point", "coordinates": [ 171.285806216839092, 7.146119965657214 ] } },
{ "type": "Feature", "properties": { "fid": 2034, "surveyor": "NM", "date": "2024-08-04", "lulc": "sand", "notes": null, "class_id": 10 }, "geometry": { "type": "Point", "coordinates": [ 171.284949786653669, 7.147205774974511 ] } },
{ "type": "Feature", "properties": { "fid": 2036, "surveyor": "NM", "date": "2024-08-04", "lulc": "water", "notes": null, "class_id": 7 }, "geometry": { "type": "Point", "coordinates": [ 171.284801310408454, 7.146141641747922 ] } }
]
}
