{
"type": "FeatureCollection",
"name": "ck_field_points_sample_v3",
"crs": { "type": "name", "properties": { "name": "urn:ogc:def:crs:OGC:1.3:CRS84" } },
"features": [
{ "type": "Feature", "properties": { "fid": 12.0, "id": null, "surveyor": "NM", "date": "2024-09-15", "lulc": "bareland", "notes": null, "uuid": "{0893403f-e446-471a-927a-6c23d35475a5}", "fid_1": null, "class_id": 6 }, "geometry": { "type": "Point", "coordinates": [ -159.817576224885443, -21.221156353015736 ] } },
{ "type": "Feature", "properties": { "fid": 12.0, "id": null, "surveyor": "NM", "date": "2024-09-15", "lulc": "bareland", "notes": null, "uuid": "{0893403f-e446-471a-927a-6c23d35475a5}", "fid_1": null, "class_id": 6 }, "geometry": { "type": "Point", "coordinates": [ -159.817576224885443, -21.221156353015736 ] } },
{ "type": "Feature", "properties": { "fid": null, "id": null, "surveyor": "Mh13", "date": "2024-09-18", "lulc": "bareland", "notes": null, "uuid": null, "fid_1": null, "class_id": 6 }, "geometry": { "type": "Point", "coordinates": [ -159.812082501376636, -21.204788785519078 ] } },
{ "type": "Feature", "properties": { "fid": 12.0, "id": null, "surveyor": "NM", "date": "2024-09-15", "lulc": "bareland", "notes": null, "uuid": "{0893403f-e446-471a-927a-6c23d35475a5}", "fid_1": null, "class_id": 6 }, "geometry": { "type": "Point", "coordinates": [ -159.817576224885443, -21.221156353015736 ] } },
{ "type": "Feature", "properties": { "fid": null, "id": null, "surveyor": "EV", "date": "2024-09-18", "lulc": "bareland", "notes": "Trees", "uuid": null, "fid_1": null, "class_id": 6 }, "geometry": { "type": "Point", "coordinates": [ -159.796279626802033, -21.262565175781592 ] } },
{ "type": "Feature", "properties": { "fid": null, "id": null, "surveyor": "EV", "date": "2024-09-18", "lulc": "bareland", "notes": "Rubbish dump", "uuid": null, "fid_1": null, "class_id": 6 }, "geometry": { "type": "Point", "coordinates": [ -159.793065886113453, -21.202298164524862 ] } },
{ "type": "Feature", "properties": { "fid": null, "id": null, "surveyor": "Mh13", "date": "2024-09-18", "lulc": "bareland", "notes": "Buggy track", "uuid": null, "fid_1": null, "class_id": 6 }, "geometry": { "type": "Point", "coordinates": [ -159.794207146449736, -21.259355881586963 ] } },
{ "type": "Feature", "properties": { "fid": 12.0, "id": null, "surveyor": "NM", "date": "2024-09-15", "lulc": "bareland", "notes": null, "uuid": "{0893403f-e446-471a-927a-6c23d35475a5}", "fid_1": null, "class_id": 6 }, "geometry": { "type": "Point", "coordinates": [ -159.817576224885443, -21.221156353015736 ] } },
{ "type": "Feature", "properties": { "fid": 12.0, "id": null, "surveyor": "NM", "date": "2024-09-15", "lulc": "bareland", "notes": null, "uuid": "{0893403f-e446-471a-927a-6c23d35475a5}", "fid_1": null, "class_id": 6 }, "geometry": { "type": "Point", "coordinates": [ -159.817576224885443, -21.221156353015736 ] } },
{ "type": "Feature", "properties": { "fid": null, "id": null, "surveyor": "Mh13", "date": "2024-09-18", "lulc": "bareland", "notes": null, "uuid": null, "fid_1": null, "class_id": 6 }, "geometry": { "type": "Point", "coordinates": [ -159.809937365430528, -21.201757645820585 ] } },
{ "type": "Feature", "properties": { "fid": null, "id": null, "surveyor": "Mh13", "date": "2024-09-18", "lulc": "coral", "notes": "Papua passage", "uuid": null, "fid_1": null, "class_id": 10 }, "geometry": { "type": "Point", "coordinates": [ -159.798703455664509, -21.26458872313588 ] } },
{ "type": "Feature", "properties": { "fid": null, "id": null, "surveyor": "Mh13", "date": "2024-09-18", "lulc": "coral", "notes": null, "uuid": null, "fid_1": null, "class_id": 10 }, "geometry": { "type": "Point", "coordinates": [ -159.825028273350483, -21.206791116615502 ] } },
{ "type": "Feature", "properties": { "fid": null, "id": null, "surveyor": "Cain", "date": "2024-09-18", "lulc": "coral", "notes": null, "uuid": null, "fid_1": null, "class_id": 10 }, "geometry": { "type": "Point", "coordinates": [ -159.778287452934762, -21.203441028027811 ] } },
{ "type": "Feature", "properties": { "fid": null, "id": null, "surveyor": "KDE PRIVATE SECTOR", "date": "2024-09-18", "lulc": "coral", "notes": null, "uuid": null, "fid_1": null, "class_id": 10 }, "geometry": { "type": "Point", "coordinates": [ -159.825419339148766, -21.206977167680666 ] } },
{ "type": "Feature", "properties": { "fid": null, "id": null, "surveyor": "PK", "date": "2024-09-18", "lulc": "coral", "notes": "Reef ", "uuid": null, "fid_1": null, "class_id": 10 }, "geometry": { "type": "Point", "coordinates": [ -159.779943363486524, -21.202839552135078 ] } },
{ "type": "Feature", "properties": { "fid": null, "id": null, "surveyor": "MW", "date": "2024-09-18", "lulc": "coral", "notes": null, "uuid": null, "fid_1": 181.0, "class_id": 10 }, "geometry": { "type": "Point", "coordinates": [ -159.796736530390376, -21.26317042479662 ] } },
{ "type": "Feature", "properties": { "fid": null, "id": null, "surveyor": "PK", "date": "2024-09-18", "lulc": "coral", "notes": null, "uuid": null, "fid_1": null, "class_id": 10 }, "geometry": { "type": "Point", "coordinates": [ -159.780062983258972, -21.203738794098278 ] } },
{ "type": "Feature", "properties": { "fid": null, "id": null, "surveyor": "Mh13", "date": "2024-09-18", "lulc": "coral", "notes": null, "uuid": null, "fid_1": null, "class_id": 10 }, "geometry": { "type": "Point", "coordinates": [ -159.806435211719531, -21.259828664640427 ] } },
{ "type": "Feature", "properties": { "fid": 7.0, "id": null, "surveyor": "NM", "date": "2024-09-16", "lulc": "coral", "notes": "Kammy's coral", "uuid": "{2ea4f47d-90ea-4e5c-855a-a8bde698f5bf}", "fid_1": null, "class_id": 10 }, "geometry": { "type": "Point", "coordinates": [ -159.757610518766967, -21.201839382072006 ] } },
{ "type": "Feature", "properties": { "fid": null, "id": null, "surveyor": "EV", "date": "2024-09-18", "lulc": "coral", "notes": null, "uuid": null, "fid_1": null, "class_id": 10 }, "geometry": { "type": "Point", "coordinates": [ -159.796150305002527, -21.263415413825946 ] } },
{ "type": "Feature", "properties": { "fid": null, "id": null, "surveyor": "EP", "date": "2024-09-18", "lulc": "coral", "notes": "Nikao Beach ", "uuid": null, "fid_1": null, "class_id": 10 }, "geometry": { "type": "Point", "coordinates": [ -159.823819666351568, -21.207222140560898 ] } },
{ "type": "Feature", "properties": { "fid": 7.0, "id": null, "surveyor": "NM", "date": "2024-09-16", "lulc": "coral", "notes": "Kammy's coral", "uuid": "{2ea4f47d-90ea-4e5c-855a-a8bde698f5bf}", "fid_1": null, "class_id": 10 }, "geometry": { "type": "Point", "coordinates": [ -159.757610518766967, -21.201839382072006 ] } },
{ "type": "Feature", "properties": { "fid": null, "id": null, "surveyor": "Mh13", "date": "2024-09-18", "lulc": "coral", "notes": null, "uuid": null, "fid_1": null, "class_id": 10 }, "geometry": { "type": "Point", "coordinates": [ -159.779750013665534, -21.203715435604352 ] } },
{ "type": "Feature", "properties": { "fid": null, "id": null, "surveyor": "Aporo", "date": "2024-09-18", "lulc": "coral", "notes": "Nikao social center", "uuid": null, "fid_1": null, "class_id": 10 }, "geometry": { "type": "Point", "coordinates": [ -159.823748395996319, -21.207209043941823 ] } },
{ "type": "Feature", "properties": { "fid": null, "id": null, "surveyor": "Mh13", "date": "2024-09-18", "lulc": "cropland", "notes": null, "uuid": null, "fid_1": null, "class_id": 2 }, "geometry": { "type": "Point", "coordinates": [ -159.73679202390133, -21.263738884791696 ] } },
{ "type": "Feature", "properties": { "fid": null, "id": null, "surveyor": "KDE PRIVATE SECTOR", "date": "2024-09-18", "lulc": "cropland", "notes": "TARO plantation", "uuid": null, "fid_1": null, "class_id": 2 }, "geometry": { "type": "Point", "coordinates": [ -159.73021791894854, -21.250749393974253 ] } },
{ "type": "Feature", "properties": { "fid": null, "id": null, "surveyor": "KDE PRIVATE SECTOR", "date": "2024-09-18", "lulc": "cropland", "notes": "Banana trees", "uuid": null, "fid_1": null, "class_id": 2 }, "geometry": { "type": "Point", "coordinates": [ -159.729519444279958, -21.254188848487555 ] } },
{ "type": "Feature", "properties": { "fid": null, "id": null, "surveyor": "Mh13", "date": "2024-09-18", "lulc": "cropland", "notes": null, "uuid": null, "fid_1": null, "class_id": 2 }, "geometry": { "type": "Point", "coordinates": [ -159.736269534309059, -21.264330089989766 ] } },
{ "type": "Feature", "properties": { "fid": null, "id": null, "surveyor": "Mh13", "date": "2024-09-18", "lulc": "cropland", "notes": "Orange", "uuid": null, "fid_1": null, "class_id": 2 }, "geometry": { "type": "Point", "coordinates": [ -159.766623030220444, -21.264849378582316 ] } },
{ "type": "Feature", "properties": { "fid": null, "id": null, "surveyor": "Aporo", "date": "2024-09-18", "lulc": "cropland", "notes": "Panama tqro patches", "uuid": null, "fid_1": null, "class_id": 2 }, "geometry": { "type": "Point", "coordinates": [ -159.79399732784708, -21.203366399559499 ] } },
{ "type": "Feature", "properties": { "fid": 3.0, "id": null, "surveyor": "NM", "date": "2024-09-16", "lulc": "cropland", "notes": "Kammy's capsicum patch", "uuid": "{771e5dd9-28ba-4f85-a8a1-fdbc62f995c2}", "fid_1": null, "class_id": 2 }, "geometry": { "type": "Point", "coordinates": [ -159.799158527338619, -21.256840291538861 ] } },
{ "type": "Feature", "properties": { "fid": null, "id": null, "surveyor": "Mh13", "date": "2024-09-18", "lulc": "cropland", "notes": null, "uuid": null, "fid_1": null, "class_id": 2 }, "geometry": { "type": "Point", "coordinates": [ -159.806383696585698, -21.257461110524424 ] } },
{ "type": "Feature", "properties": { "fid": 3.0, "id": null, "surveyor": "NM", "date": "2024-09-16", "lulc": "cropland", "notes": "Kammy's capsicum patch", "uuid": "{771e5dd9-28ba-4f85-a8a1-fdbc62f995c2}", "fid_1": null, "class_id": 2 }, "geometry": { "type": "Point", "coordinates": [ -159.799158527338619, -21.256840291538861 ] } },
{ "type": "Feature", "properties": { "fid": null, "id": null, "surveyor": "MW", "date": "2024-09-18", "lulc": "cropland", "notes": null, "uuid": null, "fid_1": 115.0, "class_id": 2 }, "geometry": { "type": "Point", "coordinates": [ -159.798532261180952, -21.203772943271133 ] } },
{ "type": "Feature", "properties": { "fid": 3.0, "id": null, "surveyor": "NM", "date": "2024-09-16", "lulc": "cropland", "notes": "Kammy's capsicum patch", "uuid": "{771e5dd9-28ba-4f85-a8a1-fdbc62f995c2}", "fid_1": null, "class_id": 2 }, "geometry": { "type": "Point", "coordinates": [ -159.799158527338619, -21.256840291538861 ] } },
{ "type": "Feature", "properties": { "fid": null, "id": null, "surveyor": "Bouchard ", "date": "2024-09-18", "lulc": "cropland", "notes": null, "uuid": null, "fid_1": null, "class_id": 2 }, "geometry": { "type": "Point", "coordinates": [ -159.788895960354211, -21.20433136901708 ] } },
{ "type": "Feature", "properties": { "fid": 3.0, "id": null, "surveyor": "NM", "date": "2024-09-16", "lulc": "cropland", "notes": "Kammy's capsicum patch", "uuid": "{771e5dd9-28ba-4f85-a8a1-fdbc62f995c2}", "fid_1": null, "class_id": 2 }, "geometry": { "type": "Point", "coordinates": [ -159.799158527338619, -21.256840291538861 ] } },
{ "type": "Feature", "properties": { "fid": 3.0, "id": null, "surveyor": "NM", "date": "2024-09-16", "lulc": "cropland", "notes": "Kammy's capsicum patch", "uuid": "{771e5dd9-28ba-4f85-a8a1-fdbc62f995c2}", "fid_1": null, "class_id": 2 }, "geometry": { "type": "Point", "coordinates": [ -159.799158527338619, -21.256840291538861 ] } },
{ "type": "Feature", "properties": { "fid": null, "id": null, "surveyor": "PK", "date": "2024-09-18", "lulc": "cropland", "notes": null, "uuid": null, "fid_1": null, "class_id": 2 }, "geometry": { "type": "Point", "coordinates": [ -159.777919740662526, -21.264870753458386 ] } },
{ "type": "Feature", "properties": { "fid": null, "id": null, "surveyor": "MW", "date": "2024-09-18", "lulc": "cropland", "notes": null, "uuid": null, "fid_1": 106.0, "class_id": 2 }, "geometry": { "type": "Point", "coordinates": [ -159.814317651973369, -21.206887554246357 ] } },
{ "type": "Feature", "properties": { "fid": null, "id": null, "surveyor": "Mh13", "date": "2024-09-18", "lulc": "cropland", "notes": null, "uuid": null, "fid_1": null, "class_id": 2 }, "geometry": { "type": "Point", "coordinates": [ -159.827295023880822, -21.216984202530739 ] } },
{ "type": "Feature", "properties": { "fid": null, "id": null, "surveyor": "Mh13", "date": "2024-09-18", "lulc": "cropland", "notes": null, "uuid": null, "fid_1": null, "class_id": 2 }, "geometry": { "type": "Point", "coordinates": [ -159.793069883866792, -21.259095690202219 ] } },
{ "type": "Feature", "properties": { "fid": null, "id": null, "surveyor": "Bouchard ", "date": "2024-09-18", "lulc": "cropland", "notes": null, "uuid": null, "fid_1": null, "class_id": 2 }, "geometry": { "type": "Point", "coordinates": [ -159.789536456891199, -21.204026001558407 ] } },
{ "type": "Feature", "properties": { "fid": null, "id": null, "surveyor": "KDE", "date": "2024-09-18", "lulc": "cropland", "notes": null, "uuid": null, "fid_1": null, "class_id": 2 }, "geometry": { "type": "Point", "coordinates": [ -159.811113615843595, -21.205418902717756 ] } },
{ "type": "Feature", "properties": { "fid": null, "id": null, "surveyor": "PK", "date": "2024-09-18", "lulc": "cropland", "notes": "Taro plot", "uuid": null, "fid_1": null, "class_id": 2 }, "geometry": { "type": "Point", "coordinates": [ -159.792034252001741, -21.202988046611992 ] } },
{ "type": "Feature", "properties": { "fid": null, "id": null, "surveyor": "PK", "date": "2024-09-18", "lulc": "cropland", "notes": "Orange plot", "uuid": null, "fid_1": null, "class_id": 2 }, "geometry": { "type": "Point", "coordinates": [ -159.792717607898112, -21.214855001574342 ] } },
{ "type": "Feature", "properties": { "fid": null, "id": null, "surveyor": "GW", "date": "2024-09-19", "lulc": "forest", "notes": null, "uuid": null, "fid_1": 234.0, "class_id": 1 }, "geometry": { "type": "Point", "coordinates": [ -159.749099116094868, -21.235876851928158 ] } },
{ "type": "Feature", "properties": { "fid": null, "id": null, "surveyor": "MW", "date": "2024-09-18", "lulc": "forest", "notes": null, "uuid": null, "fid_1": 203.0, "class_id": 1 }, "geometry": { "type": "Point", "coordinates": [ -159.803200378211756, -21.258769894972581 ] } },
{ "type": "Feature", "properties": { "fid": null, "id": null, "surveyor": "Aporo", "date": "2024-09-18", "lulc": "forest", "notes": "Motu Ta'akoka", "uuid": null, "fid_1": null, "class_id": 1 }, "geometry": { "type": "Point", "coordinates": [ -159.726541372242622, -21.257464344615464 ] } },
{ "type": "Feature", "properties": { "fid": null, "id": null, "surveyor": "MW", "date": "2024-09-18", "lulc": "forest", "notes": null, "uuid": null, "fid_1": 88.0, "class_id": 1 }, "geometry": { "type": "Point", "coordinates": [ -159.824772956917371, -21.210909082250765 ] } },
{ "type": "Feature", "properties": { "fid": null, "id": null, "surveyor": "MW", "date": "2024-09-18", "lulc": "forest", "notes": null, "uuid": null, "fid_1": 215.0, "class_id": 1 }, "geometry": { "type": "Point", "coordinates": [ -159.815966293171385, -21.255702198903684 ] } },
{ "type": "Feature", "properties": { "fid": null, "id": null, "surveyor": "MW", "date": "2024-09-18", "lulc": "forest", "notes": null, "uuid": null, "fid_1": 169.0, "class_id": 1 }, "geometry": { "type": "Point", "coordinates": [ -159.750457498377699, -21.271731549506221 ] } },
{ "type": "Feature", "properties": { "fid": 1.0, "id": null, "surveyor": "NM", "date": "2024-09-16", "lulc": "forest", "notes": "Waqa's yaqona patch", "uuid": "{705fd7d4-a038-463b-83dc-295e1858c51b}", "fid_1": null, "class_id": 1 }, "geometry": { "type": "Point", "coordinates": [ -159.785502506308006, -21.228479881547692 ] } },
{ "type": "Feature", "properties": { "fid": null, "id": null, "surveyor": "MW", "date": "2024-09-18", "lulc": "forest", "notes": null, "uuid": null, "fid_1": 132.0, "class_id": 1 }, "geometry": { "type": "Point", "coordinates": [ -159.792228637299274, -21.213499401061775 ] } },
{ "type": "Feature", "properties": { "fid": null, "id": null, "surveyor": "KDE", "date": "2024-09-18", "lulc": "forest", "notes": null, "uuid": null, "fid_1": null, "class_id": 1 }, "geometry": { "type": "Point", "coordinates": [ -159.823969657557086, -21.208638987004218 ] } },
{ "type": "Feature", "properties": { "fid": null, "id": null, "surveyor": "MW", "date": "2024-09-18", "lulc": "forest", "notes": null, "uuid": null, "fid_1": 130.0, "class_id": 1 }, "geometry": { "type": "Point", "coordinates": [ -159.793808677529825, -21.21701689524518 ] } },
{ "type": "Feature", "properties": { "fid": null, "id": null, "surveyor": "MW", "date": "2024-09-18", "lulc": "forest", "notes": null, "uuid": null, "fid_1": 112.0, "class_id": 1 }, "geometry": { "type": "Point", "coordinates": [ -159.803637339860302, -21.203655575118358 ] } },
{ "type": "Feature", "properties": { "fid": 15.0, "id": null, "surveyor": "NM", "date": "2024-09-15", "lulc": "forest", "notes": "", "uuid": null, "fid_1": null, "class_id": 1 }, "geometry": { "type": "Point", "coordinates": [ -159.791466646956707, -21.22237144445641 ] } },
{ "type": "Feature", "properties": { "fid": null, "id": null, "surveyor": "KDE", "date": "2024-09-18", "lulc": "forest", "notes": null, "uuid": null, "fid_1": null, "class_id": 1 }, "geometry": { "type": "Point", "coordinates": [ -159.726501035571118, -21.257466323994876 ] } },
{ "type": "Feature", "properties": { "fid": null, "id": null, "surveyor": "MW", "date": "2024-09-18", "lulc": "forest", "notes": null, "uuid": null, "fid_1": 168.0, "class_id": 1 }, "geometry": { "type": "Point", "coordinates": [ -159.750339867468909, -21.271746444494529 ] } },
{ "type": "Feature", "properties": { "fid": 14.0, "id": null, "surveyor": "NM", "date": "2024-09-15", "lulc": "forest", "notes": null, "uuid": "{0bc98d5d-c3bb-433a-82b7-9eee046cd8db}", "fid_1": null, "class_id": 1 }, "geometry": { "type": "Point", "coordinates": [ -159.759999214158483, -21.243231961943216 ] } },
{ "type": "Feature", "properties": { "fid": null, "id": null, "surveyor": "EP", "date": "2024-09-18", "lulc": "forest", "notes": "Motutapu", "uuid": null, "fid_1": null, "class_id": 1 }, "geometry": { "type": "Point", "coordinates": [ -159.725014404984364, -21.247562732493293 ] } },
{ "type": "Feature", "properties": { "fid": null, "id": null, "surveyor": "MW", "date": "2024-09-18", "lulc": "forest", "notes": null, "uuid": null, "fid_1": 198.0, "class_id": 1 }, "geometry": { "type": "Point", "coordinates": [ -159.79564693959486, -21.262837265270825 ] } },
{ "type": "Feature", "properties": { "fid": 14.0, "id": null, "surveyor": "NM", "date": "2024-09-15", "lulc": "forest", "notes": null, "uuid": "{0bc98d5d-c3bb-433a-82b7-9eee046cd8db}", "fid_1": null, "class_id": 1 }, "geometry": { "type": "Point", "coordinates": [ -159.759999214158483, -21.243231961943216 ] } },
{ "type": "Feature", "properties": { "fid": null, "id": null, "surveyor": "KDE", "date": "2024-09-18", "lulc": "forest", "notes": null, "uuid": null, "fid_1": null, "class_id": 1 }, "geometry": { "type": "Point", "coordinates": [ -159.819664777630123, -21.238576148371518 ] } },
{ "type": "Feature", "properties": { "fid": null, "id": null, "surveyor": "MW", "date": "2024-09-18", "lulc": "forest", "notes": null, "uuid": null, "fid_1": 153.0, "class_id": 1 }, "geometry": { "type": "Point", "coordinates": [ -159.73012210910548, -21.251147957919585 ] } },
{ "type": "Feature", "properties": { "fid": null, "id": null, "surveyor": "EP", "date": "2024-09-18", "lulc": "forest", "notes": "Taakoka", "uuid": null, "fid_1": null, "class_id": 1 }, "geometry": { "type": "Point", "coordinates": [ -159.730902590008185, -21.263348826489644 ] } },
{ "type": "Feature", "properties": { "fid": null, "id": null, "surveyor": "EV", "date": "2024-09-18", "lulc": "forest", "notes": null, "uuid": null, "fid_1": null, "class_id": 1 }, "geometry": { "type": "Point", "coordinates": [ -159.794743718287663, -21.260273350467816 ] } },
{ "type": "Feature", "properties": { "fid": 1.0, "id": null, "surveyor": "NM", "date": "2024-09-16", "lulc": "forest", "notes": "Waqa's yaqona patch", "uuid": "{705fd7d4-a038-463b-83dc-295e1858c51b}", "fid_1": null, "class_id": 1 }, "geometry": { "type": "Point", "coordinates": [ -159.785502506308006, -21.228479881547692 ] } },
{ "type": "Feature", "properties": { "fid": null, "id": null, "surveyor": "KDE PRIVATE SECTOR", "date": "2024-09-18", "lulc": "forest", "notes": null, "uuid": null, "fid_1": null, "class_id": 1 }, "geometry": { "type": "Point", "coordinates": [ -159.79185904985701, -21.214091660646833 ] } },
{ "type": "Feature", "properties": { "fid": null, "id": null, "surveyor": "Mh13", "date": "2024-09-18", "lulc": "forest", "notes": null, "uuid": null, "fid_1": null, "class_id": 1 }, "geometry": { "type": "Point", "coordinates": [ -159.792924672021428, -21.220733367983929 ] } },
{ "type": "Feature", "properties": { "fid": null, "id": null, "surveyor": "Mh13", "date": "2024-09-18", "lulc": "forest", "notes": null, "uuid": null, "fid_1": null, "class_id": 1 }, "geometry": { "type": "Point", "coordinates": [ -159.801802763924911, -21.250124427241715 ] } },
{ "type": "Feature", "properties": { "fid": null, "id": null, "surveyor": "Mh13", "date": "2024-09-18", "lulc": "forest", "notes": null, "uuid": null, "fid_1": null, "class_id": 1 }, "geometry": { "type": "Point", "coordinates": [ -159.780932758737123, -21.212048151307261 ] } },
{ "type": "Feature", "properties": { "fid": null, "id": null, "surveyor": "Mh13", "date": "2024-09-18", "lulc": "forest", "notes": null, "uuid": null, "fid_1": null, "class_id": 1 }, "geometry": { "type": "Point", "coordinates": [ -159.781459979598736, -21.212547105500835 ] } },
{ "type": "Feature", "properties": { "fid": null, "id": null, "surveyor": "Bouchard ", "date": "2024-09-18", "lulc": "forest", "notes": null, "uuid": null, "fid_1": null, "class_id": 1 }, "geometry": { "type": "Point", "coordinates": [ -159.780288599384704, -21.204709852643319 ] } },
{ "type": "Feature", "properties": { "fid": null, "id": null, "surveyor": "Aporo", "date": "2024-09-18", "lulc": "forest", "notes": "Motutapu", "uuid": null, "fid_1": null, "class_id": 1 }, "geometry": { "type": "Point", "coordinates": [ -159.725556766167244, -21.24767503407304 ] } },
{ "type": "Feature", "properties": { "fid": null, "id": null, "surveyor": "MW", "date": "2024-09-15", "lulc": "forest", "notes": null, "uuid": null, "fid_1": 34.0, "class_id": 1 }, "geometry": { "type": "Point", "coordinates": [ -159.800949741977632, -21.199226799322712 ] } },
{ "type": "Feature", "properties": { "fid": null, "id": null, "surveyor": "NM", "date": "2024-09-15", "lulc": "forest", "notes": null, "uuid": "{0bc98d5d-c3bb-433a-82b7-9eee046cd8db}", "fid_1": 14.0, "class_id": 1 }, "geometry": { "type": "Point", "coordinates": [ -159.759999214158483, -21.243231961943216 ] } },
{ "type": "Feature", "properties": { "fid": 1.0, "id": null, "surveyor": "NM", "date": "2024-09-16", "lulc": "forest", "notes": "Waqa's yaqona patch", "uuid": "{705fd7d4-a038-463b-83dc-295e1858c51b}", "fid_1": null, "class_id": 1 }, "geometry": { "type": "Point", "coordinates": [ -159.785502506308006, -21.228479881547692 ] } },
{ "type": "Feature", "properties": { "fid": null, "id": null, "surveyor": "Bouchard ", "date": "2024-09-18", "lulc": "forest", "notes": null, "uuid": null, "fid_1": null, "class_id": 1 }, "geometry": { "type": "Point", "coordinates": [ -159.779722885886798, -21.204548965190604 ] } },
{ "type": "Feature", "properties": { "fid": 15.0, "id": null, "surveyor": "NM", "date": "2024-09-15", "lulc": "forest", "notes": "", "uuid": null, "fid_1": null, "class_id": 1 }, "geometry": { "type": "Point", "coordinates": [ -159.791466646956707, -21.22237144445641 ] } },
{ "type": "Feature", "properties": { "fid": null, "id": null, "surveyor": "Mh13", "date": "2024-09-18", "lulc": "forest", "notes": null, "uuid": null, "fid_1": null, "class_id": 1 }, "geometry": { "type": "Point", "coordinates": [ -159.778484826600135, -21.241342643107185 ] } },
{ "type": "Feature", "properties": { "fid": null, "id": null, "surveyor": "Bouchard ", "date": "2024-09-18", "lulc": "forest", "notes": null, "uuid": null, "fid_1": null, "class_id": 1 }, "geometry": { "type": "Point", "coordinates": [ -159.780503040806735, -21.204395008204742 ] } },
{ "type": "Feature", "properties": { "fid": null, "id": null, "surveyor": "Mh13", "date": "2024-09-18", "lulc": "forest", "notes": null, "uuid": null, "fid_1": null, "class_id": 1 }, "geometry": { "type": "Point", "coordinates": [ -159.790603937106994, -21.252602583565704 ] } },
{ "type": "Feature", "properties": { "fid": null, "id": null, "surveyor": "Mike ", "date": "2024-09-18", "lulc": "forest", "notes": "Motu Oneroa ", "uuid": null, "fid_1": null, "class_id": 1 }, "geometry": { "type": "Point", "coordinates": [ -159.726007597900036, -21.252047872271373 ] } },
{ "type": "Feature", "properties": { "fid": null, "id": null, "surveyor": "Mike ", "date": "2024-09-18", "lulc": "forest", "notes": "Motu Taakoka ", "uuid": null, "fid_1": null, "class_id": 1 }, "geometry": { "type": "Point", "coordinates": [ -159.731343631615573, -21.263482230233222 ] } },
{ "type": "Feature", "properties": { "fid": null, "id": null, "surveyor": "Mh13", "date": "2024-09-18", "lulc": "forest", "notes": null, "uuid": null, "fid_1": null, "class_id": 1 }, "geometry": { "type": "Point", "coordinates": [ -159.793699091140496, -21.231132321641116 ] } },
{ "type": "Feature", "properties": { "fid": null, "id": null, "surveyor": "Mh13", "date": "2024-09-18", "lulc": "forest", "notes": null, "uuid": null, "fid_1": null, "class_id": 1 }, "geometry": { "type": "Point", "coordinates": [ -159.791838591482531, -21.227238471491745 ] } },
{ "type": "Feature", "properties": { "fid": null, "id": null, "surveyor": "Mh13", "date": "2024-09-18", "lulc": "forest", "notes": null, "uuid": null, "fid_1": null, "class_id": 1 }, "geometry": { "type": "Point", "coordinates": [ -159.796245721904342, -21.222632306463876 ] } },
{ "type": "Feature", "properties": { "fid": null, "id": null, "surveyor": "PK", "date": "2024-09-18", "lulc": "forest", "notes": "Tree", "uuid": null, "fid_1": null, "class_id": 1 }, "geometry": { "type": "Point", "coordinates": [ -159.779179681839452, -21.204702487110655 ] } },
{ "type": "Feature", "properties": { "fid": null, "id": null, "surveyor": "Mh13", "date": "2024-09-18", "lulc": "forest", "notes": null, "uuid": null, "fid_1": null, "class_id": 1 }, "geometry": { "type": "Point", "coordinates": [ -159.726703384934325, -21.257573279945532 ] } },
{ "type": "Feature", "properties": { "fid": null, "id": null, "surveyor": "Mh13", "date": "2024-09-18", "lulc": "forest", "notes": null, "uuid": null, "fid_1": null, "class_id": 1 }, "geometry": { "type": "Point", "coordinates": [ -159.786136055126605, -21.256082011231396 ] } },
{ "type": "Feature", "properties": { "fid": null, "id": null, "surveyor": "Mh13", "date": "2024-09-18", "lulc": "forest", "notes": null, "uuid": null, "fid_1": null, "class_id": 1 }, "geometry": { "type": "Point", "coordinates": [ -159.725944467765231, -21.248201919414527 ] } },
{ "type": "Feature", "properties": { "fid": null, "id": null, "surveyor": "Mh13", "date": "2024-09-18", "lulc": "forest", "notes": null, "uuid": null, "fid_1": null, "class_id": 1 }, "geometry": { "type": "Point", "coordinates": [ -159.79644582015618, -21.229001565000964 ] } },
{ "type": "Feature", "properties": { "fid": null, "id": null, "surveyor": "PK", "date": "2024-09-18", "lulc": "forest", "notes": null, "uuid": null, "fid_1": null, "class_id": 1 }, "geometry": { "type": "Point", "coordinates": [ -159.729243905733114, -21.246386714059529 ] } },
{ "type": "Feature", "properties": { "fid": null, "id": null, "surveyor": "PK", "date": "2024-09-18", "lulc": "grassland", "notes": null, "uuid": null, "fid_1": null, "class_id": 3 }, "geometry": { "type": "Point", "coordinates": [ -159.731023569517362, -21.230534116166027 ] } },
{ "type": "Feature", "properties": { "fid": null, "id": null, "surveyor": "MW", "date": "2024-09-18", "lulc": "grassland", "notes": null, "uuid": null, "fid_1": 133.0, "class_id": 3 }, "geometry": { "type": "Point", "coordinates": [ -159.791409068562814, -21.212838646130265 ] } },
{ "type": "Feature", "properties": { "fid": null, "id": null, "surveyor": "MW", "date": "2024-09-18", "lulc": "grassland", "notes": null, "uuid": null, "fid_1": 150.0, "class_id": 3 }, "geometry": { "type": "Point", "coordinates": [ -159.78077137948236, -21.204075665372287 ] } },
{ "type": "Feature", "properties": { "fid": null, "id": null, "surveyor": "PK", "date": "2024-09-18", "lulc": "grassland", "notes": null, "uuid": null, "fid_1": null, "class_id": 3 }, "geometry": { "type": "Point", "coordinates": [ -159.737325220395235, -21.267201291926696 ] } },
{ "type": "Feature", "properties": { "fid": null, "id": null, "surveyor": "Aporo", "date": "2024-09-18", "lulc": "grassland", "notes": "Victoria Park Tupapa", "uuid": null, "fid_1": null, "class_id": 3 }, "geometry": { "type": "Point", "coordinates": [ -159.768710730771375, -21.206452469329623 ] } },
{ "type": "Feature", "properties": { "fid": null, "id": null, "surveyor": "MW", "date": "2024-09-18", "lulc": "grassland", "notes": null, "uuid": null, "fid_1": 151.0, "class_id": 3 }, "geometry": { "type": "Point", "coordinates": [ -159.779979617676275, -21.204265331799281 ] } },
{ "type": "Feature", "properties": { "fid": null, "id": null, "surveyor": "MW", "date": "2024-09-18", "lulc": "grassland", "notes": null, "uuid": null, "fid_1": 172.0, "class_id": 3 }, "geometry": { "type": "Point", "coordinates": [ -159.760398382537488, -21.271237396868042 ] } },
{ "type": "Feature", "properties": { "fid": null, "id": null, "surveyor": "PK", "date": "2024-09-18", "lulc": "grassland", "notes": "Terevete Park", "uuid": null, "fid_1": null, "class_id": 3 }, "geometry": { "type": "Point", "coordinates": [ -159.780575388949416, -21.204152788105123 ] } },
{ "type": "Feature", "properties": { "fid": null, "id": null, "surveyor": "MW", "date": "2024-09-15", "lulc": "grassland", "notes": null, "uuid": null, "fid_1": 46.0, "class_id": 3 }, "geometry": { "type": "Point", "coordinates": [ -159.73387901334371, -21.218896099466168 ] } },
{ "type": "Feature", "properties": { "fid": null, "id": null, "surveyor": "MW", "date": "2024-09-18", "lulc": "grassland", "notes": null, "uuid": null, "fid_1": 189.0, "class_id": 3 }, "geometry": { "type": "Point", "coordinates": [ -159.796202639175988, -21.262673184292264 ] } },
{ "type": "Feature", "properties": { "fid": null, "id": null, "surveyor": "MW", "date": "2024-09-18", "lulc": "grassland", "notes": null, "uuid": null, "fid_1": 190.0, "class_id": 3 }, "geometry": { "type": "Point", "coordinates": [ -159.796152666205501, -21.262652748177061 ] } },
{ "type": "Feature", "properties": { "fid": null, "id": null, "surveyor": "PK", "date": "2024-09-18", "lulc": "grassland", "notes": null, "uuid": null, "fid_1": null, "class_id": 3 }, "geometry": { "type": "Point", "coordinates": [ -159.788868201523144, -21.26427020059803 ] } },
{ "type": "Feature", "properties": { "fid": null, "id": null, "surveyor": "PK", "date": "2024-09-18", "lulc": "grassland", "notes": null, "uuid": null, "fid_1": null, "class_id": 3 }, "geometry": { "type": "Point", "coordinates": [ -159.73878180982814, -21.214648448587084 ] } },
{ "type": "Feature", "properties": { "fid": null, "id": null, "surveyor": "Mh13", "date": "2024-09-18", "lulc": "grassland", "notes": null, "uuid": null, "fid_1": null, "class_id": 3 }, "geometry": { "type": "Point", "coordinates": [ -159.814810678160626, -21.201889332737739 ] } },
{ "type": "Feature", "properties": { "fid": null, "id": null, "surveyor": "Mh13", "date": "2024-09-18", "lulc": "grassland", "notes": null, "uuid": null, "fid_1": null, "class_id": 3 }, "geometry": { "type": "Point", "coordinates": [ -159.81642947916896, -21.203121484591392 ] } },
{ "type": "Feature", "properties": { "fid": null, "id": null, "surveyor": "Aporo", "date": "2024-09-18", "lulc": "grassland", "notes": "Pa Ariki", "uuid": null, "fid_1": null, "class_id": 3 }, "geometry": { "type": "Point", "coordinates": [ -159.728232208657687, -21.241968440646755 ] } },
{ "type": "Feature", "properties": { "fid": null, "id": null, "surveyor": "Aporo", "date": "2024-09-18", "lulc": "grassland", "notes": "Avatiu field", "uuid": null, "fid_1": null, "class_id": 3 }, "geometry": { "type": "Point", "coordinates": [ -159.78742133897515, -21.204653148918823 ] } },
{ "type": "Feature", "properties": { "fid": null, "id": null, "surveyor": "Aporo", "date": "2024-09-18", "lulc": "grassland", "notes": "Titikaveka CICC", "uuid": null, "fid_1": null, "class_id": 3 }, "geometry": { "type": "Point", "coordinates": [ -159.757443340962539, -21.271761417482352 ] } },
{ "type": "Feature", "properties": { "fid": null, "id": null, "surveyor": "Aporo", "date": "2024-09-18", "lulc": "grassland", "notes": "Betela", "uuid": null, "fid_1": null, "class_id": 3 }, "geometry": { "type": "Point", "coordinates": [ -159.826388874580999, -21.242687427803869 ] } },
{ "type": "Feature", "properties": { "fid": null, "id": null, "surveyor": "MW", "date": "2024-09-18", "lulc": "grassland", "notes": null, "uuid": null, "fid_1": 171.0, "class_id": 3 }, "geometry": { "type": "Point", "coordinates": [ -159.760366565495218, -21.271164350431583 ] } },
{ "type": "Feature", "properties": { "fid": null, "id": null, "surveyor": "Aporo", "date": "2024-09-18", "lulc": "grassland", "notes": "Te Uki Ou school", "uuid": null, "fid_1": null, "class_id": 3 }, "geometry": { "type": "Point", "coordinates": [ -159.728779953119272, -21.236952432835917 ] } },
{ "type": "Feature", "properties": { "fid": null, "id": null, "surveyor": "Mh13", "date": "2024-09-18", "lulc": "grassland", "notes": null, "uuid": null, "fid_1": null, "class_id": 3 }, "geometry": { "type": "Point", "coordinates": [ -159.778648588155164, -21.207545022610645 ] } },
{ "type": "Feature", "properties": { "fid": null, "id": null, "surveyor": "Aporo", "date": "2024-09-18", "lulc": "grassland", "notes": "Matavera school", "uuid": null, "fid_1": null, "class_id": 3 }, "geometry": { "type": "Point", "coordinates": [ -159.735524965680185, -21.21824605496052 ] } },
{ "type": "Feature", "properties": { "fid": null, "id": null, "surveyor": "EV", "date": "2024-09-18", "lulc": "grassland", "notes": "Water", "uuid": null, "fid_1": null, "class_id": 3 }, "geometry": { "type": "Point", "coordinates": [ -159.793598696898471, -21.227753191306359 ] } },
{ "type": "Feature", "properties": { "fid": null, "id": null, "surveyor": "EV", "date": "2024-09-18", "lulc": "grassland", "notes": "River", "uuid": null, "fid_1": null, "class_id": 3 }, "geometry": { "type": "Point", "coordinates": [ -159.793588696898468, -21.227766524639691 ] } },
{ "type": "Feature", "properties": { "fid": null, "id": null, "surveyor": "Mh13", "date": "2024-09-18", "lulc": "grassland", "notes": null, "uuid": null, "fid_1": null, "class_id": 3 }, "geometry": { "type": "Point", "coordinates": [ -159.787624742766155, -21.204568577119108 ] } },
{ "type": "Feature", "properties": { "fid": null, "id": null, "surveyor": "Mh13", "date": "2024-09-18", "lulc": "grassland", "notes": null, "uuid": null, "fid_1": null, "class_id": 3 }, "geometry": { "type": "Point", "coordinates": [ -159.823110418439882, -21.208793474492232 ] } },
{ "type": "Feature", "properties": { "fid": null, "id": null, "surveyor": "Mh13", "date": "2024-09-18", "lulc": "grassland", "notes": null, "uuid": null, "fid_1": null, "class_id": 3 }, "geometry": { "type": "Point", "coordinates": [ -159.827264587842365, -21.217982527521734 ] } },
{ "type": "Feature", "properties": { "fid": null, "id": null, "surveyor": "Mh13", "date": "2024-09-18", "lulc": "grassland", "notes": null, "uuid": null, "fid_1": null, "class_id": 3 }, "geometry": { "type": "Point", "coordinates": [ -159.823650888877125, -21.213160608291595 ] } },
{ "type": "Feature", "properties": { "fid": null, "id": null, "surveyor": "Mh13", "date": "2024-09-18", "lulc": "grassland", "notes": null, "uuid": null, "fid_1": null, "class_id": 3 }, "geometry": { "type": "Point", "coordinates": [ -159.826170622774953, -21.216576160278741 ] } },
{ "type": "Feature", "properties": { "fid": null, "id": null, "surveyor": "Mh13", "date": "2024-09-18", "lulc": "grassland", "notes": null, "uuid": null, "fid_1": null, "class_id": 3 }, "geometry": { "type": "Point", "coordinates": [ -159.814951977172569, -21.205465911835596 ] } },
{ "type": "Feature", "properties": { "fid": null, "id": null, "surveyor": "PK", "date": "2024-09-18", "lulc": "grassland", "notes": null, "uuid": null, "fid_1": null, "class_id": 3 }, "geometry": { "type": "Point", "coordinates": [ -159.744419423270074, -21.210576468034521 ] } },
{ "type": "Feature", "properties": { "fid": null, "id": null, "surveyor": "Mh13", "date": "2024-09-18", "lulc": "grassland", "notes": null, "uuid": null, "fid_1": null, "class_id": 3 }, "geometry": { "type": "Point", "coordinates": [ -159.825292786212259, -21.240501486429782 ] } },
{ "type": "Feature", "properties": { "fid": null, "id": null, "surveyor": "KDE", "date": "2024-09-18", "lulc": "grassland", "notes": "Grass", "uuid": null, "fid_1": null, "class_id": 3 }, "geometry": { "type": "Point", "coordinates": [ -159.796143319180828, -21.201750863572776 ] } },
{ "type": "Feature", "properties": { "fid": null, "id": null, "surveyor": "KDE", "date": "2024-09-18", "lulc": "grassland", "notes": null, "uuid": null, "fid_1": null, "class_id": 3 }, "geometry": { "type": "Point", "coordinates": [ -159.780102993440863, -21.204235072121385 ] } },
{ "type": "Feature", "properties": { "fid": null, "id": null, "surveyor": "Mh13", "date": "2024-09-18", "lulc": "grassland", "notes": null, "uuid": null, "fid_1": null, "class_id": 3 }, "geometry": { "type": "Point", "coordinates": [ -159.735106420759479, -21.217987215102344 ] } },
{ "type": "Feature", "properties": { "fid": null, "id": null, "surveyor": "KDE", "date": "2024-09-18", "lulc": "grassland", "notes": null, "uuid": null, "fid_1": null, "class_id": 3 }, "geometry": { "type": "Point", "coordinates": [ -159.744107444843479, -21.211087834705772 ] } },
{ "type": "Feature", "properties": { "fid": 9.0, "id": null, "surveyor": "NM", "date": "2024-09-16", "lulc": "grassland", "notes": null, "uuid": "{c2326f77-38df-4d9c-ba40-133b87a875e6}", "fid_1": null, "class_id": 3 }, "geometry": { "type": "Point", "coordinates": [ -159.77984594293801, -21.204460300517187 ] } },
{ "type": "Feature", "properties": { "fid": null, "id": null, "surveyor": "KDE PRIVATE SECTOR", "date": "2024-09-18", "lulc": "grassland", "notes": null, "uuid": null, "fid_1": null, "class_id": 3 }, "geometry": { "type": "Point", "coordinates": [ -159.792708455516134, -21.202939383674156 ] } },
{ "type": "Feature", "properties": { "fid": null, "id": null, "surveyor": "PK", "date": "2024-09-18", "lulc": "grassland", "notes": "Vetiver grass", "uuid": null, "fid_1": null, "class_id": 3 }, "geometry": { "type": "Point", "coordinates": [ -159.775658890835956, -21.206402376358387 ] } },
{ "type": "Feature", "properties": { "fid": null, "id": null, "surveyor": "MW", "date": "2024-09-18", "lulc": "grassland", "notes": null, "uuid": null, "fid_1": 218.0, "class_id": 3 }, "geometry": { "type": "Point", "coordinates": [ -159.823646469254101, -21.245845108361888 ] } },
{ "type": "Feature", "properties": { "fid": null, "id": null, "surveyor": "KDE", "date": "2024-09-18", "lulc": "grassland", "notes": "Rugby field", "uuid": null, "fid_1": null, "class_id": 3 }, "geometry": { "type": "Point", "coordinates": [ -159.728949011798761, -21.254408048325374 ] } },
{ "type": "Feature", "properties": { "fid": null, "id": null, "surveyor": "MW", "date": "2024-09-18", "lulc": "grassland", "notes": null, "uuid": null, "fid_1": 219.0, "class_id": 3 }, "geometry": { "type": "Point", "coordinates": [ -159.823737398356997, -21.24572866463236 ] } },
{ "type": "Feature", "properties": { "fid": null, "id": null, "surveyor": "MW", "date": "2024-09-18", "lulc": "grassland", "notes": null, "uuid": null, "fid_1": 220.0, "class_id": 3 }, "geometry": { "type": "Point", "coordinates": [ -159.827629554788558, -21.217805745055173 ] } },
{ "type": "Feature", "properties": { "fid": null, "id": null, "surveyor": "KDE", "date": "2024-09-18", "lulc": "grassland", "notes": null, "uuid": null, "fid_1": null, "class_id": 3 }, "geometry": { "type": "Point", "coordinates": [ -159.790275505575494, -21.211213286024229 ] } },
{ "type": "Feature", "properties": { "fid": null, "id": null, "surveyor": "KDE PRIVATE SECTOR", "date": "2024-09-18", "lulc": "grassland", "notes": null, "uuid": null, "fid_1": null, "class_id": 3 }, "geometry": { "type": "Point", "coordinates": [ -159.827626030057104, -21.217403350715408 ] } },
{ "type": "Feature", "properties": { "fid": null, "id": null, "surveyor": "Mike ", "date": "2024-09-18", "lulc": "grassland", "notes": "Punanga, Terevete Park ", "uuid": null, "fid_1": null, "class_id": 3 }, "geometry": { "type": "Point", "coordinates": [ -159.780109470000014, -21.20428917 ] } },
{ "type": "Feature", "properties": { "fid": null, "id": null, "surveyor": "MW", "date": "2024-09-18", "lulc": "grassland", "notes": null, "uuid": null, "fid_1": 222.0, "class_id": 3 }, "geometry": { "type": "Point", "coordinates": [ -159.827579194935311, -21.216591970315136 ] } },
{ "type": "Feature", "properties": { "fid": null, "id": null, "surveyor": "MW", "date": "2024-09-16", "lulc": "grassland", "notes": null, "uuid": null, "fid_1": 57.0, "class_id": 3 }, "geometry": { "type": "Point", "coordinates": [ -159.800285786499614, -21.201864008610158 ] } },
{ "type": "Feature", "properties": { "fid": null, "id": null, "surveyor": "MW", "date": "2024-09-16", "lulc": "grassland", "notes": null, "uuid": null, "fid_1": 69.0, "class_id": 3 }, "geometry": { "type": "Point", "coordinates": [ -159.809080220791913, -21.201899749166191 ] } },
{ "type": "Feature", "properties": { "fid": null, "id": null, "surveyor": "MW", "date": "2024-09-15", "lulc": "grassland", "notes": null, "uuid": null, "fid_1": 27.0, "class_id": 3 }, "geometry": { "type": "Point", "coordinates": [ -159.817219659217557, -21.204020062002115 ] } },
{ "type": "Feature", "properties": { "fid": null, "id": null, "surveyor": "MW", "date": "2024-09-15", "lulc": "grassland", "notes": null, "uuid": null, "fid_1": 26.0, "class_id": 3 }, "geometry": { "type": "Point", "coordinates": [ -159.817392255961352, -21.203915122584426 ] } },
{ "type": "Feature", "properties": { "fid": null, "id": null, "surveyor": "Cain", "date": "2024-09-18", "lulc": "grassland", "notes": null, "uuid": null, "fid_1": null, "class_id": 3 }, "geometry": { "type": "Point", "coordinates": [ -159.728768345087843, -21.254489993088896 ] } },
{ "type": "Feature", "properties": { "fid": null, "id": null, "surveyor": "Cain", "date": "2024-09-18", "lulc": "grassland", "notes": null, "uuid": null, "fid_1": null, "class_id": 3 }, "geometry": { "type": "Point", "coordinates": [ -159.728953860254421, -21.25452608086032 ] } },
{ "type": "Feature", "properties": { "fid": null, "id": null, "surveyor": "MW", "date": "2024-09-18", "lulc": "grassland", "notes": null, "uuid": null, "fid_1": 166.0, "class_id": 3 }, "geometry": { "type": "Point", "coordinates": [ -159.737041233762341, -21.267575580156088 ] } },
{ "type": "Feature", "properties": { "fid": null, "id": null, "surveyor": "MW", "date": "2024-09-16", "lulc": "grassland", "notes": null, "uuid": null, "fid_1": 55.0, "class_id": 3 }, "geometry": { "type": "Point", "coordinates": [ -159.754771423532929, -21.204449704070079 ] } },
{ "type": "Feature", "properties": { "fid": null, "id": null, "surveyor": "Cain", "date": "2024-09-18", "lulc": "grassland", "notes": null, "uuid": null, "fid_1": null, "class_id": 3 }, "geometry": { "type": "Point", "coordinates": [ -159.728680733218141, -21.254543162679386 ] } },
{ "type": "Feature", "properties": { "fid": null, "id": null, "surveyor": "MW", "date": "2024-09-16", "lulc": "grassland", "notes": null, "uuid": null, "fid_1": 83.0, "class_id": 3 }, "geometry": { "type": "Point", "coordinates": [ -159.813012762478706, -21.201955119954366 ] } },
{ "type": "Feature", "properties": { "fid": null, "id": null, "surveyor": "MW", "date": "2024-09-16", "lulc": "grassland", "notes": null, "uuid": null, "fid_1": 84.0, "class_id": 3 }, "geometry": { "type": "Point", "coordinates": [ -159.81327330767968, -21.201932142015433 ] } },
{ "type": "Feature", "properties": { "fid": null, "id": null, "surveyor": "Cain", "date": "2024-09-18", "lulc": "grassland", "notes": "BlackRock grassland", "uuid": null, "fid_1": null, "class_id": 3 }, "geometry": { "type": "Point", "coordinates": [ -159.794756956522548, -21.213752935704335 ] } },
{ "type": "Feature", "properties": { "fid": null, "id": null, "surveyor": "Cain", "date": "2024-09-18", "lulc": "grassland", "notes": null, "uuid": null, "fid_1": null, "class_id": 3 }, "geometry": { "type": "Point", "coordinates": [ -159.728771823850224, -21.254254013410719 ] } },
{ "type": "Feature", "properties": { "fid": 9.0, "id": null, "surveyor": "NM", "date": "2024-09-16", "lulc": "grassland", "notes": null, "uuid": "{c2326f77-38df-4d9c-ba40-133b87a875e6}", "fid_1": null, "class_id": 3 }, "geometry": { "type": "Point", "coordinates": [ -159.77984594293801, -21.204460300517187 ] } },
{ "type": "Feature", "properties": { "fid": null, "id": null, "surveyor": "PK", "date": "2024-09-18", "lulc": "grassland", "notes": null, "uuid": null, "fid_1": null, "class_id": 3 }, "geometry": { "type": "Point", "coordinates": [ -159.827270698503639, -21.23266590185461 ] } },
{ "type": "Feature", "properties": { "fid": 10.0, "id": null, "surveyor": "NM", "date": "2024-09-15", "lulc": "invasives", "notes": "nick's noxious weeds", "uuid": "{5ecd1c5f-b4a2-4e89-80ee-5cc89ef17e16}", "fid_1": null, "class_id": 14 }, "geometry": { "type": "Point", "coordinates": [ -159.78012769751416, -21.25793600293748 ] } },
{ "type": "Feature", "properties": { "fid": null, "id": null, "surveyor": "Mh13", "date": "2024-09-18", "lulc": "invasives", "notes": "Coconut scale", "uuid": null, "fid_1": null, "class_id": 14 }, "geometry": { "type": "Point", "coordinates": [ -159.793642965939654, -21.226910558692886 ] } },
{ "type": "Feature", "properties": { "fid": null, "id": null, "surveyor": "Cain", "date": "2024-09-18", "lulc": "invasives", "notes": null, "uuid": null, "fid_1": null, "class_id": 14 }, "geometry": { "type": "Point", "coordinates": [ -159.795737202788672, -21.229260631340122 ] } },
{ "type": "Feature", "properties": { "fid": 10.0, "id": null, "surveyor": "NM", "date": "2024-09-15", "lulc": "invasives", "notes": "nick's noxious weeds", "uuid": "{5ecd1c5f-b4a2-4e89-80ee-5cc89ef17e16}", "fid_1": null, "class_id": 14 }, "geometry": { "type": "Point", "coordinates": [ -159.78012769751416, -21.25793600293748 ] } },
{ "type": "Feature", "properties": { "fid": 10.0, "id": null, "surveyor": "NM", "date": "2024-09-15", "lulc": "invasives", "notes": "nick's noxious weeds", "uuid": "{5ecd1c5f-b4a2-4e89-80ee-5cc89ef17e16}", "fid_1": null, "class_id": 14 }, "geometry": { "type": "Point", "coordinates": [ -159.78012769751416, -21.25793600293748 ] } },
{ "type": "Feature", "properties": { "fid": 10.0, "id": null, "surveyor": "NM", "date": "2024-09-15", "lulc": "invasives", "notes": "nick's noxious weeds", "uuid": "{5ecd1c5f-b4a2-4e89-80ee-5cc89ef17e16}", "fid_1": null, "class_id": 14 }, "geometry": { "type": "Point", "coordinates": [ -159.78012769751416, -21.25793600293748 ] } },
{ "type": "Feature", "properties": { "fid": null, "id": null, "surveyor": "Mh13", "date": "2024-09-18", "lulc": "invasives", "notes": "Ballon vines", "uuid": null, "fid_1": null, "class_id": 14 }, "geometry": { "type": "Point", "coordinates": [ -159.792727702489429, -21.202549804014449 ] } },
{ "type": "Feature", "properties": { "fid": null, "id": null, "surveyor": "NM", "date": "2024-09-15", "lulc": "invasives", "notes": "nick's noxious weeds", "uuid": "{5ecd1c5f-b4a2-4e89-80ee-5cc89ef17e16}", "fid_1": 10.0, "class_id": 14 }, "geometry": { "type": "Point", "coordinates": [ -159.78012769751416, -21.25793600293748 ] } },
{ "type": "Feature", "properties": { "fid": 10.0, "id": null, "surveyor": "NM", "date": "2024-09-15", "lulc": "invasives", "notes": "nick's noxious weeds", "uuid": "{5ecd1c5f-b4a2-4e89-80ee-5cc89ef17e16}", "fid_1": null, "class_id": 14 }, "geometry": { "type": "Point", "coordinates": [ -159.78012769751416, -21.25793600293748 ] } },
{ "type": "Feature", "properties": { "fid": null, "id": null, "surveyor": "Mh13", "date": "2024-09-18", "lulc": "invasives", "notes": "African Tulip", "uuid": null, "fid_1": null, "class_id": 14 }, "geometry": { "type": "Point", "coordinates": [ -159.794815770910304, -21.22570460748647 ] } },
{ "type": "Feature", "properties": { "fid": 11.0, "id": null, "surveyor": "NM", "date": "2024-09-15", "lulc": "mining", "notes": null, "uuid": "{391536be-bbdb-4065-b4fa-ae3ff363bb34}", "fid_1": null, "class_id": 13 }, "geometry": { "type": "Point", "coordinates": [ -159.814339198760052, -21.221565914995626 ] } },
{ "type": "Feature", "properties": { "fid": null, "id": null, "surveyor": "MW", "date": "2024-09-18", "lulc": "mining", "notes": null, "uuid": null, "fid_1": 100.0, "class_id": 13 }, "geometry": { "type": "Point", "coordinates": [ -159.822752991817737, -21.208016813223065 ] } },
{ "type": "Feature", "properties": { "fid": null, "id": null, "surveyor": "MW", "date": "2024-09-18", "lulc": "mining", "notes": null, "uuid": null, "fid_1": 94.0, "class_id": 13 }, "geometry": { "type": "Point", "coordinates": [ -159.822664442632714, -21.207918455352946 ] } },
{ "type": "Feature", "properties": { "fid": null, "id": null, "surveyor": "MW", "date": "2024-09-18", "lulc": "mining", "notes": null, "uuid": null, "fid_1": 99.0, "class_id": 13 }, "geometry": { "type": "Point", "coordinates": [ -159.822691779314113, -21.208083129418281 ] } },
{ "type": "Feature", "properties": { "fid": null, "id": null, "surveyor": "MW", "date": "2024-09-18", "lulc": "mining", "notes": null, "uuid": null, "fid_1": 93.0, "class_id": 13 }, "geometry": { "type": "Point", "coordinates": [ -159.822524298228871, -21.207877689541846 ] } },
{ "type": "Feature", "properties": { "fid": 11.0, "id": null, "surveyor": "NM", "date": "2024-09-15", "lulc": "mining", "notes": null, "uuid": "{391536be-bbdb-4065-b4fa-ae3ff363bb34}", "fid_1": null, "class_id": 13 }, "geometry": { "type": "Point", "coordinates": [ -159.814339198760052, -21.221565914995626 ] } },
{ "type": "Feature", "properties": { "fid": null, "id": null, "surveyor": "Mh13", "date": "2024-09-18", "lulc": "mining", "notes": "Rock minning", "uuid": null, "fid_1": null, "class_id": 13 }, "geometry": { "type": "Point", "coordinates": [ -159.814154701601637, -21.216945849484834 ] } },
{ "type": "Feature", "properties": { "fid": null, "id": null, "surveyor": "MW", "date": "2024-09-18", "lulc": "rock", "notes": null, "uuid": null, "fid_1": 184.0, "class_id": 12 }, "geometry": { "type": "Point", "coordinates": [ -159.796382881872347, -21.26292301487025 ] } },
{ "type": "Feature", "properties": { "fid": null, "id": null, "surveyor": "MW", "date": "2024-09-18", "lulc": "rock", "notes": null, "uuid": null, "fid_1": 185.0, "class_id": 12 }, "geometry": { "type": "Point", "coordinates": [ -159.79656217745719, -21.262930716987277 ] } },
{ "type": "Feature", "properties": { "fid": null, "id": null, "surveyor": "EV", "date": "2024-09-18", "lulc": "rock", "notes": null, "uuid": null, "fid_1": null, "class_id": 12 }, "geometry": { "type": "Point", "coordinates": [ -159.795804949456169, -21.263351826415288 ] } },
{ "type": "Feature", "properties": { "fid": null, "id": null, "surveyor": "MW", "date": "2024-09-15", "lulc": "rock", "notes": null, "uuid": null, "fid_1": 18.0, "class_id": 12 }, "geometry": { "type": "Point", "coordinates": [ -159.823742344001204, -21.207805528476371 ] } },
{ "type": "Feature", "properties": { "fid": null, "id": null, "surveyor": "MW", "date": "2024-09-15", "lulc": "rock", "notes": null, "uuid": null, "fid_1": 19.0, "class_id": 12 }, "geometry": { "type": "Point", "coordinates": [ -159.823877166912496, -21.208180401936957 ] } },
{ "type": "Feature", "properties": { "fid": null, "id": null, "surveyor": "MW", "date": "2024-09-15", "lulc": "rock", "notes": null, "uuid": null, "fid_1": 20.0, "class_id": 12 }, "geometry": { "type": "Point", "coordinates": [ -159.823579569998628, -21.207933774660255 ] } },
{ "type": "Feature", "properties": { "fid": 8.0, "id": null, "surveyor": "NM", "date": "2024-09-16", "lulc": "rock", "notes": null, "uuid": "{eccc8478-db5c-4e55-969e-c0188f20d9dc}", "fid_1": null, "class_id": 12 }, "geometry": { "type": "Point", "coordinates": [ -159.78566455977861, -21.20207205615792 ] } },
{ "type": "Feature", "properties": { "fid": null, "id": null, "surveyor": "EV", "date": "2024-09-18", "lulc": "rock", "notes": "Beachside", "uuid": null, "fid_1": null, "class_id": 12 }, "geometry": { "type": "Point", "coordinates": [ -159.795831708924766, -21.263121653594702 ] } },
{ "type": "Feature", "properties": { "fid": 19.0, "id": null, "surveyor": "KDE", "date": "2024-09-18", "lulc": "rock", "notes": null, "uuid": null, "fid_1": null, "class_id": 12 }, "geometry": { "type": "Point", "coordinates": [ -159.796463028401888, -21.262876845279752 ] } },
{ "type": "Feature", "properties": { "fid": null, "id": null, "surveyor": "MW", "date": "2024-09-18", "lulc": "rock", "notes": null, "uuid": null, "fid_1": 182.0, "class_id": 12 }, "geometry": { "type": "Point", "coordinates": [ -159.796518022657239, -21.262849942512801 ] } },
{ "type": "Feature", "properties": { "fid": null, "id": null, "surveyor": "MW", "date": "2024-09-15", "lulc": "rock", "notes": null, "uuid": null, "fid_1": 39.0, "class_id": 12 }, "geometry": { "type": "Point", "coordinates": [ -159.786410150412479, -21.201974834942241 ] } },
{ "type": "Feature", "properties": { "fid": null, "id": null, "surveyor": "Bouchard", "date": "2024-09-18", "lulc": "rock", "notes": null, "uuid": null, "fid_1": null, "class_id": 12 }, "geometry": { "type": "Point", "coordinates": [ -159.823677431908436, -21.207743941532527 ] } },
{ "type": "Feature", "properties": { "fid": null, "id": null, "surveyor": "Aporo", "date": "2024-09-18", "lulc": "rock", "notes": "Black rock observatory", "uuid": null, "fid_1": null, "class_id": 12 }, "geometry": { "type": "Point", "coordinates": [ -159.823749432060083, -21.208084389368249 ] } },
{ "type": "Feature", "properties": { "fid": null, "id": null, "surveyor": "EV", "date": "2024-09-18", "lulc": "rock", "notes": null, "uuid": null, "fid_1": null, "class_id": 12 }, "geometry": { "type": "Point", "coordinates": [ -159.780352263380706, -21.204168639034087 ] } },
{ "type": "Feature", "properties": { "fid": null, "id": null, "surveyor": "Mh13", "date": "2024-09-18", "lulc": "rock", "notes": null, "uuid": null, "fid_1": null, "class_id": 12 }, "geometry": { "type": "Point", "coordinates": [ -159.795618717112063, -21.263293217921458 ] } },
{ "type": "Feature", "properties": { "fid": null, "id": null, "surveyor": "EV", "date": "2024-09-18", "lulc": "rock", "notes": null, "uuid": null, "fid_1": null, "class_id": 12 }, "geometry": { "type": "Point", "coordinates": [ -159.781305070578611, -21.204460016997373 ] } },
{ "type": "Feature", "properties": { "fid": null, "id": null, "surveyor": "EV", "date": "2024-09-18", "lulc": "rock", "notes": "Volcanic", "uuid": null, "fid_1": null, "class_id": 12 }, "geometry": { "type": "Point", "coordinates": [ -159.823673429077417, -21.207758644608866 ] } },
{ "type": "Feature", "properties": { "fid": 8.0, "id": null, "surveyor": "NM", "date": "2024-09-16", "lulc": "rock", "notes": null, "uuid": "{eccc8478-db5c-4e55-969e-c0188f20d9dc}", "fid_1": null, "class_id": 12 }, "geometry": { "type": "Point", "coordinates": [ -159.78566455977861, -21.20207205615792 ] } },
{ "type": "Feature", "properties": { "fid": null, "id": null, "surveyor": "Mh13", "date": "2024-09-18", "lulc": "rock", "notes": null, "uuid": null, "fid_1": null, "class_id": 12 }, "geometry": { "type": "Point", "coordinates": [ -159.780272887716507, -21.203910489676812 ] } },
{ "type": "Feature", "properties": { "fid": null, "id": null, "surveyor": "MW", "date": "2024-09-18", "lulc": "rock", "notes": null, "uuid": null, "fid_1": 175.0, "class_id": 12 }, "geometry": { "type": "Point", "coordinates": [ -159.796022270364034, -21.2630295573795 ] } },
{ "type": "Feature", "properties": { "fid": null, "id": null, "surveyor": "PK", "date": "2024-09-18", "lulc": "rock", "notes": null, "uuid": null, "fid_1": null, "class_id": 12 }, "geometry": { "type": "Point", "coordinates": [ -159.795659186549017, -21.263278588599992 ] } },
{ "type": "Feature", "properties": { "fid": null, "id": null, "surveyor": "PK", "date": "2024-09-18", "lulc": "rock", "notes": null, "uuid": null, "fid_1": null, "class_id": 12 }, "geometry": { "type": "Point", "coordinates": [ -159.795755, -21.263238333333334 ] } },
{ "type": "Feature", "properties": { "fid": null, "id": null, "surveyor": "Mh13", "date": "2024-09-18", "lulc": "rock", "notes": null, "uuid": null, "fid_1": null, "class_id": 12 }, "geometry": { "type": "Point", "coordinates": [ -159.78177430517249, -21.20363994110232 ] } },
{ "type": "Feature", "properties": { "fid": null, "id": null, "surveyor": "Cain", "date": "2024-09-18", "lulc": "rock", "notes": "Road", "uuid": null, "fid_1": null, "class_id": 12 }, "geometry": { "type": "Point", "coordinates": [ -159.792211495205038, -21.202828234592019 ] } },
{ "type": "Feature", "properties": { "fid": null, "id": null, "surveyor": "KDE", "date": "2024-09-18", "lulc": "rock", "notes": null, "uuid": null, "fid_1": null, "class_id": 12 }, "geometry": { "type": "Point", "coordinates": [ -159.77934293948141, -21.204392069967614 ] } },
{ "type": "Feature", "properties": { "fid": null, "id": null, "surveyor": "PK", "date": "2024-09-18", "lulc": "rock", "notes": null, "uuid": null, "fid_1": null, "class_id": 12 }, "geometry": { "type": "Point", "coordinates": [ -159.796008960939247, -21.263040254154994 ] } },
{ "type": "Feature", "properties": { "fid": null, "id": null, "surveyor": "Aporo", "date": "2024-09-18", "lulc": "rock", "notes": "Rock wall Vaimaanga", "uuid": null, "fid_1": null, "class_id": 12 }, "geometry": { "type": "Point", "coordinates": [ -159.796222527883828, -21.262976740361285 ] } },
{ "type": "Feature", "properties": { "fid": null, "id": null, "surveyor": "PK", "date": "2024-09-18", "lulc": "rock", "notes": null, "uuid": null, "fid_1": null, "class_id": 12 }, "geometry": { "type": "Point", "coordinates": [ -159.796421140107213, -21.262896788603751 ] } },
{ "type": "Feature", "properties": { "fid": 8.0, "id": null, "surveyor": "NM", "date": "2024-09-16", "lulc": "rock", "notes": null, "uuid": "{eccc8478-db5c-4e55-969e-c0188f20d9dc}", "fid_1": null, "class_id": 12 }, "geometry": { "type": "Point", "coordinates": [ -159.78566455977861, -21.20207205615792 ] } },
{ "type": "Feature", "properties": { "fid": 8.0, "id": null, "surveyor": "NM", "date": "2024-09-16", "lulc": "rock", "notes": null, "uuid": "{eccc8478-db5c-4e55-969e-c0188f20d9dc}", "fid_1": null, "class_id": 12 }, "geometry": { "type": "Point", "coordinates": [ -159.78566455977861, -21.20207205615792 ] } },
{ "type": "Feature", "properties": { "fid": null, "id": null, "surveyor": "PK", "date": "2024-09-18", "lulc": "rock", "notes": null, "uuid": null, "fid_1": null, "class_id": 12 }, "geometry": { "type": "Point", "coordinates": [ -159.79625500897609, -21.262960586530873 ] } },
{ "type": "Feature", "properties": { "fid": null, "id": null, "surveyor": "KDE", "date": "2024-09-18", "lulc": "sand", "notes": null, "uuid": null, "fid_1": null, "class_id": 9 }, "geometry": { "type": "Point", "coordinates": [ -159.728713308246427, -21.255440110981169 ] } },
{ "type": "Feature", "properties": { "fid": 16.0, "id": null, "surveyor": "KDE", "date": "2024-09-18", "lulc": "sand", "notes": null, "uuid": null, "fid_1": null, "class_id": 9 }, "geometry": { "type": "Point", "coordinates": [ -159.795545604592718, -21.263469536525847 ] } },
{ "type": "Feature", "properties": { "fid": null, "id": null, "surveyor": "KDE", "date": "2024-09-18", "lulc": "sand", "notes": "Sand bank", "uuid": null, "fid_1": null, "class_id": 9 }, "geometry": { "type": "Point", "coordinates": [ -159.798357014882214, -21.261887531140509 ] } },
{ "type": "Feature", "properties": { "fid": null, "id": null, "surveyor": "Mh13", "date": "2024-09-18", "lulc": "sand", "notes": null, "uuid": null, "fid_1": null, "class_id": 9 }, "geometry": { "type": "Point", "coordinates": [ -159.821642842586556, -21.206248367801489 ] } },
{ "type": "Feature", "properties": { "fid": null, "id": null, "surveyor": "Mh13", "date": "2024-09-18", "lulc": "sand", "notes": null, "uuid": null, "fid_1": null, "class_id": 9 }, "geometry": { "type": "Point", "coordinates": [ -159.772676486538359, -21.205183886099203 ] } },
{ "type": "Feature", "properties": { "fid": null, "id": null, "surveyor": "Mh13", "date": "2024-09-18", "lulc": "sand", "notes": null, "uuid": null, "fid_1": null, "class_id": 9 }, "geometry": { "type": "Point", "coordinates": [ -159.73139869542544, -21.257800844392534 ] } },
{ "type": "Feature", "properties": { "fid": null, "id": null, "surveyor": "Mh13", "date": "2024-09-18", "lulc": "sand", "notes": null, "uuid": null, "fid_1": null, "class_id": 9 }, "geometry": { "type": "Point", "coordinates": [ -159.825705991055656, -21.244698521717417 ] } },
{ "type": "Feature", "properties": { "fid": null, "id": null, "surveyor": "PK", "date": "2024-09-18", "lulc": "sand", "notes": null, "uuid": null, "fid_1": null, "class_id": 9 }, "geometry": { "type": "Point", "coordinates": [ -159.728300260114565, -21.254351647362959 ] } },
{ "type": "Feature", "properties": { "fid": null, "id": null, "surveyor": "Mh13", "date": "2024-09-18", "lulc": "sand", "notes": null, "uuid": null, "fid_1": null, "class_id": 9 }, "geometry": { "type": "Point", "coordinates": [ -159.823017161127751, -21.207564978969948 ] } },
{ "type": "Feature", "properties": { "fid": null, "id": null, "surveyor": "Mh13", "date": "2024-09-18", "lulc": "sand", "notes": null, "uuid": null, "fid_1": null, "class_id": 9 }, "geometry": { "type": "Point", "coordinates": [ -159.827688727593738, -21.240398139353044 ] } },
{ "type": "Feature", "properties": { "fid": null, "id": null, "surveyor": "Mh13", "date": "2024-09-18", "lulc": "sand", "notes": null, "uuid": null, "fid_1": null, "class_id": 9 }, "geometry": { "type": "Point", "coordinates": [ -159.826778020383955, -21.24313751822401 ] } },
{ "type": "Feature", "properties": { "fid": null, "id": null, "surveyor": "Mh13", "date": "2024-09-18", "lulc": "sand", "notes": null, "uuid": null, "fid_1": null, "class_id": 9 }, "geometry": { "type": "Point", "coordinates": [ -159.823193726479786, -21.207635889637402 ] } },
{ "type": "Feature", "properties": { "fid": null, "id": null, "surveyor": "Mh13", "date": "2024-09-18", "lulc": "sand", "notes": null, "uuid": null, "fid_1": null, "class_id": 9 }, "geometry": { "type": "Point", "coordinates": [ -159.778858483163361, -21.204732836199973 ] } },
{ "type": "Feature", "properties": { "fid": null, "id": null, "surveyor": "Mh13", "date": "2024-09-18", "lulc": "sand", "notes": null, "uuid": null, "fid_1": null, "class_id": 9 }, "geometry": { "type": "Point", "coordinates": [ -159.804881800474732, -21.258883920302306 ] } },
{ "type": "Feature", "properties": { "fid": null, "id": null, "surveyor": "PK", "date": "2024-09-18", "lulc": "sand", "notes": null, "uuid": null, "fid_1": null, "class_id": 9 }, "geometry": { "type": "Point", "coordinates": [ -159.726905812104377, -21.252874282913201 ] } },
{ "type": "Feature", "properties": { "fid": null, "id": null, "surveyor": "Mh13", "date": "2024-09-18", "lulc": "sand", "notes": null, "uuid": null, "fid_1": null, "class_id": 9 }, "geometry": { "type": "Point", "coordinates": [ -159.820165746776553, -21.254221084401575 ] } },
{ "type": "Feature", "properties": { "fid": null, "id": null, "surveyor": "Mh13", "date": "2024-09-18", "lulc": "sand", "notes": null, "uuid": null, "fid_1": null, "class_id": 9 }, "geometry": { "type": "Point", "coordinates": [ -159.734927431154773, -21.264737661150001 ] } },
{ "type": "Feature", "properties": { "fid": null, "id": null, "surveyor": "EV", "date": "2024-09-18", "lulc": "sand", "notes": null, "uuid": null, "fid_1": null, "class_id": 9 }, "geometry": { "type": "Point", "coordinates": [ -159.795978941131011, -21.260930129573833 ] } },
{ "type": "Feature", "properties": { "fid": null, "id": null, "surveyor": "Mh13", "date": "2024-09-18", "lulc": "sand", "notes": null, "uuid": null, "fid_1": null, "class_id": 9 }, "geometry": { "type": "Point", "coordinates": [ -159.826719688429023, -21.211426736536328 ] } },
{ "type": "Feature", "properties": { "fid": 2.0, "id": null, "surveyor": "NM", "date": "2024-09-16", "lulc": "sand", "notes": "sand crabs", "uuid": "{51e4058a-f89c-4f46-a065-7566c9b94d62}", "fid_1": null, "class_id": 9 }, "geometry": { "type": "Point", "coordinates": [ -159.726520501502733, -21.240578291804368 ] } },
{ "type": "Feature", "properties": { "fid": null, "id": null, "surveyor": "Cain", "date": "2024-09-18", "lulc": "sand", "notes": null, "uuid": null, "fid_1": null, "class_id": 9 }, "geometry": { "type": "Point", "coordinates": [ -159.728509852307781, -21.254191696878753 ] } },
{ "type": "Feature", "properties": { "fid": null, "id": null, "surveyor": "PK", "date": "2024-09-18", "lulc": "sand", "notes": null, "uuid": null, "fid_1": null, "class_id": 9 }, "geometry": { "type": "Point", "coordinates": [ -159.79579472499293, -21.263352277803911 ] } },
{ "type": "Feature", "properties": { "fid": null, "id": null, "surveyor": "NM", "date": "2024-09-16", "lulc": "sand", "notes": "sand crabs", "uuid": "{51e4058a-f89c-4f46-a065-7566c9b94d62}", "fid_1": 2.0, "class_id": 9 }, "geometry": { "type": "Point", "coordinates": [ -159.726520501502733, -21.240578291804368 ] } },
{ "type": "Feature", "properties": { "fid": null, "id": null, "surveyor": "EV", "date": "2024-09-18", "lulc": "sand", "notes": null, "uuid": null, "fid_1": null, "class_id": 9 }, "geometry": { "type": "Point", "coordinates": [ -159.726775709948356, -21.252644921318083 ] } },
{ "type": "Feature", "properties": { "fid": null, "id": null, "surveyor": "MW", "date": "2024-09-18", "lulc": "sand", "notes": null, "uuid": null, "fid_1": 164.0, "class_id": 9 }, "geometry": { "type": "Point", "coordinates": [ -159.735213751296186, -21.264588715696402 ] } },
{ "type": "Feature", "properties": { "fid": null, "id": null, "surveyor": "Aporo", "date": "2024-09-18", "lulc": "sand", "notes": "Papaaroa beach", "uuid": null, "fid_1": null, "class_id": 9 }, "geometry": { "type": "Point", "coordinates": [ -159.771539712307316, -21.267045141105061 ] } },
{ "type": "Feature", "properties": { "fid": null, "id": null, "surveyor": "Mh13", "date": "2024-09-18", "lulc": "sand", "notes": null, "uuid": null, "fid_1": null, "class_id": 9 }, "geometry": { "type": "Point", "coordinates": [ -159.828606137038264, -21.213832937687751 ] } },
{ "type": "Feature", "properties": { "fid": null, "id": null, "surveyor": "Mh13", "date": "2024-09-18", "lulc": "sand", "notes": null, "uuid": null, "fid_1": null, "class_id": 9 }, "geometry": { "type": "Point", "coordinates": [ -159.766645493012277, -21.26896210114294 ] } },
{ "type": "Feature", "properties": { "fid": null, "id": null, "surveyor": "Mh13", "date": "2024-09-18", "lulc": "sand", "notes": null, "uuid": null, "fid_1": null, "class_id": 9 }, "geometry": { "type": "Point", "coordinates": [ -159.813662331154205, -21.257711108911632 ] } },
{ "type": "Feature", "properties": { "fid": null, "id": null, "surveyor": "Mh13", "date": "2024-09-18", "lulc": "sand", "notes": null, "uuid": null, "fid_1": null, "class_id": 9 }, "geometry": { "type": "Point", "coordinates": [ -159.787763294705826, -21.201767939815142 ] } },
{ "type": "Feature", "properties": { "fid": null, "id": null, "surveyor": "Mh13", "date": "2024-09-18", "lulc": "sand", "notes": null, "uuid": null, "fid_1": null, "class_id": 9 }, "geometry": { "type": "Point", "coordinates": [ -159.824265037151463, -21.208600028131908 ] } },
{ "type": "Feature", "properties": { "fid": null, "id": null, "surveyor": "Cain", "date": "2024-09-18", "lulc": "sand", "notes": null, "uuid": null, "fid_1": null, "class_id": 9 }, "geometry": { "type": "Point", "coordinates": [ -159.728501442077288, -21.254274231455007 ] } },
{ "type": "Feature", "properties": { "fid": null, "id": null, "surveyor": "MW", "date": "2024-09-18", "lulc": "sand", "notes": null, "uuid": null, "fid_1": 180.0, "class_id": 9 }, "geometry": { "type": "Point", "coordinates": [ -159.796487367446957, -21.262921904986648 ] } },
{ "type": "Feature", "properties": { "fid": null, "id": null, "surveyor": "Aporo", "date": "2024-09-18", "lulc": "sand", "notes": "Muri beach", "uuid": null, "fid_1": null, "class_id": 9 }, "geometry": { "type": "Point", "coordinates": [ -159.728707685012552, -21.255457873123373 ] } },
{ "type": "Feature", "properties": { "fid": 2.0, "id": null, "surveyor": "NM", "date": "2024-09-16", "lulc": "sand", "notes": "sand crabs", "uuid": "{51e4058a-f89c-4f46-a065-7566c9b94d62}", "fid_1": null, "class_id": 9 }, "geometry": { "type": "Point", "coordinates": [ -159.726520501502733, -21.240578291804368 ] } },
{ "type": "Feature", "properties": { "fid": null, "id": null, "surveyor": "Cain", "date": "2024-09-18", "lulc": "sand", "notes": null, "uuid": null, "fid_1": null, "class_id": 9 }, "geometry": { "type": "Point", "coordinates": [ -159.728519208253402, -21.254578714218013 ] } },
{ "type": "Feature", "properties": { "fid": null, "id": null, "surveyor": "EV", "date": "2024-09-18", "lulc": "sand", "notes": null, "uuid": null, "fid_1": null, "class_id": 9 }, "geometry": { "type": "Point", "coordinates": [ -159.728536203496134, -21.25426727519157 ] } },
{ "type": "Feature", "properties": { "fid": null, "id": null, "surveyor": "Cain", "date": "2024-09-18", "lulc": "sand", "notes": null, "uuid": null, "fid_1": null, "class_id": 9 }, "geometry": { "type": "Point", "coordinates": [ -159.728523558279278, -21.254357678232264 ] } },
{ "type": "Feature", "properties": { "fid": null, "id": null, "surveyor": "Mh13", "date": "2024-09-18", "lulc": "seaweed", "notes": null, "uuid": null, "fid_1": null, "class_id": 11 }, "geometry": { "type": "Point", "coordinates": [ -159.729866361591064, -21.259316224280422 ] } },
{ "type": "Feature", "properties": { "fid": 13.0, "id": null, "surveyor": "NM", "date": "2024-09-15", "lulc": "seaweed", "notes": "Sachin's seaweed", "uuid": "{790a6d73-c9ab-484a-ad76-b1f5399c6fbf}", "fid_1": null, "class_id": 11 }, "geometry": { "type": "Point", "coordinates": [ -159.796770146688914, -21.198298129615662 ] } },
{ "type": "Feature", "properties": { "fid": null, "id": null, "surveyor": "Mh13", "date": "2024-09-18", "lulc": "seaweed", "notes": null, "uuid": null, "fid_1": null, "class_id": 11 }, "geometry": { "type": "Point", "coordinates": [ -159.729222252784353, -21.249296737473387 ] } },
{ "type": "Feature", "properties": { "fid": 13.0, "id": null, "surveyor": "NM", "date": "2024-09-15", "lulc": "seaweed", "notes": "Sachin's seaweed", "uuid": "{790a6d73-c9ab-484a-ad76-b1f5399c6fbf}", "fid_1": null, "class_id": 11 }, "geometry": { "type": "Point", "coordinates": [ -159.796770146688914, -21.198298129615662 ] } },
{ "type": "Feature", "properties": { "fid": 13.0, "id": null, "surveyor": "NM", "date": "2024-09-15", "lulc": "seaweed", "notes": "Sachin's seaweed", "uuid": "{790a6d73-c9ab-484a-ad76-b1f5399c6fbf}", "fid_1": null, "class_id": 11 }, "geometry": { "type": "Point", "coordinates": [ -159.796770146688914, -21.198298129615662 ] } },
{ "type": "Feature", "properties": { "fid": null, "id": null, "surveyor": "Cain", "date": "2024-09-18", "lulc": "seaweed", "notes": null, "uuid": null, "fid_1": null, "class_id": 11 }, "geometry": { "type": "Point", "coordinates": [ -159.778073530634515, -21.202418820038233 ] } },
{ "type": "Feature", "properties": { "fid": null, "id": null, "surveyor": "Mh13", "date": "2024-09-18", "lulc": "settlements", "notes": "Auditorium", "uuid": null, "fid_1": null, "class_id": 5 }, "geometry": { "type": "Point", "coordinates": [ -159.770324767564972, -21.207365238334795 ] } },
{ "type": "Feature", "properties": { "fid": null, "id": null, "surveyor": "Mh13", "date": "2024-09-18", "lulc": "settlements", "notes": "Sheraton ", "uuid": null, "fid_1": null, "class_id": 5 }, "geometry": { "type": "Point", "coordinates": [ -159.795666140852006, -21.262381896689114 ] } },
{ "type": "Feature", "properties": { "fid": null, "id": null, "surveyor": "Mike ", "date": "2024-09-18", "lulc": "settlements", "notes": "Solar power ", "uuid": null, "fid_1": null, "class_id": 5 }, "geometry": { "type": "Point", "coordinates": [ -159.799212321308318, -21.20143727072438 ] } },
{ "type": "Feature", "properties": { "fid": 6.0, "id": null, "surveyor": "NM", "date": "2024-09-15", "lulc": "settlements", "notes": "Vina's vale", "uuid": "{f2c195ab-79f9-45ac-96cd-74f83dfdc063}", "fid_1": null, "class_id": 5 }, "geometry": { "type": "Point", "coordinates": [ -159.82076811757463, -21.252210745814939 ] } },
{ "type": "Feature", "properties": { "fid": null, "id": null, "surveyor": "Mh13", "date": "2024-09-18", "lulc": "settlements", "notes": null, "uuid": null, "fid_1": null, "class_id": 5 }, "geometry": { "type": "Point", "coordinates": [ -159.817846502267997, -21.206060508721048 ] } },
{ "type": "Feature", "properties": { "fid": null, "id": null, "surveyor": "Mh13", "date": "2024-09-18", "lulc": "settlements", "notes": "Mitiaro Hostel", "uuid": null, "fid_1": null, "class_id": 5 }, "geometry": { "type": "Point", "coordinates": [ -159.770284007502198, -21.207694636066403 ] } },
{ "type": "Feature", "properties": { "fid": null, "id": null, "surveyor": "Mh13", "date": "2024-09-18", "lulc": "settlements", "notes": "Palmerston Hall", "uuid": null, "fid_1": null, "class_id": 5 }, "geometry": { "type": "Point", "coordinates": [ -159.770202189985611, -21.206518632272736 ] } },
{ "type": "Feature", "properties": { "fid": null, "id": null, "surveyor": "Mh13", "date": "2024-09-18", "lulc": "settlements", "notes": "Paukapuka", "uuid": null, "fid_1": null, "class_id": 5 }, "geometry": { "type": "Point", "coordinates": [ -159.770484055457189, -21.206585247969063 ] } },
{ "type": "Feature", "properties": { "fid": null, "id": null, "surveyor": "PK", "date": "2024-09-18", "lulc": "settlements", "notes": "Chicken Fry", "uuid": null, "fid_1": null, "class_id": 5 }, "geometry": { "type": "Point", "coordinates": [ -159.775232098775263, -21.206466208723768 ] } },
{ "type": "Feature", "properties": { "fid": null, "id": null, "surveyor": "Mh13", "date": "2024-09-18", "lulc": "settlements", "notes": "Aitutaki Hostel", "uuid": null, "fid_1": null, "class_id": 5 }, "geometry": { "type": "Point", "coordinates": [ -159.771607067814159, -21.20719416700582 ] } },
{ "type": "Feature", "properties": { "fid": null, "id": null, "surveyor": "PK", "date": "2024-09-18", "lulc": "settlements", "notes": "Trader Jack", "uuid": null, "fid_1": null, "class_id": 5 }, "geometry": { "type": "Point", "coordinates": [ -159.774790763448209, -21.206066317562772 ] } },
{ "type": "Feature", "properties": { "fid": null, "id": null, "surveyor": "Mike ", "date": "2024-09-18", "lulc": "settlements", "notes": "Papua Bridge ", "uuid": null, "fid_1": null, "class_id": 5 }, "geometry": { "type": "Point", "coordinates": [ -159.793851455140356, -21.263609278655018 ] } },
{ "type": "Feature", "properties": { "fid": null, "id": null, "surveyor": "PK", "date": "2024-09-18", "lulc": "settlements", "notes": "Restaurant ", "uuid": null, "fid_1": null, "class_id": 5 }, "geometry": { "type": "Point", "coordinates": [ -159.82257074777641, -21.209432531070682 ] } },
{ "type": "Feature", "properties": { "fid": null, "id": null, "surveyor": "PK", "date": "2024-09-18", "lulc": "settlements", "notes": "Tupapa Clinic", "uuid": null, "fid_1": null, "class_id": 5 }, "geometry": { "type": "Point", "coordinates": [ -159.76591829319014, -21.204499311266961 ] } },
{ "type": "Feature", "properties": { "fid": null, "id": null, "surveyor": "MW", "date": "2024-09-18", "lulc": "settlements", "notes": null, "uuid": null, "fid_1": 144.0, "class_id": 5 }, "geometry": { "type": "Point", "coordinates": [ -159.78260676246785, -21.205011378160606 ] } },
{ "type": "Feature", "properties": { "fid": null, "id": null, "surveyor": "PK", "date": "2024-09-18", "lulc": "settlements", "notes": "SB", "uuid": null, "fid_1": null, "class_id": 5 }, "geometry": { "type": "Point", "coordinates": [ -159.748497074069832, -21.20743613085093 ] } },
{ "type": "Feature", "properties": { "fid": null, "id": null, "surveyor": "PK", "date": "2024-09-18", "lulc": "settlements", "notes": null, "uuid": null, "fid_1": null, "class_id": 5 }, "geometry": { "type": "Point", "coordinates": [ -159.733372004421824, -21.222773602918458 ] } },
{ "type": "Feature", "properties": { "fid": null, "id": null, "surveyor": "PK", "date": "2024-09-18", "lulc": "settlements", "notes": null, "uuid": null, "fid_1": null, "class_id": 5 }, "geometry": { "type": "Point", "coordinates": [ -159.728531421062115, -21.2443934589466 ] } },
{ "type": "Feature", "properties": { "fid": null, "id": null, "surveyor": "PK", "date": "2024-09-18", "lulc": "settlements", "notes": null, "uuid": null, "fid_1": null, "class_id": 5 }, "geometry": { "type": "Point", "coordinates": [ -159.729392638523166, -21.254368295105643 ] } },
{ "type": "Feature", "properties": { "fid": null, "id": null, "surveyor": "PK", "date": "2024-09-18", "lulc": "settlements", "notes": null, "uuid": null, "fid_1": null, "class_id": 5 }, "geometry": { "type": "Point", "coordinates": [ -159.729462947366812, -21.255257726654577 ] } },
{ "type": "Feature", "properties": { "fid": null, "id": null, "surveyor": "PK", "date": "2024-09-18", "lulc": "settlements", "notes": null, "uuid": null, "fid_1": null, "class_id": 5 }, "geometry": { "type": "Point", "coordinates": [ -159.730022521991515, -21.254510683730729 ] } },
{ "type": "Feature", "properties": { "fid": null, "id": null, "surveyor": "PK", "date": "2024-09-18", "lulc": "settlements", "notes": null, "uuid": null, "fid_1": null, "class_id": 5 }, "geometry": { "type": "Point", "coordinates": [ -159.730834669613614, -21.254062812802694 ] } },
{ "type": "Feature", "properties": { "fid": null, "id": null, "surveyor": "PK", "date": "2024-09-18", "lulc": "settlements", "notes": "Panama Petrol Station ", "uuid": null, "fid_1": null, "class_id": 5 }, "geometry": { "type": "Point", "coordinates": [ -159.785287164545821, -21.20567373085817 ] } },
{ "type": "Feature", "properties": { "fid": null, "id": null, "surveyor": "Mh13", "date": "2024-09-18", "lulc": "settlements", "notes": "Mfem building", "uuid": null, "fid_1": null, "class_id": 5 }, "geometry": { "type": "Point", "coordinates": [ -159.77597118995493, -21.207542467631718 ] } },
{ "type": "Feature", "properties": { "fid": null, "id": null, "surveyor": "Aporo", "date": "2024-09-18", "lulc": "settlements", "notes": "Cemetery", "uuid": null, "fid_1": null, "class_id": 5 }, "geometry": { "type": "Point", "coordinates": [ -159.826746619251821, -21.24098373393317 ] } },
{ "type": "Feature", "properties": { "fid": null, "id": null, "surveyor": "Bouchard ", "date": "2024-09-18", "lulc": "settlements", "notes": "Market extension ", "uuid": null, "fid_1": null, "class_id": 5 }, "geometry": { "type": "Point", "coordinates": [ -159.781285351350732, -21.204254008391104 ] } },
{ "type": "Feature", "properties": { "fid": null, "id": null, "surveyor": "MW", "date": "2024-09-15", "lulc": "settlements", "notes": null, "uuid": null, "fid_1": 32.0, "class_id": 5 }, "geometry": { "type": "Point", "coordinates": [ -159.806980296588534, -21.201138328374324 ] } },
{ "type": "Feature", "properties": { "fid": null, "id": null, "surveyor": "MW", "date": "2024-09-15", "lulc": "settlements", "notes": null, "uuid": null, "fid_1": 36.0, "class_id": 5 }, "geometry": { "type": "Point", "coordinates": [ -159.795896433924725, -21.199596441982557 ] } },
{ "type": "Feature", "properties": { "fid": null, "id": null, "surveyor": "MW", "date": "2024-09-15", "lulc": "settlements", "notes": null, "uuid": null, "fid_1": 37.0, "class_id": 5 }, "geometry": { "type": "Point", "coordinates": [ -159.795654165614508, -21.199135541294826 ] } },
{ "type": "Feature", "properties": { "fid": null, "id": null, "surveyor": null, "date": "2024-09-18", "lulc": "settlements", "notes": null, "uuid": null, "fid_1": null, "class_id": 5 }, "geometry": { "type": "Point", "coordinates": [ -159.824334799265898, -21.209477569687468 ] } },
{ "type": "Feature", "properties": { "fid": null, "id": null, "surveyor": "Cain", "date": "2024-09-18", "lulc": "settlements", "notes": null, "uuid": null, "fid_1": null, "class_id": 5 }, "geometry": { "type": "Point", "coordinates": [ -159.794677344955403, -21.202616032885487 ] } },
{ "type": "Feature", "properties": { "fid": null, "id": null, "surveyor": "PK", "date": "2024-09-18", "lulc": "settlements", "notes": "Wigmore store", "uuid": null, "fid_1": null, "class_id": 5 }, "geometry": { "type": "Point", "coordinates": [ -159.790691835251636, -21.263906690082727 ] } },
{ "type": "Feature", "properties": { "fid": null, "id": null, "surveyor": "NM", "date": "2024-09-15", "lulc": "settlements", "notes": "Vina's vale", "uuid": "{f2c195ab-79f9-45ac-96cd-74f83dfdc063}", "fid_1": 6.0, "class_id": 5 }, "geometry": { "type": "Point", "coordinates": [ -159.82076811757463, -21.252210745814939 ] } },
{ "type": "Feature", "properties": { "fid": null, "id": null, "surveyor": "Mh13", "date": "2024-09-18", "lulc": "settlements", "notes": "Te Aponga", "uuid": null, "fid_1": null, "class_id": 5 }, "geometry": { "type": "Point", "coordinates": [ -159.781433637935834, -21.2091967772439 ] } },
{ "type": "Feature", "properties": { "fid": null, "id": null, "surveyor": "Mh13", "date": "2024-09-18", "lulc": "settlements", "notes": "Vodafone", "uuid": null, "fid_1": null, "class_id": 5 }, "geometry": { "type": "Point", "coordinates": [ -159.777598882508357, -21.208203964442443 ] } },
{ "type": "Feature", "properties": { "fid": null, "id": null, "surveyor": "Mh13", "date": "2024-09-18", "lulc": "settlements", "notes": "CITC", "uuid": null, "fid_1": null, "class_id": 5 }, "geometry": { "type": "Point", "coordinates": [ -159.777048528666285, -21.206417126793209 ] } },
{ "type": "Feature", "properties": { "fid": null, "id": null, "surveyor": "Mh13", "date": "2024-09-18", "lulc": "settlements", "notes": "Cooks corner", "uuid": null, "fid_1": null, "class_id": 5 }, "geometry": { "type": "Point", "coordinates": [ -159.777603848367505, -21.206419369356908 ] } },
{ "type": "Feature", "properties": { "fid": null, "id": null, "surveyor": "Mh13", "date": "2024-09-18", "lulc": "settlements", "notes": "Gt dumpsite", "uuid": null, "fid_1": null, "class_id": 5 }, "geometry": { "type": "Point", "coordinates": [ -159.781000186531742, -21.206442406238363 ] } },
{ "type": "Feature", "properties": { "fid": null, "id": null, "surveyor": "PK", "date": "2024-09-18", "lulc": "settlements", "notes": "Ratongan Hotel", "uuid": null, "fid_1": null, "class_id": 5 }, "geometry": { "type": "Point", "coordinates": [ -159.814788181963451, -21.256760127118639 ] } },
{ "type": "Feature", "properties": { "fid": null, "id": null, "surveyor": "Bouchard ", "date": "2024-09-18", "lulc": "settlements", "notes": "Public toilet and water station", "uuid": null, "fid_1": null, "class_id": 5 }, "geometry": { "type": "Point", "coordinates": [ -159.780629335962601, -21.204399905043054 ] } },
{ "type": "Feature", "properties": { "fid": 6.0, "id": null, "surveyor": "NM", "date": "2024-09-15", "lulc": "settlements", "notes": "Vina's vale", "uuid": "{f2c195ab-79f9-45ac-96cd-74f83dfdc063}", "fid_1": null, "class_id": 5 }, "geometry": { "type": "Point", "coordinates": [ -159.82076811757463, -21.252210745814939 ] } },
{ "type": "Feature", "properties": { "fid": null, "id": null, "surveyor": "MW", "date": "2024-09-18", "lulc": "settlements", "notes": null, "uuid": null, "fid_1": 129.0, "class_id": 5 }, "geometry": { "type": "Point", "coordinates": [ -159.794435686705611, -21.227947682703725 ] } },
{ "type": "Feature", "properties": { "fid": null, "id": null, "surveyor": "Aporo", "date": "2024-09-18", "lulc": "settlements", "notes": "Is.Car & Bike carpark", "uuid": null, "fid_1": null, "class_id": 5 }, "geometry": { "type": "Point", "coordinates": [ -159.828807715071264, -21.216519571120983 ] } },
{ "type": "Feature", "properties": { "fid": null, "id": null, "surveyor": "PK", "date": "2024-09-18", "lulc": "settlements", "notes": "Takeaway ", "uuid": null, "fid_1": null, "class_id": 5 }, "geometry": { "type": "Point", "coordinates": [ -159.82242994226246, -21.249551993798875 ] } },
{ "type": "Feature", "properties": { "fid": null, "id": null, "surveyor": "KDE PRIVATE SECTOR", "date": "2024-09-18", "lulc": "settlements", "notes": "Tennis court", "uuid": null, "fid_1": null, "class_id": 5 }, "geometry": { "type": "Point", "coordinates": [ -159.829452453689896, -21.216228999277096 ] } },
{ "type": "Feature", "properties": { "fid": null, "id": null, "surveyor": "Aporo", "date": "2024-09-18", "lulc": "settlements", "notes": "Pa Ariki Palace", "uuid": null, "fid_1": null, "class_id": 5 }, "geometry": { "type": "Point", "coordinates": [ -159.727989293853994, -21.241644837893489 ] } },
{ "type": "Feature", "properties": { "fid": null, "id": null, "surveyor": "Aporo", "date": "2024-09-18", "lulc": "settlements", "notes": "Muri Beachcomber", "uuid": null, "fid_1": null, "class_id": 5 }, "geometry": { "type": "Point", "coordinates": [ -159.729370797729672, -21.25543762316963 ] } },
{ "type": "Feature", "properties": { "fid": null, "id": null, "surveyor": "KDE PRIVATE SECTOR", "date": "2024-09-18", "lulc": "settlements", "notes": "Avarua Primary School", "uuid": null, "fid_1": null, "class_id": 5 }, "geometry": { "type": "Point", "coordinates": [ -159.771122319667484, -21.208138879212022 ] } },
{ "type": "Feature", "properties": { "fid": null, "id": null, "surveyor": "KDE PRIVATE SECTOR", "date": "2024-09-18", "lulc": "settlements", "notes": "New construction for building ", "uuid": null, "fid_1": null, "class_id": 5 }, "geometry": { "type": "Point", "coordinates": [ -159.780955119549844, -21.204165857176942 ] } },
{ "type": "Feature", "properties": { "fid": null, "id": null, "surveyor": "EP", "date": "2024-09-18", "lulc": "settlements", "notes": null, "uuid": null, "fid_1": null, "class_id": 5 }, "geometry": { "type": "Point", "coordinates": [ -159.786852932088095, -21.205260402751474 ] } },
{ "type": "Feature", "properties": { "fid": null, "id": null, "surveyor": "KDE PRIVATE SECTOR", "date": "2024-09-18", "lulc": "settlements", "notes": "Bridge into muri", "uuid": null, "fid_1": null, "class_id": 5 }, "geometry": { "type": "Point", "coordinates": [ -159.729657330292383, -21.246711265370056 ] } },
{ "type": "Feature", "properties": { "fid": null, "id": null, "surveyor": "EP", "date": "2024-09-17", "lulc": "settlements", "notes": null, "uuid": null, "fid_1": null, "class_id": 5 }, "geometry": { "type": "Point", "coordinates": [ -159.787199303377861, -21.204997601744726 ] } },
{ "type": "Feature", "properties": { "fid": null, "id": null, "surveyor": "KDE PRIVATE SECTOR", "date": "2024-09-18", "lulc": "settlements", "notes": "Row of containers", "uuid": null, "fid_1": null, "class_id": 5 }, "geometry": { "type": "Point", "coordinates": [ -159.79446802041798, -21.218456499874449 ] } },
{ "type": "Feature", "properties": { "fid": null, "id": null, "surveyor": "KDE PRIVATE SECTOR", "date": "2024-09-18", "lulc": "settlements", "notes": "Row of containers", "uuid": null, "fid_1": null, "class_id": 5 }, "geometry": { "type": "Point", "coordinates": [ -159.789206424373248, -21.21022792475544 ] } },
{ "type": "Feature", "properties": { "fid": null, "id": null, "surveyor": "EP", "date": "2024-09-18", "lulc": "settlements", "notes": "Burial land", "uuid": null, "fid_1": null, "class_id": 5 }, "geometry": { "type": "Point", "coordinates": [ -159.790511352300229, -21.211768881719909 ] } },
{ "type": "Feature", "properties": { "fid": null, "id": null, "surveyor": "EP", "date": "2024-09-18", "lulc": "settlements", "notes": null, "uuid": null, "fid_1": null, "class_id": 5 }, "geometry": { "type": "Point", "coordinates": [ -159.798224378762797, -21.200944653494133 ] } },
{ "type": "Feature", "properties": { "fid": null, "id": null, "surveyor": "KDE PRIVATE SECTOR", "date": "2024-09-18", "lulc": "settlements", "notes": "Shelter", "uuid": null, "fid_1": null, "class_id": 5 }, "geometry": { "type": "Point", "coordinates": [ -159.7802532657646, -21.204241340017411 ] } },
{ "type": "Feature", "properties": { "fid": null, "id": null, "surveyor": "Aporo", "date": "2024-09-18", "lulc": "settlements", "notes": "Enua Manea", "uuid": null, "fid_1": null, "class_id": 5 }, "geometry": { "type": "Point", "coordinates": [ -159.746300297807153, -21.271474928338851 ] } },
{ "type": "Feature", "properties": { "fid": null, "id": null, "surveyor": "KDE PRIVATE SECTOR", "date": "2024-09-18", "lulc": "settlements", "notes": "Graveyard", "uuid": null, "fid_1": null, "class_id": 5 }, "geometry": { "type": "Point", "coordinates": [ -159.828363196718101, -21.22639052499218 ] } },
{ "type": "Feature", "properties": { "fid": null, "id": null, "surveyor": "KDE PRIVATE SECTOR", "date": "2024-09-18", "lulc": "settlements", "notes": "Graveyard and church ", "uuid": null, "fid_1": null, "class_id": 5 }, "geometry": { "type": "Point", "coordinates": [ -159.827403574841867, -21.231726575222034 ] } },
{ "type": "Feature", "properties": { "fid": null, "id": null, "surveyor": "MW", "date": "2024-09-18", "lulc": "settlements", "notes": null, "uuid": null, "fid_1": 170.0, "class_id": 5 }, "geometry": { "type": "Point", "coordinates": [ -159.757550025362832, -21.271233494469005 ] } },
{ "type": "Feature", "properties": { "fid": null, "id": null, "surveyor": "KDE PRIVATE SECTOR", "date": "2024-09-18", "lulc": "settlements", "notes": null, "uuid": null, "fid_1": null, "class_id": 5 }, "geometry": { "type": "Point", "coordinates": [ -159.795643158946064, -21.262365630644954 ] } },
{ "type": "Feature", "properties": { "fid": null, "id": null, "surveyor": "KDE PRIVATE SECTOR", "date": "2024-09-18", "lulc": "settlements", "notes": "Punanga nui market", "uuid": null, "fid_1": null, "class_id": 5 }, "geometry": { "type": "Point", "coordinates": [ -159.783335231146935, -21.205350430457752 ] } },
{ "type": "Feature", "properties": { "fid": null, "id": null, "surveyor": "KDE", "date": "2024-09-18", "lulc": "settlements", "notes": "St. Joseph's School", "uuid": null, "fid_1": null, "class_id": 5 }, "geometry": { "type": "Point", "coordinates": [ -159.780734960338975, -21.207584933019664 ] } },
{ "type": "Feature", "properties": { "fid": null, "id": null, "surveyor": "KDE", "date": "2024-09-18", "lulc": "settlements", "notes": "Building ", "uuid": null, "fid_1": null, "class_id": 5 }, "geometry": { "type": "Point", "coordinates": [ -159.734279816553169, -21.223902123772969 ] } },
{ "type": "Feature", "properties": { "fid": null, "id": null, "surveyor": "KDE", "date": "2024-09-18", "lulc": "settlements", "notes": "Graves", "uuid": null, "fid_1": null, "class_id": 5 }, "geometry": { "type": "Point", "coordinates": [ -159.826749102419001, -21.24102699944061 ] } },
{ "type": "Feature", "properties": { "fid": null, "id": null, "surveyor": "KDE", "date": "2024-09-18", "lulc": "settlements", "notes": "Roof-top Solar panels", "uuid": null, "fid_1": null, "class_id": 5 }, "geometry": { "type": "Point", "coordinates": [ -159.734257599168842, -21.223827953230273 ] } },
{ "type": "Feature", "properties": { "fid": null, "id": null, "surveyor": "Aporo", "date": "2024-09-18", "lulc": "settlements", "notes": "BCI Bank", "uuid": null, "fid_1": null, "class_id": 5 }, "geometry": { "type": "Point", "coordinates": [ -159.778151732142049, -21.205796983437573 ] } },
{ "type": "Feature", "properties": { "fid": null, "id": null, "surveyor": "EP", "date": "2024-09-18", "lulc": "settlements", "notes": "CITC Main Store", "uuid": null, "fid_1": null, "class_id": 5 }, "geometry": { "type": "Point", "coordinates": [ -159.776964703102976, -21.206476444959222 ] } },
{ "type": "Feature", "properties": { "fid": null, "id": null, "surveyor": "KDE PRIVATE SECTOR", "date": "2024-09-18", "lulc": "settlements", "notes": "AIRPORT RUNWAY STRIP", "uuid": null, "fid_1": null, "class_id": 5 }, "geometry": { "type": "Point", "coordinates": [ -159.816357121796813, -21.202415670275077 ] } },
{ "type": "Feature", "properties": { "fid": null, "id": null, "surveyor": "EP", "date": "2024-09-18", "lulc": "settlements", "notes": "MFEM", "uuid": null, "fid_1": null, "class_id": 5 }, "geometry": { "type": "Point", "coordinates": [ -159.776054117251192, -21.20722546039482 ] } },
{ "type": "Feature", "properties": { "fid": null, "id": null, "surveyor": "MW", "date": "2024-09-18", "lulc": "settlements", "notes": null, "uuid": null, "fid_1": 224.0, "class_id": 5 }, "geometry": { "type": "Point", "coordinates": [ -159.827199470358238, -21.216064874505836 ] } },
{ "type": "Feature", "properties": { "fid": null, "id": null, "surveyor": "PK", "date": "2024-09-18", "lulc": "settlements", "notes": "Avatiu Netball court ", "uuid": null, "fid_1": null, "class_id": 5 }, "geometry": { "type": "Point", "coordinates": [ -159.787856148508894, -21.205122347739163 ] } },
{ "type": "Feature", "properties": { "fid": null, "id": null, "surveyor": "MW", "date": "2024-09-15", "lulc": "settlements", "notes": null, "uuid": null, "fid_1": 35.0, "class_id": 5 }, "geometry": { "type": "Point", "coordinates": [ -159.796930505980527, -21.199070542479891 ] } },
{ "type": "Feature", "properties": { "fid": 6.0, "id": null, "surveyor": "NM", "date": "2024-09-15", "lulc": "settlements", "notes": "Vina's vale", "uuid": "{f2c195ab-79f9-45ac-96cd-74f83dfdc063}", "fid_1": null, "class_id": 5 }, "geometry": { "type": "Point", "coordinates": [ -159.82076811757463, -21.252210745814939 ] } },
{ "type": "Feature", "properties": { "fid": null, "id": null, "surveyor": "Aporo", "date": "2024-09-18", "lulc": "settlements", "notes": "KDE", "uuid": null, "fid_1": null, "class_id": 5 }, "geometry": { "type": "Point", "coordinates": [ -159.76883530788615, -21.205649852272206 ] } },
{ "type": "Feature", "properties": { "fid": null, "id": null, "surveyor": "Aporo", "date": "2024-09-18", "lulc": "settlements", "notes": "St Josephs carpark", "uuid": null, "fid_1": null, "class_id": 5 }, "geometry": { "type": "Point", "coordinates": [ -159.780236402804178, -21.205650338408919 ] } },
{ "type": "Feature", "properties": { "fid": null, "id": null, "surveyor": "Aporo", "date": "2024-09-18", "lulc": "settlements", "notes": "Airport", "uuid": null, "fid_1": null, "class_id": 5 }, "geometry": { "type": "Point", "coordinates": [ -159.794993835521439, -21.202815050246461 ] } },
{ "type": "Feature", "properties": { "fid": null, "id": null, "surveyor": "Aporo", "date": "2024-09-18", "lulc": "settlements", "notes": "Avatiu Netball Hardcourts", "uuid": null, "fid_1": null, "class_id": 5 }, "geometry": { "type": "Point", "coordinates": [ -159.787851796811992, -21.205115228575789 ] } },
{ "type": "Feature", "properties": { "fid": null, "id": null, "surveyor": "Aporo", "date": "2024-09-18", "lulc": "settlements", "notes": "Foodland", "uuid": null, "fid_1": null, "class_id": 5 }, "geometry": { "type": "Point", "coordinates": [ -159.778435832032045, -21.205656258238548 ] } },
{ "type": "Feature", "properties": { "fid": null, "id": null, "surveyor": "Aporo", "date": "2024-09-18", "lulc": "settlements", "notes": "Landholding Apartments", "uuid": null, "fid_1": null, "class_id": 5 }, "geometry": { "type": "Point", "coordinates": [ -159.787220690286091, -21.208392496872275 ] } },
{ "type": "Feature", "properties": { "fid": null, "id": null, "surveyor": "MW", "date": "2024-09-18", "lulc": "settlements", "notes": null, "uuid": null, "fid_1": 163.0, "class_id": 5 }, "geometry": { "type": "Point", "coordinates": [ -159.732144607218657, -21.256878773026902 ] } },
{ "type": "Feature", "properties": { "fid": 6.0, "id": null, "surveyor": "NM", "date": "2024-09-15", "lulc": "settlements", "notes": "Vina's vale", "uuid": "{f2c195ab-79f9-45ac-96cd-74f83dfdc063}", "fid_1": null, "class_id": 5 }, "geometry": { "type": "Point", "coordinates": [ -159.82076811757463, -21.252210745814939 ] } },
{ "type": "Feature", "properties": { "fid": null, "id": null, "surveyor": "Aporo", "date": "2024-09-18", "lulc": "settlements", "notes": "CITC Supermarket", "uuid": null, "fid_1": null, "class_id": 5 }, "geometry": { "type": "Point", "coordinates": [ -159.788271651085438, -21.203509606125952 ] } },
{ "type": "Feature", "properties": { "fid": null, "id": null, "surveyor": "EP", "date": "2024-09-18", "lulc": "settlements", "notes": "Rutaki school ", "uuid": null, "fid_1": null, "class_id": 5 }, "geometry": { "type": "Point", "coordinates": [ -159.809303148497946, -21.256551409956273 ] } },
{ "type": "Feature", "properties": { "fid": null, "id": null, "surveyor": "KDE", "date": "2024-09-18", "lulc": "settlements", "notes": "Graveyard", "uuid": null, "fid_1": null, "class_id": 5 }, "geometry": { "type": "Point", "coordinates": [ -159.793562574144147, -21.199599659395808 ] } },
{ "type": "Feature", "properties": { "fid": null, "id": null, "surveyor": "AndreT", "date": "2024-09-18", "lulc": "settlements", "notes": "Restaurant - Antipodes - Masonry", "uuid": null, "fid_1": null, "class_id": 5 }, "geometry": { "type": "Point", "coordinates": [ -159.82245569029871, -21.209452911328807 ] } },
{ "type": "Feature", "properties": { "fid": null, "id": null, "surveyor": "KDE", "date": "2024-09-18", "lulc": "shrubland", "notes": null, "uuid": null, "fid_1": null, "class_id": 4 }, "geometry": { "type": "Point", "coordinates": [ -159.726267654657903, -21.253538486653969 ] } },
{ "type": "Feature", "properties": { "fid": null, "id": null, "surveyor": "PK", "date": "2024-09-18", "lulc": "shrubland", "notes": null, "uuid": null, "fid_1": null, "class_id": 4 }, "geometry": { "type": "Point", "coordinates": [ -159.798715918205033, -21.260711774968637 ] } },
{ "type": "Feature", "properties": { "fid": null, "id": null, "surveyor": "Mh13", "date": "2024-09-18", "lulc": "shrubland", "notes": null, "uuid": null, "fid_1": null, "class_id": 4 }, "geometry": { "type": "Point", "coordinates": [ -159.815888556541154, -21.213524535884083 ] } },
{ "type": "Feature", "properties": { "fid": null, "id": null, "surveyor": "PK", "date": "2024-09-18", "lulc": "shrubland", "notes": null, "uuid": null, "fid_1": null, "class_id": 4 }, "geometry": { "type": "Point", "coordinates": [ -159.728637242114615, -21.242528070577158 ] } },
{ "type": "Feature", "properties": { "fid": 4.0, "id": null, "surveyor": "NM", "date": "2024-08-16", "lulc": "shrubland", "notes": "Sachin's shrubs", "uuid": "{082d589a-8ba8-48fa-86ef-37b64f0937f8}", "fid_1": null, "class_id": 4 }, "geometry": { "type": "Point", "coordinates": [ -159.811127077636883, -21.218871084477552 ] } },
{ "type": "Feature", "properties": { "fid": 4.0, "id": null, "surveyor": "NM", "date": "2024-08-16", "lulc": "shrubland", "notes": "Sachin's shrubs", "uuid": "{082d589a-8ba8-48fa-86ef-37b64f0937f8}", "fid_1": null, "class_id": 4 }, "geometry": { "type": "Point", "coordinates": [ -159.811127077636883, -21.218871084477552 ] } },
{ "type": "Feature", "properties": { "fid": null, "id": null, "surveyor": "PK", "date": "2024-09-18", "lulc": "shrubland", "notes": null, "uuid": null, "fid_1": null, "class_id": 4 }, "geometry": { "type": "Point", "coordinates": [ -159.734702627066724, -21.262960360619864 ] } },
{ "type": "Feature", "properties": { "fid": null, "id": null, "surveyor": "PK", "date": "2024-09-18", "lulc": "shrubland", "notes": null, "uuid": null, "fid_1": null, "class_id": 4 }, "geometry": { "type": "Point", "coordinates": [ -159.735778875240584, -21.263910769904154 ] } },
{ "type": "Feature", "properties": { "fid": null, "id": null, "surveyor": "KDE PRIVATE SECTOR", "date": "2024-09-18", "lulc": "shrubland", "notes": null, "uuid": null, "fid_1": null, "class_id": 4 }, "geometry": { "type": "Point", "coordinates": [ -159.732100587276477, -21.227429271888063 ] } },
{ "type": "Feature", "properties": { "fid": null, "id": null, "surveyor": "Mh13", "date": "2024-09-18", "lulc": "shrubland", "notes": null, "uuid": null, "fid_1": null, "class_id": 4 }, "geometry": { "type": "Point", "coordinates": [ -159.776501127080053, -21.205998068793775 ] } },
{ "type": "Feature", "properties": { "fid": 4.0, "id": null, "surveyor": "NM", "date": "2024-08-16", "lulc": "shrubland", "notes": "Sachin's shrubs", "uuid": "{082d589a-8ba8-48fa-86ef-37b64f0937f8}", "fid_1": null, "class_id": 4 }, "geometry": { "type": "Point", "coordinates": [ -159.811127077636883, -21.218871084477552 ] } },
{ "type": "Feature", "properties": { "fid": null, "id": null, "surveyor": "MH13", "date": "2024-09-17", "lulc": "shrubland", "notes": null, "uuid": null, "fid_1": null, "class_id": 4 }, "geometry": { "type": "Point", "coordinates": [ -159.734152101107668, -21.222933164859676 ] } },
{ "type": "Feature", "properties": { "fid": null, "id": null, "surveyor": "Mh13", "date": "2024-09-18", "lulc": "shrubland", "notes": null, "uuid": null, "fid_1": null, "class_id": 4 }, "geometry": { "type": "Point", "coordinates": [ -159.776613132223048, -21.205674119100031 ] } },
{ "type": "Feature", "properties": { "fid": null, "id": null, "surveyor": "KDE PRIVATE SECTOR", "date": "2024-09-18", "lulc": "shrubland", "notes": "SHRUBBERY INSIDE OF THE WETLANDS AREA", "uuid": null, "fid_1": null, "class_id": 4 }, "geometry": { "type": "Point", "coordinates": [ -159.792638424884018, -21.203581097605579 ] } },
{ "type": "Feature", "properties": { "fid": null, "id": null, "surveyor": "KDE PRIVATE SECTOR", "date": "2024-09-18", "lulc": "shrubland", "notes": null, "uuid": null, "fid_1": null, "class_id": 4 }, "geometry": { "type": "Point", "coordinates": [ -159.815620167637206, -21.255991797771568 ] } },
{ "type": "Feature", "properties": { "fid": null, "id": null, "surveyor": "MW", "date": "2024-09-16", "lulc": "shrubland", "notes": null, "uuid": null, "fid_1": 51.0, "class_id": 4 }, "geometry": { "type": "Point", "coordinates": [ -159.813961721061474, -21.200914061359775 ] } },
{ "type": "Feature", "properties": { "fid": null, "id": null, "surveyor": "MW", "date": "2024-09-16", "lulc": "shrubland", "notes": null, "uuid": null, "fid_1": 52.0, "class_id": 4 }, "geometry": { "type": "Point", "coordinates": [ -159.731050739646065, -21.231462718673267 ] } },
{ "type": "Feature", "properties": { "fid": null, "id": null, "surveyor": "MW", "date": "2024-09-18", "lulc": "shrubland", "notes": null, "uuid": null, "fid_1": 209.0, "class_id": 4 }, "geometry": { "type": "Point", "coordinates": [ -159.815382609326718, -21.25590750935147 ] } },
{ "type": "Feature", "properties": { "fid": null, "id": null, "surveyor": "EP", "date": "2024-09-18", "lulc": "shrubland", "notes": null, "uuid": null, "fid_1": null, "class_id": 4 }, "geometry": { "type": "Point", "coordinates": [ -159.793485761983902, -21.202390705146268 ] } },
{ "type": "Feature", "properties": { "fid": null, "id": null, "surveyor": "MW", "date": "2024-09-18", "lulc": "shrubland", "notes": null, "uuid": null, "fid_1": 104.0, "class_id": 4 }, "geometry": { "type": "Point", "coordinates": [ -159.823838554674268, -21.208477870738442 ] } },
{ "type": "Feature", "properties": { "fid": null, "id": null, "surveyor": "EV", "date": "2024-09-18", "lulc": "shrubland", "notes": null, "uuid": null, "fid_1": null, "class_id": 4 }, "geometry": { "type": "Point", "coordinates": [ -159.794244541874264, -21.261863313680127 ] } },
{ "type": "Feature", "properties": { "fid": 5.0, "id": null, "surveyor": "NM", "date": "2024-09-16", "lulc": "water", "notes": "Waqa's water", "uuid": "{a4f75038-10ef-4d85-9a83-28e8f6c6835b}", "fid_1": null, "class_id": 7 }, "geometry": { "type": "Point", "coordinates": [ -159.806279888818409, -21.182802214399132 ] } },
{ "type": "Feature", "properties": { "fid": null, "id": null, "surveyor": "Cain", "date": "2024-09-18", "lulc": "water", "notes": null, "uuid": null, "fid_1": null, "class_id": 7 }, "geometry": { "type": "Point", "coordinates": [ -159.793594159910356, -21.227603734572401 ] } },
{ "type": "Feature", "properties": { "fid": null, "id": null, "surveyor": "Mh13", "date": "2024-09-18", "lulc": "water", "notes": "Papua Waterfall", "uuid": null, "fid_1": null, "class_id": 7 }, "geometry": { "type": "Point", "coordinates": [ -159.787542781799942, -21.253700924871428 ] } },
{ "type": "Feature", "properties": { "fid": null, "id": null, "surveyor": "MW", "date": "2024-09-18", "lulc": "wetlands", "notes": null, "uuid": null, "fid_1": 121.0, "class_id": 8 }, "geometry": { "type": "Point", "coordinates": [ -159.792859017247821, -21.202772553769783 ] } },
{ "type": "Feature", "properties": { "fid": null, "id": null, "surveyor": "EP", "date": "2024-09-18", "lulc": "wetlands", "notes": "Avatiu wetlands east end of run way", "uuid": null, "fid_1": null, "class_id": 8 }, "geometry": { "type": "Point", "coordinates": [ -159.793575372390364, -21.203141059683507 ] } },
{ "type": "Feature", "properties": { "fid": null, "id": null, "surveyor": "Mh13", "date": "2024-09-18", "lulc": "wetlands", "notes": null, "uuid": null, "fid_1": null, "class_id": 8 }, "geometry": { "type": "Point", "coordinates": [ -159.765418683938435, -21.26707918658111 ] } },
{ "type": "Feature", "properties": { "fid": null, "id": null, "surveyor": "MW", "date": "2024-09-18", "lulc": "wetlands", "notes": null, "uuid": null, "fid_1": 125.0, "class_id": 8 }, "geometry": { "type": "Point", "coordinates": [ -159.79279744920666, -21.202771869476937 ] } },
{ "type": "Feature", "properties": { "fid": null, "id": null, "surveyor": "KDE PRIVATE SECTOR", "date": "2024-09-18", "lulc": "wetlands", "notes": null, "uuid": null, "fid_1": null, "class_id": 8 }, "geometry": { "type": "Point", "coordinates": [ -159.730117659344018, -21.24908434723671 ] } },
{ "type": "Feature", "properties": { "fid": null, "id": null, "surveyor": "MW", "date": "2024-09-18", "lulc": "wetlands", "notes": null, "uuid": null, "fid_1": 124.0, "class_id": 8 }, "geometry": { "type": "Point", "coordinates": [ -159.792811202651194, -21.202744984103479 ] } },
{ "type": "Feature", "properties": { "fid": null, "id": null, "surveyor": "EV", "date": "2024-09-18", "lulc": "wetlands", "notes": "Swamp", "uuid": null, "fid_1": null, "class_id": 8 }, "geometry": { "type": "Point", "coordinates": [ -159.792542792061624, -21.202824359739086 ] } },
{ "type": "Feature", "properties": { "fid": null, "id": null, "surveyor": "Mh13", "date": "2024-09-18", "lulc": "wetlands", "notes": null, "uuid": null, "fid_1": null, "class_id": 8 }, "geometry": { "type": "Point", "coordinates": [ -159.790251502472927, -21.203380274885003 ] } },
{ "type": "Feature", "properties": { "fid": null, "id": null, "surveyor": "Aporo", "date": "2024-09-18", "lulc": "wetlands", "notes": "Panama wetlands", "uuid": null, "fid_1": null, "class_id": 8 }, "geometry": { "type": "Point", "coordinates": [ -159.79330055193924, -21.202847737270197 ] } },
{ "type": "Feature", "properties": { "fid": null, "id": null, "surveyor": "Mh13", "date": "2024-09-18", "lulc": "wetlands", "notes": null, "uuid": null, "fid_1": null, "class_id": 8 }, "geometry": { "type": "Point", "coordinates": [ -159.793214655554692, -21.204148567688527 ] } },
{ "type": "Feature", "properties": { "fid": null, "id": null, "surveyor": "KDE PRIVATE SECTOR", "date": "2024-09-18", "lulc": "wetlands", "notes": "FLOODED AREA", "uuid": null, "fid_1": null, "class_id": 8 }, "geometry": { "type": "Point", "coordinates": [ -159.792271749967796, -21.203336512311516 ] } },
{ "type": "Feature", "properties": { "fid": null, "id": null, "surveyor": "Aporo", "date": "2024-09-18", "lulc": "wetlands", "notes": "Panama wetlands", "uuid": null, "fid_1": null, "class_id": 8 }, "geometry": { "type": "Point", "coordinates": [ -159.792407914319938, -21.20415078183942 ] } },
{ "type": "Feature", "properties": { "fid": null, "id": null, "surveyor": "KDE", "date": "2024-09-18", "lulc": "wetlands", "notes": "Swamp", "uuid": null, "fid_1": null, "class_id": 8 }, "geometry": { "type": "Point", "coordinates": [ -159.793325349014594, -21.202791006475909 ] } },
{ "type": "Feature", "properties": { "fid": null, "id": null, "surveyor": "Mh13", "date": "2024-09-18", "lulc": "wetlands", "notes": null, "uuid": null, "fid_1": null, "class_id": 8 }, "geometry": { "type": "Point", "coordinates": [ -159.789012459559501, -21.205085481180518 ] } },
{ "type": "Feature", "properties": { "fid": null, "id": null, "surveyor": "MW", "date": "2024-09-18", "lulc": "wetlands", "notes": null, "uuid": null, "fid_1": 119.0, "class_id": 8 }, "geometry": { "type": "Point", "coordinates": [ -159.793522510640486, -21.202755883563892 ] } },
{ "type": "Feature", "properties": { "fid": null, "id": null, "surveyor": null, "date": null, "lulc": "water", "notes": null, "uuid": null, "fid_1": null, "class_id": 7 }, "geometry": { "type": "Point", "coordinates": [ -159.825392605109442, -21.199437612115975 ] } },
{ "type": "Feature", "properties": { "fid": null, "id": null, "surveyor": null, "date": null, "lulc": "water", "notes": null, "uuid": null, "fid_1": null, "class_id": 7 }, "geometry": { "type": "Point", "coordinates": [ -159.739167910073292, -21.206450158905856 ] } },
{ "type": "Feature", "properties": { "fid": null, "id": null, "surveyor": null, "date": null, "lulc": "water", "notes": null, "uuid": null, "fid_1": null, "class_id": 7 }, "geometry": { "type": "Point", "coordinates": [ -159.721587158966258, -21.221956776455311 ] } },
{ "type": "Feature", "properties": { "fid": null, "id": null, "surveyor": null, "date": null, "lulc": "water", "notes": null, "uuid": null, "fid_1": null, "class_id": 7 }, "geometry": { "type": "Point", "coordinates": [ -159.710327576796601, -21.26590865422288 ] } },
{ "type": "Feature", "properties": { "fid": null, "id": null, "surveyor": null, "date": null, "lulc": "water", "notes": null, "uuid": null, "fid_1": null, "class_id": 7 }, "geometry": { "type": "Point", "coordinates": [ -159.71111772291377, -21.248327903115854 ] } },
{ "type": "Feature", "properties": { "fid": null, "id": null, "surveyor": null, "date": null, "lulc": "water", "notes": null, "uuid": null, "fid_1": null, "class_id": 7 }, "geometry": { "type": "Point", "coordinates": [ -159.801885758123632, -21.18491867721298 ] } },
{ "type": "Feature", "properties": { "fid": null, "id": null, "surveyor": null, "date": null, "lulc": "water", "notes": null, "uuid": null, "fid_1": null, "class_id": 7 }, "geometry": { "type": "Point", "coordinates": [ -159.842183210099279, -21.252673706760287 ] } },
{ "type": "Feature", "properties": { "fid": null, "id": null, "surveyor": null, "date": null, "lulc": "water", "notes": null, "uuid": null, "fid_1": null, "class_id": 7 }, "geometry": { "type": "Point", "coordinates": [ -159.793095382570129, -21.268674165632973 ] } },
{ "type": "Feature", "properties": { "fid": null, "id": null, "surveyor": null, "date": null, "lulc": "water", "notes": null, "uuid": null, "fid_1": null, "class_id": 7 }, "geometry": { "type": "Point", "coordinates": [ -159.72089578111374, -21.249809427085548 ] } },
{ "type": "Feature", "properties": { "fid": null, "id": null, "surveyor": null, "date": null, "lulc": "water", "notes": null, "uuid": null, "fid_1": null, "class_id": 7 }, "geometry": { "type": "Point", "coordinates": [ -159.724056365582413, -21.240623978473447 ] } },
{ "type": "Feature", "properties": { "fid": null, "id": null, "surveyor": null, "date": null, "lulc": "water", "notes": null, "uuid": null, "fid_1": null, "class_id": 7 }, "geometry": { "type": "Point", "coordinates": [ -159.728500937491503, -21.232228675978519 ] } },
{ "type": "Feature", "properties": { "fid": null, "id": null, "surveyor": null, "date": null, "lulc": "water", "notes": null, "uuid": null, "fid_1": null, "class_id": 7 }, "geometry": { "type": "Point", "coordinates": [ -159.729686156667242, -21.227389031010855 ] } },
{ "type": "Feature", "properties": { "fid": null, "id": null, "surveyor": null, "date": null, "lulc": "water", "notes": null, "uuid": null, "fid_1": null, "class_id": 7 }, "geometry": { "type": "Point", "coordinates": [ -159.742723567600535, -21.208623060728073 ] } },
{ "type": "Feature", "properties": { "fid": null, "id": null, "surveyor": null, "date": null, "lulc": "water", "notes": null, "uuid": null, "fid_1": null, "class_id": 7 }, "geometry": { "type": "Point", "coordinates": [ -159.766526719380295, -21.203289574437179 ] } },
{ "type": "Feature", "properties": { "fid": null, "id": null, "surveyor": "KR", "date": null, "lulc": "water", "notes": null, "uuid": null, "fid_1": null, "class_id": 7 }, "geometry": { "type": "Point", "coordinates": [ -159.772551583523693, -21.203092037907886 ] } },
{ "type": "Feature", "properties": { "fid": null, "id": null, "surveyor": "KR", "date": null, "lulc": "water", "notes": null, "uuid": null, "fid_1": null, "class_id": 7 }, "geometry": { "type": "Point", "coordinates": [ -159.800107929359996, -21.197165942029113 ] } },
{ "type": "Feature", "properties": { "fid": null, "id": null, "surveyor": "KR", "date": null, "lulc": "water", "notes": null, "uuid": null, "fid_1": null, "class_id": 7 }, "geometry": { "type": "Point", "coordinates": [ -159.80771308573776, -21.198449929469511 ] } },
{ "type": "Feature", "properties": { "fid": null, "id": null, "surveyor": "KR", "date": null, "lulc": "water", "notes": null, "uuid": null, "fid_1": null, "class_id": 7 }, "geometry": { "type": "Point", "coordinates": [ -159.821145569729651, -21.203092037907886 ] } },
{ "type": "Feature", "properties": { "fid": null, "id": null, "surveyor": "KR", "date": null, "lulc": "water", "notes": null, "uuid": null, "fid_1": null, "class_id": 7 }, "geometry": { "type": "Point", "coordinates": [ -159.829540872224584, -21.211388572138166 ] } },
{ "type": "Feature", "properties": { "fid": null, "id": null, "surveyor": "KR", "date": null, "lulc": "water", "notes": null, "uuid": null, "fid_1": null, "class_id": 7 }, "geometry": { "type": "Point", "coordinates": [ -159.833096529751828, -21.219882642897741 ] } },
{ "type": "Feature", "properties": { "fid": null, "id": null, "surveyor": "KR", "date": null, "lulc": "water", "notes": null, "uuid": null, "fid_1": null, "class_id": 7 }, "geometry": { "type": "Point", "coordinates": [ -159.832800224957907, -21.225709970511868 ] } },
{ "type": "Feature", "properties": { "fid": null, "id": null, "surveyor": "KR", "date": null, "lulc": "water", "notes": null, "uuid": null, "fid_1": null, "class_id": 7 }, "geometry": { "type": "Point", "coordinates": [ -159.786181604044884, -21.27242735968953 ] } },
{ "type": "Feature", "properties": { "fid": null, "id": null, "surveyor": "KR", "date": null, "lulc": "water", "notes": null, "uuid": null, "fid_1": null, "class_id": 7 }, "geometry": { "type": "Point", "coordinates": [ -159.82638028775591, -21.255735522964319 ] } },
{ "type": "Feature", "properties": { "fid": null, "id": null, "surveyor": "KR", "date": null, "lulc": "water", "notes": null, "uuid": null, "fid_1": null, "class_id": 7 }, "geometry": { "type": "Point", "coordinates": [ -159.828454421313467, -21.251192182790593 ] } }
]
}
