Date,lsd,rain_24h,max_air_temp,min_air_temp,rel_humidity,wind_speed,day_of_year
1990-01-01,1990-01-01,0.0,28.5,24.4,63,5.144,1
1990-01-02,1990-01-02,0.0,30,23.2,63,3.6008,2
1990-01-03,1990-01-03,0.0,29.5,22.5,69,3.6008,3
1990-01-04,1990-01-04,83.3,30.5,22.8,65,3.0864,4
1990-01-05,1990-01-05,22.5,27.6,22.2,99,0,5
1990-01-06,1990-01-06,21.2,28,22.7,80,2.0576,6
1990-01-07,1990-01-07,25.0,28.5,23.2,88,0,7
1990-01-08,1990-01-08,22.4,30.5,23.2,83,2.572,8
1990-01-09,1990-01-09,24.6,30.2,21.3,72,0,9
1990-01-10,1990-01-10,105.6,30.2,23.5,83,3.0864,10
1990-01-11,1990-01-11,0.0,31.2,23.2,72,3.0864,11
1990-01-12,1990-01-12,0.5,30,25.5,81,4.1152,12
1990-01-13,1990-01-13,0.0,30.4,25.9,88,3.0864,13
1990-01-14,1990-01-14,0.0,30.5,25.7,78,4.1152,14
1990-01-15,1990-01-15,0.2,30,26.5,75,6.6872,15
1990-01-16,1990-01-16,4.2,29.6,25,75,5.144,16
1990-01-17,1990-01-17,10.6,28.7,24.7,80,5.144,17
1990-01-18,1990-01-18,0.0,29.5,22.7,73,1.5432,18
1990-01-19,1990-01-19,8.0,30.5,24.3,72,5.144,19
1990-01-20,1990-01-20,0.0,30.9,25,81,3.0864,20
1990-01-21,1990-01-21,0.0,31,24.2,74,4.1152,21
1990-01-22,1990-01-22,0.0,30.3,24,75,4.1152,22
1990-01-23,1990-01-23,10.0,30.9,24.6,67,5.144,23
1990-01-24,1990-01-24,1.1,30,23.7,82,3.0864,24
1990-01-25,1990-01-25,0.0,30.7,24.3,78,3.6008,25
1990-01-26,1990-01-26,0.0,31,24.8,78,2.572,26
1990-01-27,1990-01-27,31.1,32.3,24.7,60,1.5432,27
1990-01-28,1990-01-28,0.0,30.5,23.7,69,2.0576,28
1990-01-29,1990-01-29,0.0,30.7,24,78,2.572,29
1990-01-30,1990-01-30,11.2,31.3,25.5,73,3.6008,30
1990-01-31,1990-01-31,0.6,30,25.3,78,3.6008,31
1990-02-01,1990-02-01,0.0,30.2,24.5,73,5.144,32
1990-02-02,1990-02-02,0.4,30.2,24.6,76,3.6008,33
1990-02-03,1990-02-03,17.2,30.5,25.9,86,5.144,34
1990-02-04,1990-02-04,1.9,29.7,24,90,7.716,35
1990-02-05,1990-02-05,4.8,29.2,23,93,5.6584,36
1990-02-06,1990-02-06,0.0,29,23.5,87,3.6008,37
1990-02-07,1990-02-07,0.0,29,24.4,87,3.6008,38
1990-02-08,1990-02-08,0.3,29.5,23.8,82,3.6008,39
1990-02-09,1990-02-09,0.0,31.5,21.3,87,3.6008,40
1990-02-10,1990-02-10,0.0,30.7,23.5,68,3.0864,41
1990-02-11,1990-02-11,4.2,30.7,23,67,2.572,42
1990-02-12,1990-02-12,6.5,30,22.5,68,3.6008,43
1990-02-13,1990-02-13,37.2,30.4,22.2,79,4.1152,44
1990-02-14,1990-02-14,0.0,30,22.3,75,2.572,45
1990-02-15,1990-02-15,0.0,31.7,23.2,77,0,46
1990-02-16,1990-02-16,0.0,30.9,23.3,70,1.5432,47
1990-02-17,1990-02-17,0.0,31.2,22.7,67,3.0864,48
1990-02-18,1990-02-18,5.9,30,23.7,79,3.0864,49
1990-02-19,1990-02-19,0.0,29,24.5,79,3.6008,50
1990-02-20,1990-02-20,2.2,30.8,24.8,65,3.0864,51
1990-02-21,1990-02-21,0.0,30.2,24.3,75,3.6008,52
1990-02-22,1990-02-22,28.4,30.7,24.5,73,3.6008,53
1990-02-23,1990-02-23,0.0,30.1,24,69,,54
1990-02-24,1990-02-24,0.0,30.9,24,76,,55
1990-02-25,1990-02-25,0.0,30.3,22.8,68,,56
1990-02-26,1990-02-26,0.0,30.6,23.7,71,3.6008,57
1990-02-27,1990-02-27,15.9,30.6,25.3,73,0,58
1990-02-28,1990-02-28,9.2,31,23.6,76,2.0576,59
1990-03-01,1990-03-01,8.9,29.2,24.2,74,3.0864,60
1990-03-02,1990-03-02,0.4,30.7,24.3,74,3.6008,61
1990-03-03,1990-03-03,0.4,30.4,25,71,5.144,62
1990-03-04,1990-03-04,0.0,30.7,25.5,79,3.6008,63
1990-03-05,1990-03-05,8.9,30.7,24.8,77,2.0576,64
1990-03-06,1990-03-06,16.2,29.8,23.9,90,0,65
1990-03-07,1990-03-07,2.5,31.5,24.2,73,0,66
1990-03-08,1990-03-08,38.3,30.7,23.6,76,1.0288,67
1990-03-09,1990-03-09,2.1,30,23.5,85,3.0864,68
1990-03-10,1990-03-10,0.8,30.2,24.5,76,4.6296,69
1990-03-11,1990-03-11,0.4,30.2,25.2,69,3.0864,70
1990-03-12,1990-03-12,0.1,30.5,25.6,73,5.144,71
1990-03-13,1990-03-13,3.1,28.8,25.1,81,1.5432,72
1990-03-14,1990-03-14,0.0,30.6,24.1,79,3.6008,73
1990-03-15,1990-03-15,36.2,30.1,24.4,77,3.0864,74
1990-03-16,1990-03-16,4.8,28.9,23.5,87,2.0576,75
1990-03-17,1990-03-17,0.0,30.2,24.7,76,4.1152,76
1990-03-18,1990-03-18,12.9,30.2,26.3,73,7.2016,77
1990-03-19,1990-03-19,114.5,27.7,23.7,80,7.716,78
1990-03-20,1990-03-20,188.8,26.5,22.4,92,6.6872,79
1990-03-21,1990-03-21,30.9,27.4,23.5,84,3.6008,80
1990-03-22,1990-03-22,11.2,30.5,24.1,89,1.0288,81
1990-03-23,1990-03-23,39.4,29.6,23.3,90,13.8888,82
1990-03-24,1990-03-24,0.8,29.7,24.1,78,4.1152,83
1990-03-25,1990-03-25,6.8,26.7,24.5,84,3.6008,84
1990-03-26,1990-03-26,3.3,28.5,22.8,80,5.144,85
1990-03-27,1990-03-27,0.2,28.4,21.9,74,5.144,86
1990-03-28,1990-03-28,2.1,28.8,24.7,67,6.6872,87
1990-03-29,1990-03-29,0.5,27.9,22.5,58,7.2016,88
1990-03-30,1990-03-30,2.3,27.7,23.3,74,6.1728,89
1990-03-31,1990-03-31,0.0,28.1,22.2,62,3.0864,90
1990-04-01,1990-04-01,0.0,28.3,24,65,4.1152,91
1990-04-02,1990-04-02,7.9,28.5,23.7,72,4.6296,92
1990-04-03,1990-04-03,21.9,28.4,23.9,97,4.1152,93
1990-04-04,1990-04-04,1.1,29.2,24.4,82,6.1728,94
1990-04-05,1990-04-05,0.7,28,25.8,74,7.716,95
1990-04-06,1990-04-06,0.0,28.2,23.7,76,4.6296,96
1990-04-07,1990-04-07,0.0,28.2,24.6,59,5.144,97
1990-04-08,1990-04-08,17.7,27.8,22.5,61,7.716,98
1990-04-09,1990-04-09,40.0,26.8,22.8,92,5.144,99
1990-04-10,1990-04-10,44.7,24.4,22.2,96,3.0864,100
1990-04-11,1990-04-11,3.8,27,21.4,93,0,101
1990-04-12,1990-04-12,0.0,28.1,23.2,84,3.6008,102
1990-04-13,1990-04-13,0.0,27.6,24.7,82,3.0864,103
1990-04-14,1990-04-14,0.6,28.5,25.2,86,4.1152,104
1990-04-15,1990-04-15,1.0,27.6,24.6,75,5.6584,105
1990-04-16,1990-04-16,0.0,27.6,24,68,4.1152,106
1990-04-17,1990-04-17,0.0,27.8,24.1,72,6.6872,107
1990-04-18,1990-04-18,2.5,27.5,22.8,75,4.1152,108
1990-04-19,1990-04-19,0.0,27.2,21.5,84,2.572,109
1990-04-20,1990-04-20,0.0,27.7,22.2,69,3.6008,110
1990-04-21,1990-04-21,0.3,27.7,24,72,4.1152,111
1990-04-22,1990-04-22,0.8,27.3,23.5,72,4.1152,112
1990-04-23,1990-04-23,1.1,27.6,22.9,81,5.144,113
1990-04-24,1990-04-24,0.0,28,22.6,76,3.6008,114
1990-04-25,1990-04-25,0.0,29.9,21.1,75,0,115
1990-04-26,1990-04-26,8.7,30.7,21.6,79,0,116
1990-04-27,1990-04-27,5.3,29.8,22.7,80,0,117
1990-04-28,1990-04-28,2.3,29.7,23.6,84,3.6008,118
1990-04-29,1990-04-29,0.0,28.3,25.4,84,6.6872,119
1990-04-30,1990-04-30,0.0,27.6,25,69,4.1152,120
1990-05-01,1990-05-01,0.0,28.2,25.2,78,5.144,121
1990-05-02,1990-05-02,0.0,26.8,25.2,91,6.6872,122
1990-05-03,1990-05-03,0.0,27.3,23.3,71,4.1152,123
1990-05-04,1990-05-04,0.0,28,24.4,67,4.6296,124
1990-05-05,1990-05-05,1.0,27.5,23.5,84,3.6008,125
1990-05-06,1990-05-06,15.3,27.3,23.7,83,5.144,126
1990-05-07,1990-05-07,2.0,26.8,22.3,89,7.716,127
1990-05-08,1990-05-08,9.1,27.4,22.3,82,0,128
1990-05-09,1990-05-09,0.5,29.4,22.6,90,2.572,129
1990-05-10,1990-05-10,0.0,28.1,24.4,88,4.1152,130
1990-05-11,1990-05-11,0.0,30.4,24,76,2.0576,131
1990-05-12,1990-05-12,0.0,29.5,22.5,80,2.572,132
1990-05-13,1990-05-13,69.7,28.9,24.3,84,0,133
1990-05-14,1990-05-14,97.9,25.2,23,96,6.1728,134
1990-05-15,1990-05-15,0.1,27,22.5,90,2.572,135
1990-05-16,1990-05-16,0.8,28,23.9,84,2.572,136
1990-05-17,1990-05-17,2.3,28.3,24.4,85,3.0864,137
1990-05-18,1990-05-18,12.6,28.4,23.8,91,1.0288,138
1990-05-19,1990-05-19,2.2,29.4,24.1,87,1.0288,139
1990-05-20,1990-05-20,0.0,29.3,22.4,88,0,140
1990-05-21,1990-05-21,2.8,28.9,25.2,81,0,141
1990-05-22,1990-05-22,3.6,28.2,24.9,82,4.1152,142
1990-05-23,1990-05-23,0.0,28.4,24.8,88,4.1152,143
1990-05-24,1990-05-24,0.2,27.6,25.6,84,6.6872,144
1990-05-25,1990-05-25,3.1,27.2,24.5,86,5.144,145
1990-05-26,1990-05-26,0.6,28.6,23.9,79,3.6008,146
1990-05-27,1990-05-27,2.8,27.8,22.9,78,5.6584,147
1990-05-28,1990-05-28,4.0,26.9,22.6,81,5.6584,148
1990-05-29,1990-05-29,0.0,27.2,23.3,73,6.6872,149
1990-05-30,1990-05-30,0.2,27.8,23.5,76,2.572,150
1990-05-31,1990-05-31,1.1,27.4,23.4,65,3.6008,151
1990-06-01,1990-06-01,2.7,27.3,23.4,81,6.6872,152
1990-06-02,1990-06-02,0.2,27.2,23.4,66,5.144,153
1990-06-03,1990-06-03,0.3,27.9,24.2,83,4.6296,154
1990-06-04,1990-06-04,13.4,28.7,23.6,84,3.6008,155
1990-06-05,1990-06-05,0.9,28.5,24.5,76,2.572,156
1990-06-06,1990-06-06,1.1,27.8,24.2,81,5.144,157
1990-06-07,1990-06-07,5.2,27.3,23.2,75,6.1728,158
1990-06-08,1990-06-08,0.2,27.6,23.5,89,7.2016,159
1990-06-09,1990-06-09,13.8,28.9,24,72,0,160
1990-06-10,1990-06-10,15.2,30.6,24.2,85,5.144,161
1990-06-11,1990-06-11,0.1,29.1,24.4,90,5.144,162
1990-06-12,1990-06-12,0.0,27.1,23.7,78,3.0864,163
1990-06-13,1990-06-13,2.2,26.6,23.5,82,5.144,164
1990-06-14,1990-06-14,20.2,27.5,23,78,5.144,165
1990-06-15,1990-06-15,10.3,25.4,23,94,5.144,166
1990-06-16,1990-06-16,15.6,26.1,21.3,89,0,167
1990-06-17,1990-06-17,0.1,28.4,21.4,91,3.0864,168
1990-06-18,1990-06-18,0.0,26.5,22.7,76,5.144,169
1990-06-19,1990-06-19,0.0,26.3,22.6,70,4.1152,170
1990-06-20,1990-06-20,0.0,27.4,22.9,74,1.0288,171
1990-06-21,1990-06-21,4.3,30.2,21.5,78,0,172
1990-06-22,1990-06-22,0.0,26.5,23.4,93,2.0576,173
1990-06-23,1990-06-23,0.2,26.3,23.7,79,4.6296,174
1990-06-24,1990-06-24,4.1,25.9,23.9,80,4.1152,175
1990-06-25,1990-06-25,3.6,27.1,22.6,81,3.6008,176
1990-06-26,1990-06-26,0.0,26.3,21.9,73,7.2016,177
1990-06-27,1990-06-27,0.0,26.7,23.6,67,5.144,178
1990-06-28,1990-06-28,1.8,26.5,23.3,66,7.2016,179
1990-06-29,1990-06-29,0.1,26.7,22.7,70,3.0864,180
1990-06-30,1990-06-30,3.7,28.3,23.9,81,4.1152,181
1990-07-01,1990-07-01,1.0,26.8,22.8,79,4.1152,182
1990-07-02,1990-07-02,0.5,24.8,22.4,84,6.6872,183
1990-07-03,1990-07-03,0.0,25.5,22,61,6.1728,184
1990-07-04,1990-07-04,0.0,26.4,20,70,0,185
1990-07-05,1990-07-05,0.0,27.7,20,79,0,186
1990-07-06,1990-07-06,3.6,26.9,23.1,78,5.144,187
1990-07-07,1990-07-07,0.0,26.3,22.9,80,3.6008,188
1990-07-08,1990-07-08,0.0,25.8,20.8,77,2.572,189
1990-07-09,1990-07-09,4.7,25.4,22.5,68,6.6872,190
1990-07-10,1990-07-10,0.0,25.9,19.6,70,7.2016,191
1990-07-11,1990-07-11,0.0,27.7,22.9,72,3.0864,192
1990-07-12,1990-07-12,0.0,27.4,21.2,78,3.0864,193
1990-07-13,1990-07-13,0.2,26.5,23.6,75,3.0864,194
1990-07-14,1990-07-14,88.7,26.4,23.6,78,4.1152,195
1990-07-15,1990-07-15,4.5,26.9,22.8,98,7.2016,196
1990-07-16,1990-07-16,2.7,29.2,23.1,78,5.144,197
1990-07-17,1990-07-17,29.3,26.5,22.9,92,2.0576,198
1990-07-18,1990-07-18,0.0,29.4,22.5,98,0,199
1990-07-19,1990-07-19,0.1,26.5,23.5,75,5.144,200
1990-07-20,1990-07-20,0.3,25.7,22.5,66,7.2016,201
1990-07-21,1990-07-21,0.1,26.1,22.5,78,7.716,202
1990-07-22,1990-07-22,15.0,26.8,20.2,69,7.2016,203
1990-07-23,1990-07-23,12.5,27.7,22.2,76,7.716,204
1990-07-24,1990-07-24,10.8,27.3,23.5,95,4.1152,205
1990-07-25,1990-07-25,0.0,25.2,22.8,95,4.1152,206
1990-07-26,1990-07-26,0.0,24.8,22.1,66,7.716,207
1990-07-27,1990-07-27,0.0,25.5,21,75,7.716,208
1990-07-28,1990-07-28,0.0,25.2,22,60,5.144,209
1990-07-29,1990-07-29,0.0,26.2,20.2,64,0,210
1990-07-30,1990-07-30,0.0,27.7,19,76,0,211
1990-07-31,1990-07-31,0.0,25.1,17.8,67,4.1152,212
1990-08-01,1990-08-01,0.0,24.6,22.5,69,6.1728,213
1990-08-02,1990-08-02,0.0,25.3,22.2,71,8.7448,214
1990-08-03,1990-08-03,0.2,25.7,22.5,61,7.716,215
1990-08-04,1990-08-04,0.1,25.7,21.5,70,1.0288,216
1990-08-05,1990-08-05,0.4,26.8,21.5,70,0,217
1990-08-06,1990-08-06,0.2,26.5,21.7,76,4.1152,218
1990-08-07,1990-08-07,0.0,27.3,22.8,75,3.6008,219
1990-08-08,1990-08-08,0.0,28.6,21.8,77,0,220
1990-08-09,1990-08-09,1.1,26.9,21.6,76,3.0864,221
1990-08-10,1990-08-10,1.1,26.2,22,80,3.6008,222
1990-08-11,1990-08-11,0.0,27.7,23.3,74,5.144,223
1990-08-12,1990-08-12,0.1,27.3,22.8,76,5.144,224
1990-08-13,1990-08-13,0.0,27.9,22.2,78,2.572,225
1990-08-14,1990-08-14,0.1,28.8,21.3,72,0,226
1990-08-15,1990-08-15,0.0,27.9,21.5,85,3.0864,227
1990-08-16,1990-08-16,0.0,29.5,22.9,79,1.0288,228
1990-08-17,1990-08-17,0.0,28.5,19.8,79,0,229
1990-08-18,1990-08-18,0.0,31.3,21.9,67,3.6008,230
1990-08-19,1990-08-19,11.1,30.3,20.5,74,0,231
1990-08-20,1990-08-20,16.5,24.5,23.7,90,3.6008,232
1990-08-21,1990-08-21,13.7,25.7,20.6,86,3.6008,233
1990-08-22,1990-08-22,12.5,29.4,21.2,76,5.144,234
1990-08-23,1990-08-23,17.2,28.9,23.5,80,0,235
1990-08-24,1990-08-24,0.0,28,21.9,88,0,236
1990-08-25,1990-08-25,6.8,29.3,21.8,90,0,237
1990-08-26,1990-08-26,0.0,27.5,21.9,79,5.144,238
1990-08-27,1990-08-27,0.0,28.5,22.1,81,3.0864,239
1990-08-28,1990-08-28,7.3,29.3,22.5,84,0,240
1990-08-29,1990-08-29,76.9,28.1,22.8,93,0,241
1990-08-30,1990-08-30,2.8,23.5,21.9,95,5.144,242
1990-08-31,1990-08-31,11.7,23.6,21.5,94,7.716,243
1990-09-01,1990-09-01,5.7,23.6,21.7,96,7.716,244
1990-09-02,1990-09-02,0.0,24.7,21,74,6.1728,245
1990-09-03,1990-09-03,0.0,25.9,21.1,59,7.716,246
1990-09-04,1990-09-04,0.0,26.2,21.6,62,3.0864,247
1990-09-05,1990-09-05,0.0,27.5,21.5,67,3.0864,248
1990-09-06,1990-09-06,0.6,28.2,21.5,75,2.572,249
1990-09-07,1990-09-07,2.8,27.1,23.4,73,4.6296,250
1990-09-08,1990-09-08,7.9,25.3,21.9,84,6.1728,251
1990-09-09,1990-09-09,0.0,28.4,21.5,77,5.144,252
1990-09-10,1990-09-10,0.0,28.2,23,73,2.572,253
1990-09-11,1990-09-11,0.0,26.9,23.3,84,5.144,254
1990-09-12,1990-09-12,37.8,27.7,22.3,85,2.0576,255
1990-09-13,1990-09-13,11.4,29.3,22.2,86,0,256
1990-09-14,1990-09-14,0.1,27,24.2,88,4.6296,257
1990-09-15,1990-09-15,0.0,27.7,23.3,74,2.572,258
1990-09-16,1990-09-16,0.0,27.7,23.3,82,4.1152,259
1990-09-17,1990-09-17,0.0,29,20.8,82,0,260
1990-09-18,1990-09-18,5.5,28.7,22.3,80,4.1152,261
1990-09-19,1990-09-19,0.7,24.6,23.5,73,6.6872,262
1990-09-20,1990-09-20,0.3,24.8,20.8,70,7.716,263
1990-09-21,1990-09-21,0.1,27,20.7,73,7.2016,264
1990-09-22,1990-09-22,6.6,27.1,22.9,79,5.144,265
1990-09-23,1990-09-23,2.0,25.5,22.5,89,9.2592,266
1990-09-24,1990-09-24,7.2,25.2,22.7,90,6.6872,267
1990-09-25,1990-09-25,2.4,27.9,22.9,96,0,268
1990-09-26,1990-09-26,0.0,28.8,22.9,82,1.5432,269
1990-09-27,1990-09-27,0.0,30.5,22.9,78,0,270
1990-09-28,1990-09-28,0.0,31,22.5,74,1.5432,271
1990-09-29,1990-09-29,0.0,29,23,81,3.0864,272
1990-09-30,1990-09-30,10.4,26,24.3,83,3.6008,273
1990-10-01,1990-10-01,8.4,25.5,22.4,81,5.144,274
1990-10-02,1990-10-02,1.4,24.4,22.4,93,7.716,275
1990-10-03,1990-10-03,7.2,25.7,21.7,90,8.2304,276
1990-10-04,1990-10-04,93.9,25.7,22.8,95,6.1728,277
1990-10-05,1990-10-05,12.5,24.8,23.4,89,8.7448,278
1990-10-06,1990-10-06,6.1,24,20.6,85,8.2304,279
1990-10-07,1990-10-07,0.0,26.2,21,89,5.144,280
1990-10-08,1990-10-08,7.2,26.7,23.2,81,4.1152,281
1990-10-09,1990-10-09,2.2,25.9,21.5,92,5.144,282
1990-10-10,1990-10-10,9.3,25.7,22,88,8.7448,283
1990-10-11,1990-10-11,150.4,24,21.1,85,7.716,284
1990-10-12,1990-10-12,0.1,26.8,18,76,5.6584,285
1990-10-13,1990-10-13,0.0,27.5,23.4,77,6.1728,286
1990-10-14,1990-10-14,0.0,27.1,24,75,7.716,287
1990-10-15,1990-10-15,0.2,27.2,23,69,4.1152,288
1990-10-16,1990-10-16,6.3,28.9,23.5,81,1.5432,289
1990-10-17,1990-10-17,11.5,29.7,23.1,73,1.0288,290
1990-10-18,1990-10-18,0.0,28.2,23.2,83,5.144,291
1990-10-19,1990-10-19,13.4,27.3,24,87,5.144,292
1990-10-20,1990-10-20,7.3,27.6,22.5,94,6.1728,293
1990-10-21,1990-10-21,2.6,27.2,23.2,87,6.1728,294
1990-10-22,1990-10-22,0.0,27.1,22.7,73,7.716,295
1990-10-23,1990-10-23,0.0,26.9,23.9,69,4.6296,296
1990-10-24,1990-10-24,0.2,27.4,21.9,66,5.144,297
1990-10-25,1990-10-25,0.0,27.2,22.7,62,5.144,298
1990-10-26,1990-10-26,0.0,28,24.1,74,6.1728,299
1990-10-27,1990-10-27,0.0,27.7,24,70,4.1152,300
1990-10-28,1990-10-28,0.0,28.9,23,66,3.0864,301
1990-10-29,1990-10-29,0.0,28.5,23.2,76,4.6296,302
1990-10-30,1990-10-30,0.4,27.2,23.9,74,5.144,303
1990-10-31,1990-10-31,0.0,27.3,22.7,67,5.144,304
1990-11-01,1990-11-01,0.0,27.5,22.4,53,3.6008,305
1990-11-02,1990-11-02,0.0,27.8,23.8,64,3.6008,306
1990-11-03,1990-11-03,5.4,28,23.3,63,7.716,307
1990-11-04,1990-11-04,29.2,27.8,23.2,84,7.2016,308
1990-11-05,1990-11-05,12.2,28.1,23.8,86,7.716,309
1990-11-06,1990-11-06,17.0,28.1,24.2,91,5.144,310
1990-11-07,1990-11-07,34.1,28.3,24.5,80,6.1728,311
1990-11-08,1990-11-08,30.7,28,23.2,84,4.1152,312
1990-11-09,1990-11-09,12.2,26.8,23.8,86,7.716,313
1990-11-10,1990-11-10,0.5,27.6,23.3,90,7.716,314
1990-11-11,1990-11-11,0.0,29,24.4,79,6.1728,315
1990-11-12,1990-11-12,0.3,29.5,24,69,3.6008,316
1990-11-13,1990-11-13,0.0,29.7,24.1,77,1.5432,317
1990-11-14,1990-11-14,0.6,29.7,24.4,79,3.6008,318
1990-11-15,1990-11-15,0.0,29.5,24.9,79,3.6008,319
1990-11-16,1990-11-16,0.0,28.3,24.7,79,5.144,320
1990-11-17,1990-11-17,0.0,29.3,24.4,88,3.6008,321
1990-11-18,1990-11-18,0.4,29.5,24.2,75,4.1152,322
1990-11-19,1990-11-19,20.3,29.3,24.1,87,3.0864,323
1990-11-20,1990-11-20,13.1,29.7,24.4,76,4.6296,324
1990-11-21,1990-11-21,9.9,29.5,24.4,93,3.0864,325
1990-11-22,1990-11-22,33.0,29.6,24.2,76,2.0576,326
1990-11-23,1990-11-23,3.6,30.7,23.3,76,0,327
1990-11-24,1990-11-24,3.3,30.2,24.8,78,3.0864,328
1990-11-25,1990-11-25,10.0,29.2,25.3,88,7.716,329
1990-11-26,1990-11-26,31.1,27.5,20.2,89,5.144,330
1990-11-27,1990-11-27,31.5,31.8,25.2,84,4.1152,331
1990-11-28,1990-11-28,0.3,29.3,23.9,88,16.9752,332
1990-11-29,1990-11-29,1.8,29.3,25.1,77,1.5432,333
1990-11-30,1990-11-30,0.0,28.6,24.7,74,4.6296,334
1990-12-01,1990-12-01,0.0,28.3,22.6,68,5.144,335
1990-12-02,1990-12-02,1.3,27.8,22.6,75,1.5432,336
1990-12-03,1990-12-03,1.5,27.4,21.6,90,5.144,337
1990-12-04,1990-12-04,14.2,29.9,23.1,76,0,338
1990-12-05,1990-12-05,3.5,30,24.1,88,5.144,339
1990-12-06,1990-12-06,0.0,29.2,24.4,78,5.144,340
1990-12-07,1990-12-07,0.0,28.9,25.1,69,6.1728,341
1990-12-08,1990-12-08,0.0,28.5,24.1,70,5.6584,342
1990-12-09,1990-12-09,0.0,28.3,24.8,72,7.716,343
1990-12-10,1990-12-10,4.1,28,24.8,75,5.144,344
1990-12-11,1990-12-11,0.0,29.1,23.1,74,6.1728,345
1990-12-12,1990-12-12,0.0,29.3,25.1,74,6.6872,346
1990-12-13,1990-12-13,0.0,29,24.9,67,4.6296,347
1990-12-14,1990-12-14,3.8,29.8,23.9,72,7.716,348
1990-12-15,1990-12-15,0.0,29,24.7,67,8.2304,349
1990-12-16,1990-12-16,0.0,29.2,25.3,71,7.716,350
1990-12-17,1990-12-17,1.7,29.8,23.7,70,5.144,351
1990-12-18,1990-12-18,0.1,30.4,25.3,76,5.144,352
1990-12-19,1990-12-19,3.2,30.7,25.2,78,3.6008,353
1990-12-20,1990-12-20,22.3,30.3,24.6,81,2.572,354
1990-12-21,1990-12-21,4.7,29.4,23,85,2.572,355
1990-12-22,1990-12-22,11.6,27.3,24.3,90,3.6008,356
1990-12-23,1990-12-23,0.0,28.7,22.7,74,3.6008,357
1990-12-24,1990-12-24,2.1,29.5,24.5,72,4.1152,358
1990-12-25,1990-12-25,2.8,29.5,23.7,74,2.572,359
1990-12-26,1990-12-26,14.3,26.7,23.5,89,5.144,360
1990-12-27,1990-12-27,70.2,28.4,23.9,93,3.0864,361
1990-12-28,1990-12-28,50.9,31,23.6,76,0,362
1990-12-29,1990-12-29,30.7,30.1,23,71,0,363
1990-12-30,1990-12-30,0.0,29.4,22.8,84,0,364
1990-12-31,1990-12-31,0.1,29.8,23.3,76,3.6008,365
1991-01-01,1991-01-01,32.7,28.9,24.5,79,5.144,1
1991-01-02,1991-01-02,0.0,28.9,23.7,82,3.0864,2
1991-01-03,1991-01-03,0.1,28.4,24.7,84,2.572,3
1991-01-04,1991-01-04,0.0,28.9,25.3,71,6.1728,4
1991-01-05,1991-01-05,0.0,28.7,24.7,64,6.6872,5
1991-01-06,1991-01-06,2.9,28.5,25.2,72,5.144,6
1991-01-07,1991-01-07,7.6,27.6,23.8,88,5.6584,7
1991-01-08,1991-01-08,9.2,28,24.3,83,0,8
1991-01-09,1991-01-09,36.1,29,24.5,89,0,9
1991-01-10,1991-01-10,11.6,31.9,25.6,89,4.6296,10
1991-01-11,1991-01-11,0.0,30,23.5,79,0,11
1991-01-12,1991-01-12,2.4,29.8,24.3,78,0,12
1991-01-13,1991-01-13,28.0,28.7,24,93,2.572,13
1991-01-14,1991-01-14,69.9,27.3,24.5,98,8.7448,14
1991-01-15,1991-01-15,10.6,29.7,23,84,7.716,15
1991-01-16,1991-01-16,0.4,29.5,24,94,4.6296,16
1991-01-17,1991-01-17,0.3,31.7,24.5,81,0,17
1991-01-18,1991-01-18,4.3,29.5,25.9,82,5.144,18
1991-01-19,1991-01-19,0.4,30.7,24.5,85,2.572,19
1991-01-20,1991-01-20,18.7,30.2,25.8,76,4.1152,20
1991-01-21,1991-01-21,2.5,29.3,24.5,78,7.716,21
1991-01-22,1991-01-22,27.7,29.2,24.5,81,6.6872,22
1991-01-23,1991-01-23,29.2,30,24.4,78,2.572,23
1991-01-24,1991-01-24,55.8,30.2,24.6,78,0,24
1991-01-25,1991-01-25,12.5,31,23,81,0,25
1991-01-26,1991-01-26,13.3,31.6,24.2,75,0,26
1991-01-27,1991-01-27,14.6,30.2,24,85,0,27
1991-01-28,1991-01-28,2.4,28.5,23.7,97,0,28
1991-01-29,1991-01-29,0.3,30.4,23.9,85,2.572,29
1991-01-30,1991-01-30,4.0,30.9,26,83,6.1728,30
1991-01-31,1991-01-31,0.0,30.3,24,78,3.0864,31
1991-02-01,1991-02-01,0.0,29.8,26.3,84,5.144,32
1991-02-02,1991-02-02,34.6,30.7,25.3,79,2.0576,33
1991-02-03,1991-02-03,14.4,31.7,25,83,0,34
1991-02-04,1991-02-04,47.3,30,24.1,81,2.572,35
1991-02-05,1991-02-05,2.9,29.3,23.7,95,0,36
1991-02-06,1991-02-06,27.8,29.2,23.7,86,2.572,37
1991-02-07,1991-02-07,0.0,29,23.5,89,3.0864,38
1991-02-08,1991-02-08,0.0,29.3,24.5,64,5.144,39
1991-02-09,1991-02-09,0.2,28.5,24,78,3.6008,40
1991-02-10,1991-02-10,0.0,29.3,23.1,74,3.6008,41
1991-02-11,1991-02-11,0.3,31.4,24.6,63,3.6008,42
1991-02-12,1991-02-12,5.2,30.9,23.5,73,2.572,43
1991-02-13,1991-02-13,26.8,32,24.3,79,3.6008,44
1991-02-14,1991-02-14,8.0,32.5,24.9,79,0,45
1991-02-15,1991-02-15,5.2,30.5,23.7,86,0,46
1991-02-16,1991-02-16,13.8,30.7,25.3,75,3.0864,47
1991-02-17,1991-02-17,3.5,30,25,88,7.716,48
1991-02-18,1991-02-18,2.4,29.9,25.9,85,4.6296,49
1991-02-19,1991-02-19,4.9,30.4,25.1,84,5.144,50
1991-02-20,1991-02-20,3.7,30.8,25.6,85,3.0864,51
1991-02-21,1991-02-21,4.6,30.5,25.9,81,3.0864,52
1991-02-22,1991-02-22,11.4,30.9,25.8,84,3.6008,53
1991-02-23,1991-02-23,36.1,31.4,25.1,76,0,54
1991-02-24,1991-02-24,0.4,30.7,24.2,86,5.144,55
1991-02-25,1991-02-25,0.0,30.5,25.1,81,2.0576,56
1991-02-26,1991-02-26,1.8,30.6,26.2,79,4.1152,57
1991-02-27,1991-02-27,12.8,31.8,25.9,82,1.5432,58
1991-02-28,1991-02-28,10.0,31.8,25.7,90,4.1152,59
1991-03-01,1991-03-01,2.3,33.7,25.4,84,0,60
1991-03-02,1991-03-02,0.0,30.1,25.2,80,2.0576,61
1991-03-03,1991-03-03,7.1,34,24.5,81,0,62
1991-03-04,1991-03-04,27.9,31.7,25,80,0,63
1991-03-05,1991-03-05,0.3,30.9,25,89,2.572,64
1991-03-06,1991-03-06,1.3,32.4,24.7,79,1.5432,65
1991-03-07,1991-03-07,11.0,29,24.9,92,2.572,66
1991-03-08,1991-03-08,9.0,31.4,24.7,76,4.6296,67
1991-03-09,1991-03-09,3.3,28.7,24.6,96,10.288,68
1991-03-10,1991-03-10,0.0,29.3,24.5,76,4.1152,69
1991-03-11,1991-03-11,38.7,28.1,25.5,79,5.144,70
1991-03-12,1991-03-12,3.0,29.3,24.3,93,0,71
1991-03-13,1991-03-13,4.0,32.5,25.2,76,4.1152,72
1991-03-14,1991-03-14,0.0,30.8,24.9,71,0,73
1991-03-15,1991-03-15,33.9,30.5,23.5,75,2.572,74
1991-03-16,1991-03-16,0.2,32.5,23.9,80,0,75
1991-03-17,1991-03-17,2.5,32,25.9,73,1.5432,76
1991-03-18,1991-03-18,0.0,31,23.8,73,0,77
1991-03-19,1991-03-19,0.0,34.3,24.6,76,0,78
1991-03-20,1991-03-20,0.0,34.8,23.9,80,2.0576,79
1991-03-21,1991-03-21,0.0,30.8,25.3,85,2.0576,80
1991-03-22,1991-03-22,0.0,29.5,25.9,80,4.1152,81
1991-03-23,1991-03-23,0.1,29.5,25.9,62,6.1728,82
1991-03-24,1991-03-24,0.0,29.5,25.1,63,5.144,83
1991-03-25,1991-03-25,0.0,29.9,24,66,3.6008,84
1991-03-26,1991-03-26,0.0,30.3,24.5,70,3.6008,85
1991-03-27,1991-03-27,0.0,30.5,24.1,83,0,86
1991-03-28,1991-03-28,0.0,30.2,21.6,75,4.6296,87
1991-03-29,1991-03-29,16.8,30.1,25.3,69,5.144,88
1991-03-30,1991-03-30,26.0,27.2,24,89,2.572,89
1991-03-31,1991-03-31,6.6,29,23.4,95,5.144,90
1991-04-01,1991-04-01,1.6,29,24.1,79,5.144,91
1991-04-02,1991-04-02,0.0,29.3,25.8,69,5.144,92
1991-04-03,1991-04-03,0.0,29.6,25.7,72,4.1152,93
1991-04-04,1991-04-04,0.0,29,25.7,65,3.6008,94
1991-04-05,1991-04-05,0.2,29.3,23.9,84,4.1152,95
1991-04-06,1991-04-06,3.7,30.7,24.8,76,3.0864,96
1991-04-07,1991-04-07,0.0,29.3,25.3,80,5.144,97
1991-04-08,1991-04-08,3.1,29.5,25.8,73,6.1728,98
1991-04-09,1991-04-09,9.7,29.3,24,78,3.6008,99
1991-04-10,1991-04-10,0.0,29,23.7,79,5.144,100
1991-04-11,1991-04-11,34.4,30.4,25.8,81,2.0576,101
1991-04-12,1991-04-12,0.2,33,23.6,84,0,102
1991-04-13,1991-04-13,0.0,31.9,25.5,85,0,103
1991-04-14,1991-04-14,0.0,33.3,25.5,79,0,104
1991-04-15,1991-04-15,8.8,30.6,24.9,71,0,105
1991-04-16,1991-04-16,0.6,31.1,24.2,86,4.1152,106
1991-04-17,1991-04-17,0.1,29.8,24,81,3.0864,107
1991-04-18,1991-04-18,0.0,30.3,26.1,73,5.144,108
1991-04-19,1991-04-19,0.4,29.3,26.5,65,5.144,109
1991-04-20,1991-04-20,0.0,28.9,25.5,86,4.6296,110
1991-04-21,1991-04-21,0.0,28.8,25.7,78,8.2304,111
1991-04-22,1991-04-22,0.0,28.8,25.2,74,3.6008,112
1991-04-23,1991-04-23,0.0,29.5,24.7,74,3.6008,113
1991-04-24,1991-04-24,0.0,29.5,23.1,84,0,114
1991-04-25,1991-04-25,16.0,30.7,25.4,78,0,115
1991-04-26,1991-04-26,0.0,30,24,81,5.144,116
1991-04-27,1991-04-27,0.0,30.8,26.1,75,4.1152,117
1991-04-28,1991-04-28,0.1,30.5,25.9,80,3.6008,118
1991-04-29,1991-04-29,0.0,30.6,24,77,0,119
1991-04-30,1991-04-30,22.9,28.7,24.3,83,3.0864,120
1991-05-01,1991-05-01,40.0,26.5,24,97,0,121
1991-05-02,1991-05-02,1.4,27.4,23.3,90,0,122
1991-05-03,1991-05-03,0.0,27.8,24.5,75,5.144,123
1991-05-04,1991-05-04,0.0,27,25,65,4.1152,124
1991-05-05,1991-05-05,0.0,27.7,23.5,68,3.0864,125
1991-05-06,1991-05-06,0.0,28.5,25.3,71,3.6008,126
1991-05-07,1991-05-07,0.0,28.3,25.1,73,4.1152,127
1991-05-08,1991-05-08,0.0,27.3,25.2,72,4.1152,128
1991-05-09,1991-05-09,0.0,27.3,24.7,66,5.144,129
1991-05-10,1991-05-10,0.0,27.5,23.8,69,5.144,130
1991-05-11,1991-05-11,0.0,27.5,24.1,64,4.6296,131
1991-05-12,1991-05-12,0.0,28.4,22.7,64,0,132
1991-05-13,1991-05-13,1.8,29.8,23,68,0,133
1991-05-14,1991-05-14,0.0,29.5,23,86,4.1152,134
1991-05-15,1991-05-15,1.1,27.8,23.8,72,4.1152,135
1991-05-16,1991-05-16,0.0,28.3,23.8,70,5.144,136
1991-05-17,1991-05-17,0.5,28.4,25.2,72,3.6008,137
1991-05-18,1991-05-18,0.0,29.7,24,79,3.6008,138
1991-05-19,1991-05-19,0.3,30.9,25.3,73,0,139
1991-05-20,1991-05-20,0.0,28,23.9,81,9.2592,140
1991-05-21,1991-05-21,0.8,27.8,25,82,4.1152,141
1991-05-22,1991-05-22,0.0,26.7,22.5,78,8.2304,142
1991-05-23,1991-05-23,0.0,26,23.4,79,9.2592,143
1991-05-24,1991-05-24,0.0,26.9,22.3,60,7.2016,144
1991-05-25,1991-05-25,0.0,27.5,24.8,60,6.1728,145
1991-05-26,1991-05-26,0.0,26.1,23.8,76,6.1728,146
1991-05-27,1991-05-27,0.0,27.6,24,77,8.2304,147
1991-05-28,1991-05-28,0.0,27.3,24.1,79,6.1728,148
1991-05-29,1991-05-29,0.0,28,23.2,78,5.144,149
1991-05-30,1991-05-30,0.0,27.7,24,69,4.1152,150
1991-05-31,1991-05-31,0.0,26.4,23.7,64,6.1728,151
1991-06-01,1991-06-01,0.0,27,24,81,5.144,152
1991-06-02,1991-06-02,0.0,27.8,24.5,64,5.144,153
1991-06-03,1991-06-03,0.0,26.8,24.6,77,5.144,154
1991-06-04,1991-06-04,0.0,26.9,25,72,7.2016,155
1991-06-05,1991-06-05,13.2,26.2,23.3,80,10.288,156
1991-06-06,1991-06-06,1.2,27.2,23.3,93,9.7736,157
1991-06-07,1991-06-07,4.4,27.1,24,86,0,158
1991-06-08,1991-06-08,0.0,29.8,22.3,85,0,159
1991-06-09,1991-06-09,0.9,28.8,23.1,72,0,160
1991-06-10,1991-06-10,0.0,26.6,21.5,73,3.0864,161
1991-06-11,1991-06-11,0.0,25.1,21.4,73,5.144,162
1991-06-12,1991-06-12,0.0,25.7,21.6,60,5.144,163
1991-06-13,1991-06-13,0.0,26.6,21.3,58,3.0864,164
1991-06-14,1991-06-14,0.0,26.8,22.3,72,5.144,165
1991-06-15,1991-06-15,0.0,30.7,22.3,68,0,166
1991-06-16,1991-06-16,0.0,29.3,21.7,80,0,167
1991-06-17,1991-06-17,0.0,29.5,22.8,76,0,168
1991-06-18,1991-06-18,0.0,30.2,22.5,81,1.5432,169
1991-06-19,1991-06-19,0.0,27.8,22.5,82,3.6008,170
1991-06-20,1991-06-20,0.0,25.7,23.5,67,3.0864,171
1991-06-21,1991-06-21,0.0,25.9,22.3,54,5.144,172
1991-06-22,1991-06-22,0.0,25.7,22.4,58,6.1728,173
1991-06-23,1991-06-23,0.0,26.9,22.3,65,4.1152,174
1991-06-24,1991-06-24,0.0,28.4,19.9,66,0,175
1991-06-25,1991-06-25,0.0,26.7,21.2,74,4.6296,176
1991-06-26,1991-06-26,0.0,26.4,23.2,76,4.1152,177
1991-06-27,1991-06-27,0.0,26,21.8,64,4.6296,178
1991-06-28,1991-06-28,0.0,26.5,22,68,5.144,179
1991-06-29,1991-06-29,0.0,25.5,21.5,60,4.1152,180
1991-06-30,1991-06-30,0.0,25.5,22.6,48,5.144,181
1991-07-01,1991-07-01,0.0,26.7,21,59,3.6008,182
1991-07-02,1991-07-02,1.6,27.5,23.3,82,5.144,183
1991-07-03,1991-07-03,21.6,26.2,22.7,78,6.1728,184
1991-07-04,1991-07-04,33.8,26.8,23.7,94,3.0864,185
1991-07-05,1991-07-05,0.0,29.6,22.6,86,0,186
1991-07-06,1991-07-06,3.2,28.9,22.5,85,0,187
1991-07-07,1991-07-07,0.0,24.9,23.5,87,7.716,188
1991-07-08,1991-07-08,0.0,26,22.4,73,6.1728,189
1991-07-09,1991-07-09,0.0,25.5,22.8,70,7.716,190
1991-07-10,1991-07-10,0.0,26,22,67,6.6872,191
1991-07-11,1991-07-11,0.0,26.4,22.6,64,6.1728,192
1991-07-12,1991-07-12,0.0,26.7,22.7,86,5.144,193
1991-07-13,1991-07-13,0.0,26.9,19.5,72,2.572,194
1991-07-14,1991-07-14,0.0,27.1,22.3,67,4.6296,195
1991-07-15,1991-07-15,0.0,26.3,22.4,66,5.144,196
1991-07-16,1991-07-16,0.0,26.9,22.7,66,4.1152,197
1991-07-17,1991-07-17,0.0,27,22.6,78,3.0864,198
1991-07-18,1991-07-18,0.0,26.5,21.5,87,0,199
1991-07-19,1991-07-19,0.0,27.3,22.7,82,3.6008,200
1991-07-20,1991-07-20,0.0,25.9,21.9,82,4.6296,201
1991-07-21,1991-07-21,0.0,25.9,21.3,62,5.144,202
1991-07-22,1991-07-22,0.0,26.2,21.5,64,4.6296,203
1991-07-23,1991-07-23,0.0,26.7,22,73,3.0864,204
1991-07-24,1991-07-24,0.0,28.3,22.1,78,3.6008,205
1991-07-25,1991-07-25,5.0,29.6,21.2,80,0,206
1991-07-26,1991-07-26,0.0,28,24,84,3.0864,207
1991-07-27,1991-07-27,0.0,28.6,21.3,82,0,208
1991-07-28,1991-07-28,0.0,26.9,21.2,83,1.5432,209
1991-07-29,1991-07-29,10.1,25.9,23.4,92,6.1728,210
1991-07-30,1991-07-30,4.7,25.9,21.5,96,6.1728,211
1991-07-31,1991-07-31,9.0,27.8,21.8,84,0,212
1991-08-01,1991-08-01,7.0,25.2,23.1,98,5.144,213
1991-08-02,1991-08-02,52.6,28,23.5,95,3.0864,214
1991-08-03,1991-08-03,0.6,25.7,23,93,6.6872,215
1991-08-04,1991-08-04,0.7,26.2,22.7,66,7.2016,216
1991-08-05,1991-08-05,0.0,25.2,20.8,91,6.6872,217
1991-08-06,1991-08-06,1.1,25.5,20.2,76,6.1728,218
1991-08-07,1991-08-07,2.1,27.3,21.9,72,6.6872,219
1991-08-08,1991-08-08,7.8,26.1,23.4,91,7.716,220
1991-08-09,1991-08-09,0.0,27.1,23,83,6.1728,221
1991-08-10,1991-08-10,0.0,26.9,23.7,70,7.716,222
1991-08-11,1991-08-11,1.9,25.8,22.2,77,6.1728,223
1991-08-12,1991-08-12,4.7,24.5,20.9,94,7.2016,224
1991-08-13,1991-08-13,6.7,24,20.9,90,8.2304,225
1991-08-14,1991-08-14,0.0,25.4,20,79,8.2304,226
1991-08-15,1991-08-15,0.0,26.8,21.2,70,6.6872,227
1991-08-16,1991-08-16,0.0,26.3,23.5,67,7.2016,228
1991-08-17,1991-08-17,3.0,27.2,23.4,75,6.1728,229
1991-08-18,1991-08-18,18.6,27.8,22.7,81,0,230
1991-08-19,1991-08-19,12.6,28.2,23.5,95,5.144,231
1991-08-20,1991-08-20,0.1,24,23.2,80,5.144,232
1991-08-21,1991-08-21,0.3,25.4,21.5,94,4.1152,233
1991-08-22,1991-08-22,1.4,25.5,21.9,82,6.1728,234
1991-08-23,1991-08-23,5.244827586206896,,22.7,87,4.1152,235
1991-08-24,1991-08-24,0.0,28.6,,,,236
1991-08-25,1991-08-25,0.0,29,22.1,71,0,237
1991-08-26,1991-08-26,0.0,28.4,21.5,79,2.572,238
1991-08-27,1991-08-27,0.0,25.6,23.4,79,5.144,239
1991-08-28,1991-08-28,0.0,25.6,21.1,65,6.1728,240
1991-08-29,1991-08-29,0.0,25,22.5,68,5.144,241
1991-08-30,1991-08-30,0.0,25.3,20.4,57,0,242
1991-08-31,1991-08-31,0.0,25.2,21,56,5.144,243
1991-09-01,1991-09-01,0.0,26.3,20.5,48,3.0864,244
1991-09-02,1991-09-02,0.0,27.2,22.4,67,6.1728,245
1991-09-03,1991-09-03,0.0,26.9,23,81,5.144,246
1991-09-04,1991-09-04,0.0,27.2,22.6,64,5.144,247
1991-09-05,1991-09-05,0.0,26.1,21.5,73,4.1152,248
1991-09-06,1991-09-06,0.0,24.6,21.7,58,7.716,249
1991-09-07,1991-09-07,0.6,25.2,21.9,98,6.1728,250
1991-09-08,1991-09-08,11.5,21.9,20.2,77,4.1152,251
1991-09-09,1991-09-09,21.3,21.4,18.1,81,5.144,252
1991-09-10,1991-09-10,7.0,25,17.3,93,0,253
1991-09-11,1991-09-11,0.0,24.8,19.5,70,5.144,254
1991-09-12,1991-09-12,0.0,26.2,20.3,68,4.1152,255
1991-09-13,1991-09-13,21.5,27.7,21.3,82,5.144,256
1991-09-14,1991-09-14,40.5,30.6,23.1,91,0,257
1991-09-15,1991-09-15,11.6,27.2,22,86,0,258
1991-09-16,1991-09-16,0.0,25.8,22.1,76,6.1728,259
1991-09-17,1991-09-17,0.0,25.8,22.4,73,6.1728,260
1991-09-18,1991-09-18,0.0,26.2,21.5,73,5.144,261
1991-09-19,1991-09-19,0.0,26.4,21.5,57,5.144,262
1991-09-20,1991-09-20,0.0,26.5,19.4,57,0,263
1991-09-21,1991-09-21,0.0,26.7,23,74,5.144,264
1991-09-22,1991-09-22,1.6,27,23.1,75,7.2016,265
1991-09-23,1991-09-23,0.0,27.4,22,66,6.1728,266
1991-09-24,1991-09-24,0.1,26.6,23.2,72,7.2016,267
1991-09-25,1991-09-25,0.3,28.9,22.3,76,4.1152,268
1991-09-26,1991-09-26,0.0,26.5,21.5,72,6.1728,269
1991-09-27,1991-09-27,0.0,26.4,22.4,68,6.1728,270
1991-09-28,1991-09-28,0.0,26.4,21.5,60,5.144,271
1991-09-29,1991-09-29,0.0,27.4,21,75,3.6008,272
1991-09-30,1991-09-30,0.0,27.9,22.3,67,4.1152,273
1991-10-01,1991-10-01,0.0,28,21.9,73,4.1152,274
1991-10-02,1991-10-02,0.0,27.7,22,71,4.1152,275
1991-10-03,1991-10-03,0.0,25.9,21.8,58,4.6296,276
1991-10-04,1991-10-04,0.0,27.1,21.2,67,3.0864,277
1991-10-05,1991-10-05,0.0,26.6,21.7,90,4.1152,278
1991-10-06,1991-10-06,1.2,26.8,22.5,63,7.2016,279
1991-10-07,1991-10-07,0.9,25.8,21.4,91,5.144,280
1991-10-08,1991-10-08,0.0,27.2,21.8,76,6.1728,281
1991-10-09,1991-10-09,5.3,28,23.4,73,5.144,282
1991-10-10,1991-10-10,11.1,29.9,23.3,76,4.1152,283
1991-10-11,1991-10-11,0.0,31.4,22.7,76,5.144,284
1991-10-12,1991-10-12,0.0,31.5,22.5,74,0,285
1991-10-13,1991-10-13,0.0,27.3,24.2,82,6.6872,286
1991-10-14,1991-10-14,1.3,24.7,23.4,78,5.144,287
1991-10-15,1991-10-15,2.2,25.2,22.3,76,5.6584,288
1991-10-16,1991-10-16,0.0,26.9,21.7,79,6.1728,289
1991-10-17,1991-10-17,0.1,28,22.2,70,9.2592,290
1991-10-18,1991-10-18,0.6,28.5,23.9,75,5.144,291
1991-10-19,1991-10-19,0.0,27,22.3,73,4.6296,292
1991-10-20,1991-10-20,0.0,27.9,23,68,5.144,293
1991-10-21,1991-10-21,0.0,28.8,23.2,67,4.6296,294
1991-10-22,1991-10-22,0.0,28,22.3,68,3.6008,295
1991-10-23,1991-10-23,0.0,27.6,23,82,5.144,296
1991-10-24,1991-10-24,0.0,28.2,24,70,6.1728,297
1991-10-25,1991-10-25,27.8,28.2,22.8,75,6.1728,298
1991-10-26,1991-10-26,16.7,26.3,23.3,88,7.2016,299
1991-10-27,1991-10-27,10.6,26.2,24,85,5.144,300
1991-10-28,1991-10-28,0.2,29,23.5,89,6.1728,301
1991-10-29,1991-10-29,7.0,29.2,24,77,5.144,302
1991-10-30,1991-10-30,0.0,32,24.5,75,3.0864,303
1991-10-31,1991-10-31,0.2,29.2,23.3,76,4.6296,304
1991-11-01,1991-11-01,1.0,26.5,23.5,89,8.2304,305
1991-11-02,1991-11-02,0.0,27.1,21.7,79,8.2304,306
1991-11-03,1991-11-03,0.0,29,22.6,68,5.144,307
1991-11-04,1991-11-04,0.0,27.8,23.2,65,5.144,308
1991-11-05,1991-11-05,0.2,27.7,22.3,65,5.144,309
1991-11-06,1991-11-06,1.5,26.8,23.2,72,5.144,310
1991-11-07,1991-11-07,2.8,29,22.6,86,3.0864,311
1991-11-08,1991-11-08,0.0,30.2,23,86,0,312
1991-11-09,1991-11-09,0.0,27,24.2,67,8.2304,313
1991-11-10,1991-11-10,0.0,27,22.5,65,5.144,314
1991-11-11,1991-11-11,0.0,28.2,22.1,59,5.144,315
1991-11-12,1991-11-12,0.2,27.7,22.5,73,5.144,316
1991-11-13,1991-11-13,0.0,28.5,24.6,80,8.7448,317
1991-11-14,1991-11-14,0.0,30,24.6,82,0,318
1991-11-15,1991-11-15,4.4,29.7,24.2,78,0,319
1991-11-16,1991-11-16,1.0,30.5,23.8,84,3.0864,320
1991-11-17,1991-11-17,0.0,27.8,23.7,80,5.144,321
1991-11-18,1991-11-18,13.1,29,23.5,72,6.6872,322
1991-11-19,1991-11-19,5.5,30.7,24.5,82,5.144,323
1991-11-20,1991-11-20,8.2,30.4,25,73,2.0576,324
1991-11-21,1991-11-21,0.0,29,21.4,75,9.2592,325
1991-11-22,1991-11-22,2.9,27.1,24.8,75,6.6872,326
1991-11-23,1991-11-23,14.7,30,23.4,88,5.144,327
1991-11-24,1991-11-24,0.2,30,23.5,75,2.0576,328
1991-11-25,1991-11-25,4.4,30,24.6,77,4.1152,329
1991-11-26,1991-11-26,3.6,29.2,25,99,3.0864,330
1991-11-27,1991-11-27,0.4,28.3,23.8,88,6.1728,331
1991-11-28,1991-11-28,0.0,26.7,23.3,77,7.2016,332
1991-11-29,1991-11-29,0.0,28.2,23.1,75,6.1728,333
1991-11-30,1991-11-30,0.3,28.7,24.8,74,6.1728,334
1991-12-01,1991-12-01,1.8,28.4,24.3,69,6.1728,335
1991-12-02,1991-12-02,4.6,29.2,24.6,80,6.1728,336
1991-12-03,1991-12-03,0.0,28.7,24.3,71,5.144,337
1991-12-04,1991-12-04,0.0,28.9,24.7,75,6.1728,338
1991-12-05,1991-12-05,0.0,32.3,22.9,79,0,339
1991-12-06,1991-12-06,0.0,31.4,23.3,67,0,340
1991-12-07,1991-12-07,0.0,30.5,25.2,65,6.1728,341
1991-12-08,1991-12-08,2.0,29.4,25.3,80,5.6584,342
1991-12-09,1991-12-09,8.2,28,24.1,90,4.1152,343
1991-12-10,1991-12-10,0.0,29,23.5,74,7.2016,344
1991-12-11,1991-12-11,0.0,29.3,24.4,72,4.1152,345
1991-12-12,1991-12-12,0.0,28.2,22.7,69,5.6584,346
1991-12-13,1991-12-13,1.0,27.8,22,66,5.144,347
1991-12-14,1991-12-14,0.0,28.2,22.2,75,3.0864,348
1991-12-15,1991-12-15,0.0,29.9,23.2,65,6.1728,349
1991-12-16,1991-12-16,23.4,30,23.3,58,4.1152,350
1991-12-17,1991-12-17,3.4,28.5,23.3,82,2.0576,351
1991-12-18,1991-12-18,45.2,29.5,24.6,86,0,352
1991-12-19,1991-12-19,14.4,28.2,23.3,92,4.1152,353
1991-12-20,1991-12-20,0.8,28.8,23.6,82,5.144,354
1991-12-21,1991-12-21,0.0,29.6,24.5,76,4.1152,355
1991-12-22,1991-12-22,0.0,29.6,25.1,75,6.1728,356
1991-12-23,1991-12-23,0.0,29.2,24.9,70,6.6872,357
1991-12-24,1991-12-24,1.1,29.6,24.5,79,3.6008,358
1991-12-25,1991-12-25,8.9,29.8,25,83,9.2592,359
1991-12-26,1991-12-26,0.0,30.2,24.4,69,6.1728,360
1991-12-27,1991-12-27,0.0,29.5,25.3,59,5.144,361
1991-12-28,1991-12-28,2.5,29.5,24.6,67,4.1152,362
1991-12-29,1991-12-29,0.0,29.4,23.3,74,3.6008,363
1991-12-30,1991-12-30,0.7,29.7,24.6,67,6.1728,364
1991-12-31,1991-12-31,0.8,29.3,24.7,95,4.6296,365
1992-01-01,1992-01-01,0.0,30.3,25,72,5.144,1
1992-01-02,1992-01-02,0.0,30.4,25,64,4.1152,2
1992-01-03,1992-01-03,3.9,31.3,25.5,76,4.1152,3
1992-01-04,1992-01-04,12.4,30.4,25.5,78,4.1152,4
1992-01-05,1992-01-05,0.0,30.7,25,75,3.0864,5
1992-01-06,1992-01-06,2.4,29.8,25,79,5.144,6
1992-01-07,1992-01-07,11.7,30,24.6,81,6.1728,7
1992-01-08,1992-01-08,6.4,28.3,24,88,4.1152,8
1992-01-09,1992-01-09,0.4,31,25,90,6.1728,9
1992-01-10,1992-01-10,14.4,30.8,24.6,84,1.5432,10
1992-01-11,1992-01-11,5.3,28.5,23.5,93,0,11
1992-01-12,1992-01-12,21.3,29.9,23.7,81,3.0864,12
1992-01-13,1992-01-13,11.0,27.3,23.9,93,4.1152,13
1992-01-14,1992-01-14,0.0,28.9,23.3,75,5.144,14
1992-01-15,1992-01-15,0.0,28.8,24.9,60,6.1728,15
1992-01-16,1992-01-16,0.0,27.9,23.5,66,6.6872,16
1992-01-17,1992-01-17,1.9,29.2,21.4,69,3.6008,17
1992-01-18,1992-01-18,0.0,31.1,24.2,68,4.6296,18
1992-01-19,1992-01-19,0.0,32.5,25.1,69,0,19
1992-01-20,1992-01-20,0.0,28.7,24.6,65,2.0576,20
1992-01-21,1992-01-21,0.0,28.3,22.3,66,6.1728,21
1992-01-22,1992-01-22,0.0,29,23.7,58,5.144,22
1992-01-23,1992-01-23,0.0,31.2,22.2,71,3.6008,23
1992-01-24,1992-01-24,0.0,31.9,22,68,0,24
1992-01-25,1992-01-25,5.7,32.5,23.2,70,0,25
1992-01-26,1992-01-26,0.0,30.4,22.4,76,3.0864,26
1992-01-27,1992-01-27,0.2,30.3,23.5,69,3.6008,27
1992-01-28,1992-01-28,1.5,30.5,23.7,74,3.0864,28
1992-01-29,1992-01-29,1.0,31,25.6,71,4.1152,29
1992-01-30,1992-01-30,1.0,30.5,25,76,4.6296,30
1992-01-31,1992-01-31,0.0,30.8,25,74,6.1728,31
1992-02-01,1992-02-01,0.0,30.8,25.9,65,5.144,32
1992-02-02,1992-02-02,1.6,30.2,25.6,62,6.1728,33
1992-02-03,1992-02-03,0.0,30.5,24.3,67,5.144,34
1992-02-04,1992-02-04,0.0,31,25.5,71,4.1152,35
1992-02-05,1992-02-05,0.0,31.3,24.8,67,3.0864,36
1992-02-06,1992-02-06,0.0,31.7,23.4,66,2.572,37
1992-02-07,1992-02-07,4.7,30.5,24.9,64,4.1152,38
1992-02-08,1992-02-08,84.9,31.9,24.1,81,3.0864,39
1992-02-09,1992-02-09,0.0,30.7,23.6,79,5.144,40
1992-02-10,1992-02-10,3.8,30.6,26,71,3.0864,41
1992-02-11,1992-02-11,1.0,30.7,24.1,81,7.2016,42
1992-02-12,1992-02-12,0.7,30.2,25.3,79,6.1728,43
1992-02-13,1992-02-13,0.0,30.8,25.8,70,5.144,44
1992-02-14,1992-02-14,4.3,29.6,26.7,80,3.6008,45
1992-02-15,1992-02-15,8.3,30.5,25.2,79,3.6008,46
1992-02-16,1992-02-16,0.0,31.1,25.5,82,3.0864,47
1992-02-17,1992-02-17,1.0,31.3,24.9,73,4.1152,48
1992-02-18,1992-02-18,33.0,30.4,25.7,72,3.6008,49
1992-02-19,1992-02-19,1.3,29.9,24.4,91,3.6008,50
1992-02-20,1992-02-20,14.3,30,25.2,82,3.6008,51
1992-02-21,1992-02-21,0.8,30.7,23.7,76,4.1152,52
1992-02-22,1992-02-22,2.6,29.6,25.1,89,0,53
1992-02-23,1992-02-23,0.7,29.8,25.6,78,4.1152,54
1992-02-24,1992-02-24,1.8,29.6,24.6,76,4.6296,55
1992-02-25,1992-02-25,0.0,29.9,24.8,76,4.1152,56
1992-02-26,1992-02-26,0.0,31,25.3,75,2.572,57
1992-02-27,1992-02-27,0.0,31.2,24.6,71,3.0864,58
1992-02-28,1992-02-28,0.0,31.7,24.6,68,3.6008,59
1992-02-29,1992-02-29,44.5,32.7,24.3,81,0,60
1992-03-01,1992-03-01,7.7,31.2,24.2,95,2.572,61
1992-03-02,1992-03-02,2.7,33,24.9,90,3.0864,62
1992-03-03,1992-03-03,0.0,31.9,26.1,84,5.144,63
1992-03-04,1992-03-04,0.0,33,26.5,73,0,64
1992-03-05,1992-03-05,0.0,30.8,25.8,75,2.572,65
1992-03-06,1992-03-06,38.9,30,27,83,4.6296,66
1992-03-07,1992-03-07,24.0,28.9,25.5,92,9.2592,67
1992-03-08,1992-03-08,0.4,30.9,24.9,74,5.144,68
1992-03-09,1992-03-09,27.6,31.5,25.4,76,0,69
1992-03-10,1992-03-10,6.4,32.3,24.2,82,0,70
1992-03-11,1992-03-11,2.4,30.2,24.8,84,4.1152,71
1992-03-12,1992-03-12,2.7,29.5,25.2,79,0,72
1992-03-13,1992-03-13,0.0,29.7,25.2,74,5.144,73
1992-03-14,1992-03-14,6.8,29,25.9,67,7.716,74
1992-03-15,1992-03-15,11.0,28.9,23.9,74,7.2016,75
1992-03-16,1992-03-16,5.0,29.3,24.7,79,7.716,76
1992-03-17,1992-03-17,7.4,28.9,23.2,81,3.6008,77
1992-03-18,1992-03-18,0.0,29.3,24.5,79,5.144,78
1992-03-19,1992-03-19,0.0,29.3,22.3,79,4.1152,79
1992-03-20,1992-03-20,0.0,31.2,22.4,65,0,80
1992-03-21,1992-03-21,0.0,30,21.6,68,0,81
1992-03-22,1992-03-22,0.0,30.2,24.4,68,4.1152,82
1992-03-23,1992-03-23,6.4,29.5,24.7,65,4.1152,83
1992-03-24,1992-03-24,0.8,29.7,23,74,5.144,84
1992-03-25,1992-03-25,0.0,29.3,25.1,66,7.716,85
1992-03-26,1992-03-26,4.4,29.7,23.7,74,6.6872,86
1992-03-27,1992-03-27,16.5,30.2,24.7,75,5.144,87
1992-03-28,1992-03-28,1.6,29.1,23.4,81,6.1728,88
1992-03-29,1992-03-29,5.1,29.2,24.8,83,5.144,89
1992-03-30,1992-03-30,77.3,29.6,24.6,84,4.6296,90
1992-03-31,1992-03-31,17.0,27.5,23.1,95,3.0864,91
1992-04-01,1992-04-01,0.0,29,23.3,83,3.0864,92
1992-04-02,1992-04-02,0.5,30,24.6,78,2.0576,93
1992-04-03,1992-04-03,33.8,28.7,24.7,77,4.1152,94
1992-04-04,1992-04-04,11.3,26.5,23.2,91,7.2016,95
1992-04-05,1992-04-05,8.0,27,22.2,90,6.1728,96
1992-04-06,1992-04-06,0.4,28.8,21.6,74,5.144,97
1992-04-07,1992-04-07,7.1,28.8,24.6,82,6.6872,98
1992-04-08,1992-04-08,9.0,28,21.4,92,9.2592,99
1992-04-09,1992-04-09,1.1,28.5,24.9,88,5.144,100
1992-04-10,1992-04-10,0.0,28.7,24.3,82,4.1152,101
1992-04-11,1992-04-11,0.0,29.2,24,77,4.1152,102
1992-04-12,1992-04-12,1.2,28.2,25.2,82,5.144,103
1992-04-13,1992-04-13,0.1,28.6,24.2,82,2.572,104
1992-04-14,1992-04-14,0.0,27.9,24.4,69,7.2016,105
1992-04-15,1992-04-15,1.0,27.7,25.2,76,4.6296,106
1992-04-16,1992-04-16,0.0,27.7,23,80,6.1728,107
1992-04-17,1992-04-17,0.0,27.7,22.7,78,3.6008,108
1992-04-18,1992-04-18,4.8,27.6,24.5,77,6.1728,109
1992-04-19,1992-04-19,62.0,28.3,21.2,76,5.144,110
1992-04-20,1992-04-20,3.3,26.6,19.9,95,10.288,111
1992-04-21,1992-04-21,0.0,29.9,21.4,88,0,112
1992-04-22,1992-04-22,1.4,28.9,25,69,6.1728,113
1992-04-23,1992-04-23,35.2,25.9,22.6,78,6.1728,114
1992-04-24,1992-04-24,0.0,26.6,18.6,68,8.2304,115
1992-04-25,1992-04-25,0.8,27.2,20.3,73,9.2592,116
1992-04-26,1992-04-26,1.8,27.4,23,80,8.2304,117
1992-04-27,1992-04-27,13.2,26.7,20.1,88,10.288,118
1992-04-28,1992-04-28,49.7,27.5,21.6,99,9.2592,119
1992-04-29,1992-04-29,14.6,26.3,23.5,97,6.1728,120
1992-04-30,1992-04-30,7.2,27.3,23.6,91,5.144,121
1992-05-01,1992-05-01,9.8,29.1,23.6,88,3.0864,122
1992-05-02,1992-05-02,14.2,30.9,23.6,84,0,123
1992-05-03,1992-05-03,0.0,27.2,23.4,81,6.1728,124
1992-05-04,1992-05-04,0.0,27.3,23,74,4.1152,125
1992-05-05,1992-05-05,0.0,27.3,22.8,68,5.144,126
1992-05-06,1992-05-06,4.0,28.4,24.2,79,3.0864,127
1992-05-07,1992-05-07,1.4,26.5,23.2,84,5.144,128
1992-05-08,1992-05-08,0.0,26.8,22.8,83,5.144,129
1992-05-09,1992-05-09,3.3,27.4,23,70,4.1152,130
1992-05-10,1992-05-10,5.2,26.5,22.5,91,7.716,131
1992-05-11,1992-05-11,20.9,26.5,23.5,83,5.144,132
1992-05-12,1992-05-12,4.6,27.4,24.1,92,3.0864,133
1992-05-13,1992-05-13,6.6,27.3,24.4,85,8.2304,134
1992-05-14,1992-05-14,0.0,26.5,22.8,67,7.2016,135
1992-05-15,1992-05-15,0.0,26.3,22.3,55,5.144,136
1992-05-16,1992-05-16,0.0,27.5,22.9,60,5.144,137
1992-05-17,1992-05-17,0.0,26.9,23.7,67,5.144,138
1992-05-18,1992-05-18,0.0,26.4,23.5,65,9.2592,139
1992-05-19,1992-05-19,0.4,25.6,21.5,87,4.6296,140
1992-05-20,1992-05-20,1.8,26.9,22.5,69,4.1152,141
1992-05-21,1992-05-21,0.0,26.3,22.1,75,5.144,142
1992-05-22,1992-05-22,0.0,26.5,20.8,71,5.144,143
1992-05-23,1992-05-23,0.0,27.5,22.5,71,3.6008,144
1992-05-24,1992-05-24,0.0,31.2,22,73,0,145
1992-05-25,1992-05-25,0.0,31.5,21.5,58,0,146
1992-05-26,1992-05-26,0.0,26.7,21.5,87,4.6296,147
1992-05-27,1992-05-27,0.0,28,24,84,5.144,148
1992-05-28,1992-05-28,0.0,28.7,24.3,77,0,149
1992-05-29,1992-05-29,2.9,28.3,24.3,73,5.144,150
1992-05-30,1992-05-30,14.6,26.2,23.2,94,5.144,151
1992-05-31,1992-05-31,14.0,27.5,22.8,81,6.1728,152
1992-06-01,1992-06-01,14.5,26.7,23.7,84,3.6008,153
1992-06-02,1992-06-02,0.0,28.7,21.3,84,0,154
1992-06-03,1992-06-03,0.0,29.4,22.7,84,0,155
1992-06-04,1992-06-04,0.5,28.7,23,81,4.1152,156
1992-06-05,1992-06-05,0.0,29.1,23.5,74,0,157
1992-06-06,1992-06-06,0.0,28.3,24.3,80,4.1152,158
1992-06-07,1992-06-07,0.0,27.5,24.5,78,5.144,159
1992-06-08,1992-06-08,0.0,27.2,24.8,75,6.1728,160
1992-06-09,1992-06-09,1.6,27.2,24.9,78,6.1728,161
1992-06-10,1992-06-10,2.3,27.7,22.7,81,5.144,162
1992-06-11,1992-06-11,0.0,26.7,22.5,86,4.1152,163
1992-06-12,1992-06-12,0.0,27.7,23,78,5.144,164
1992-06-13,1992-06-13,0.0,28.4,22.3,74,4.6296,165
1992-06-14,1992-06-14,0.0,27.7,23,76,3.6008,166
1992-06-15,1992-06-15,0.0,27.9,23.5,79,3.6008,167
1992-06-16,1992-06-16,0.0,27.9,21.7,69,3.6008,168
1992-06-17,1992-06-17,0.0,29.5,23.7,78,3.6008,169
1992-06-18,1992-06-18,0.0,29.7,23.5,77,5.144,170
1992-06-19,1992-06-19,17.0,31.5,23.4,67,0,171
1992-06-20,1992-06-20,2.1,26.7,23.2,90,4.6296,172
1992-06-21,1992-06-21,0.0,26.4,22,79,4.6296,173
1992-06-22,1992-06-22,0.0,27.2,23.5,78,3.6008,174
1992-06-23,1992-06-23,0.0,29,23.5,71,3.0864,175
1992-06-24,1992-06-24,0.0,26.7,24.2,81,3.6008,176
1992-06-25,1992-06-25,0.0,26.7,22.5,74,4.1152,177
1992-06-26,1992-06-26,0.0,25.5,22.5,80,5.144,178
1992-06-27,1992-06-27,0.0,26.5,23.5,78,3.0864,179
1992-06-28,1992-06-28,0.0,28.7,22.2,72,0,180
1992-06-29,1992-06-29,0.0,32.4,24.5,78,0,181
1992-06-30,1992-06-30,0.0,29,24.5,82,0,182
1992-07-01,1992-07-01,2.4,26.7,22,84,5.144,183
1992-07-02,1992-07-02,2.2,24.5,21.6,83,6.1728,184
1992-07-03,1992-07-03,6.4,25.5,20.1,74,7.716,185
1992-07-04,1992-07-04,18.5,26.2,21.5,83,9.2592,186
1992-07-05,1992-07-05,0.9,26.3,21,83,8.2304,187
1992-07-06,1992-07-06,0.0,27.2,23,80,4.1152,188
1992-07-07,1992-07-07,0.0,26.7,23.5,72,7.2016,189
1992-07-08,1992-07-08,0.0,27.2,23.7,72,5.144,190
1992-07-09,1992-07-09,0.0,27.2,22.4,78,4.1152,191
1992-07-10,1992-07-10,0.0,26.9,22.5,79,3.6008,192
1992-07-11,1992-07-11,0.0,28.5,22.7,72,3.0864,193
1992-07-12,1992-07-12,1.6,28.7,22,91,2.572,194
1992-07-13,1992-07-13,7.0,25,23,93,5.144,195
1992-07-14,1992-07-14,0.8,25.7,22.1,93,8.2304,196
1992-07-15,1992-07-15,2.0,25.8,23,90,6.6872,197
1992-07-16,1992-07-16,3.0,26.3,23,85,2.572,198
1992-07-17,1992-07-17,3.8,25,22.7,87,6.1728,199
1992-07-18,1992-07-18,2.0,24.5,18.2,85,10.288,200
1992-07-19,1992-07-19,0.0,25,20.2,73,12.86,201
1992-07-20,1992-07-20,0.2,26.8,21.6,72,7.2016,202
1992-07-21,1992-07-21,0.0,27.5,23.7,83,6.1728,203
1992-07-22,1992-07-22,0.0,27.7,23.7,82,5.144,204
1992-07-23,1992-07-23,0.0,26.7,23.1,67,9.2592,205
1992-07-24,1992-07-24,0.4,26.2,23.2,79,5.144,206
1992-07-25,1992-07-25,0.2,26,21.8,73,7.716,207
1992-07-26,1992-07-26,2.3,24,21.5,85,8.2304,208
1992-07-27,1992-07-27,4.4,25.1,21.7,92,5.144,209
1992-07-28,1992-07-28,0.6,25,19.7,73,9.2592,210
1992-07-29,1992-07-29,41.3,24.3,19,94,9.2592,211
1992-07-30,1992-07-30,16.0,25.3,19.5,97,6.6872,212
1992-07-31,1992-07-31,1.8,27.7,22.9,89,6.1728,213
1992-08-01,1992-08-01,0.0,26.8,22.7,82,5.144,214
1992-08-02,1992-08-02,4.2,26.2,22.8,76,7.2016,215
1992-08-03,1992-08-03,7.4,25.1,21,93,4.6296,216
1992-08-04,1992-08-04,0.0,26.2,21.4,76,5.144,217
1992-08-05,1992-08-05,5.9,25.2,23.5,89,5.144,218
1992-08-06,1992-08-06,2.0,24.2,21,82,6.1728,219
1992-08-07,1992-08-07,0.7,25.5,19.5,86,9.2592,220
1992-08-08,1992-08-08,0.0,25.7,20.5,74,8.7448,221
1992-08-09,1992-08-09,0.2,26.5,22.2,76,6.1728,222
1992-08-10,1992-08-10,1.0,26.9,23.2,80,3.0864,223
1992-08-11,1992-08-11,9.4,26.7,23.3,91,0,224
1992-08-12,1992-08-12,0.4,25.9,23.3,75,5.144,225
1992-08-13,1992-08-13,0.0,25.4,20.5,76,5.144,226
1992-08-14,1992-08-14,0.0,26.9,21.2,71,3.0864,227
1992-08-15,1992-08-15,0.0,26.5,22.6,70,5.144,228
1992-08-16,1992-08-16,0.0,26.5,22.8,79,5.144,229
1992-08-17,1992-08-17,0.0,25.6,22.8,83,5.144,230
1992-08-18,1992-08-18,0.0,25.2,22.1,57,7.716,231
1992-08-19,1992-08-19,0.0,25.4,22.3,65,5.144,232
1992-08-20,1992-08-20,0.0,25.9,21.5,67,5.144,233
1992-08-21,1992-08-21,0.0,25.6,21.6,64,5.144,234
1992-08-22,1992-08-22,0.0,25,21.7,70,5.144,235
1992-08-23,1992-08-23,0.0,25,20.4,58,5.144,236
1992-08-24,1992-08-24,0.0,25.1,21.7,61,5.144,237
1992-08-25,1992-08-25,0.0,26.4,21.8,74,4.1152,238
1992-08-26,1992-08-26,3.5,28,22.7,81,4.6296,239
1992-08-27,1992-08-27,7.7,29.5,23,95,0,240
1992-08-28,1992-08-28,1.2,25.5,23,89,0,241
1992-08-29,1992-08-29,21.2,27,21.6,91,0,242
1992-08-30,1992-08-30,0.0,28.6,21.3,72,0,243
1992-08-31,1992-08-31,0.0,27.2,22.5,78,4.1152,244
1992-09-01,1992-09-01,0.0,28.2,23.5,79,3.0864,245
1992-09-02,1992-09-02,0.0,28.5,23.1,68,5.144,246
1992-09-03,1992-09-03,0.0,27,22.2,75,5.144,247
1992-09-04,1992-09-04,0.0,26.5,21.2,71,2.0576,248
1992-09-05,1992-09-05,0.0,26.5,22.1,80,4.1152,249
1992-09-06,1992-09-06,0.0,27.4,21.5,74,4.1152,250
1992-09-07,1992-09-07,0.0,29.9,19.4,73,0,251
1992-09-08,1992-09-08,0.0,26.5,22,79,5.144,252
1992-09-09,1992-09-09,0.0,29,22.8,77,4.1152,253
1992-09-10,1992-09-10,0.0,30.5,20.7,86,0,254
1992-09-11,1992-09-11,0.1,27.1,21.5,78,5.144,255
1992-09-12,1992-09-12,2.0,27,23,73,6.1728,256
1992-09-13,1992-09-13,0.4,26.4,21,71,7.716,257
1992-09-14,1992-09-14,0.0,26.5,22.5,82,8.2304,258
1992-09-15,1992-09-15,0.0,26.6,23.1,79,5.144,259
1992-09-16,1992-09-16,0.0,27.9,22.1,81,4.1152,260
1992-09-17,1992-09-17,0.0,28.5,23.4,81,5.144,261
1992-09-18,1992-09-18,1.0,28.8,20.6,76,0,262
1992-09-19,1992-09-19,0.5,30.5,21.3,81,3.6008,263
1992-09-20,1992-09-20,0.0,26.5,23.5,76,2.572,264
1992-09-21,1992-09-21,0.8,27.2,23.8,73,4.1152,265
1992-09-22,1992-09-22,27.9,26,21.9,65,7.2016,266
1992-09-23,1992-09-23,4.4,25.4,19.4,97,5.144,267
1992-09-24,1992-09-24,2.2,25.6,20.5,88,7.2016,268
1992-09-25,1992-09-25,0.0,27.1,20.5,72,7.716,269
1992-09-26,1992-09-26,0.0,27.4,23.4,72,7.2016,270
1992-09-27,1992-09-27,0.0,29.1,22,63,0,271
1992-09-28,1992-09-28,0.0,29.9,19.6,73,0,272
1992-09-29,1992-09-29,0.0,28.2,21.4,72,3.0864,273
1992-09-30,1992-09-30,3.2,29.4,24.2,81,4.1152,274
1992-10-01,1992-10-01,0.0,30.4,24.1,79,0,275
1992-10-02,1992-10-02,0.0,30,22.4,74,0,276
1992-10-03,1992-10-03,0.0,29.3,21.4,80,2.572,277
1992-10-04,1992-10-04,1.7,30.5,22.7,76,0,278
1992-10-05,1992-10-05,4.2,26.2,22.2,76,7.716,279
1992-10-06,1992-10-06,15.4,26,22.2,85,9.2592,280
1992-10-07,1992-10-07,40.2,27.2,22.4,81,0,281
1992-10-08,1992-10-08,6.5,27.4,22.8,87,3.0864,282
1992-10-09,1992-10-09,0.0,30.3,22.2,83,0,283
1992-10-10,1992-10-10,0.0,29,24,79,3.0864,284
1992-10-11,1992-10-11,0.0,28.5,22,61,3.0864,285
1992-10-12,1992-10-12,0.0,26.9,22.6,62,4.1152,286
1992-10-13,1992-10-13,0.0,27.5,22.8,61,5.144,287
1992-10-14,1992-10-14,2.9,27.5,22.3,65,2.572,288
1992-10-15,1992-10-15,0.0,27,21.8,86,2.572,289
1992-10-16,1992-10-16,3.0,26.9,23.1,72,5.144,290
1992-10-17,1992-10-17,39.8,27.5,23,87,3.0864,291
1992-10-18,1992-10-18,1.1,26.2,21.9,78,7.716,292
1992-10-19,1992-10-19,0.3,27.7,22,72,7.716,293
1992-10-20,1992-10-20,0.0,27.8,22.3,71,6.1728,294
1992-10-21,1992-10-21,0.5,28.9,24.2,72,5.144,295
1992-10-22,1992-10-22,0.0,28.5,23.6,66,6.1728,296
1992-10-23,1992-10-23,0.0,30.5,23.6,75,5.144,297
1992-10-24,1992-10-24,0.0,27.4,24.1,76,5.144,298
1992-10-25,1992-10-25,0.0,27,23.5,74,4.1152,299
1992-10-26,1992-10-26,0.0,28,23.4,62,4.1152,300
1992-10-27,1992-10-27,2.8,27.4,22.7,78,5.144,301
1992-10-28,1992-10-28,6.6,26.9,22.8,90,6.1728,302
1992-10-29,1992-10-29,3.1,25.5,23,85,8.2304,303
1992-10-30,1992-10-30,0.2,25.9,22,83,10.288,304
1992-10-31,1992-10-31,0.1,26.1,20.5,58,10.288,305
1992-11-01,1992-11-01,0.0,25.7,17.8,64,8.2304,306
1992-11-02,1992-11-02,0.0,26,21.6,54,9.2592,307
1992-11-03,1992-11-03,0.0,26.8,21.6,56,5.144,308
1992-11-04,1992-11-04,8.8,27.3,21.8,60,6.1728,309
1992-11-05,1992-11-05,0.0,27.4,20.7,67,6.1728,310
1992-11-06,1992-11-06,0.3,27.2,18,63,5.144,311
1992-11-07,1992-11-07,0.3,28.1,22.3,69,5.144,312
1992-11-08,1992-11-08,5.3,29,23.1,84,3.0864,313
1992-11-09,1992-11-09,42.3,29.1,24.3,67,4.1152,314
1992-11-10,1992-11-10,12.2,31.5,21.4,82,5.144,315
1992-11-11,1992-11-11,0.0,30.2,23,68,0,316
1992-11-12,1992-11-12,0.0,29.5,22.6,81,3.0864,317
1992-11-13,1992-11-13,0.0,29.5,24.3,74,2.572,318
1992-11-14,1992-11-14,0.2,28.5,24.3,77,5.144,319
1992-11-15,1992-11-15,0.0,28,23,67,7.716,320
1992-11-16,1992-11-16,0.0,28.4,21.4,59,3.0864,321
1992-11-17,1992-11-17,0.0,28.6,22.8,61,4.1152,322
1992-11-18,1992-11-18,20.9,29.1,24,70,5.144,323
1992-11-19,1992-11-19,13.7,28,22.9,95,5.144,324
1992-11-20,1992-11-20,1.0,27.7,21.8,87,0,325
1992-11-21,1992-11-21,0.0,30.6,22.4,83,2.572,326
1992-11-22,1992-11-22,39.0,30.7,22.4,77,0,327
1992-11-23,1992-11-23,0.0,30,23.3,63,0,328
1992-11-24,1992-11-24,0.0,30,22.9,83,0,329
1992-11-25,1992-11-25,5.0,28.9,23,82,3.0864,330
1992-11-26,1992-11-26,32.0,30.4,23.1,84,5.144,331
1992-11-27,1992-11-27,0.0,28.9,23.8,82,5.144,332
1992-11-28,1992-11-28,0.0,29.2,24.8,82,4.1152,333
1992-11-29,1992-11-29,0.0,29.2,24.6,70,6.1728,334
1992-11-30,1992-11-30,0.0,28.8,24.8,76,6.1728,335
1992-12-01,1992-12-01,0.0,28.8,25,74,6.1728,336
1992-12-02,1992-12-02,16.4,29,25,79,6.1728,337
1992-12-03,1992-12-03,0.0,29.7,24,86,2.572,338
1992-12-04,1992-12-04,10.7,30,21.9,76,0,339
1992-12-05,1992-12-05,0.0,29.5,23.9,78,2.572,340
1992-12-06,1992-12-06,0.2,29,24.5,80,5.144,341
1992-12-07,1992-12-07,1.6,28,25.6,78,5.144,342
1992-12-08,1992-12-08,3.5,29.6,24.4,79,3.0864,343
1992-12-09,1992-12-09,22.8,25.8,24.6,91,5.144,344
1992-12-10,1992-12-10,129.1,27,24,88,4.1152,345
1992-12-11,1992-12-11,6.2,30.5,23.6,76,10.288,346
1992-12-12,1992-12-12,0.4,30.2,25.1,80,6.1728,347
1992-12-13,1992-12-13,0.6,31.1,24.2,71,5.144,348
1992-12-14,1992-12-14,1.0,32,23.6,76,0,349
1992-12-15,1992-12-15,0.0,30,23.5,86,0,350
1992-12-16,1992-12-16,0.1,31.1,24.4,83,0,351
1992-12-17,1992-12-17,0.0,31.7,23.3,84,2.0576,352
1992-12-18,1992-12-18,3.1,32.7,24.8,72,3.0864,353
1992-12-19,1992-12-19,0.0,29.4,24.5,83,3.6008,354
1992-12-20,1992-12-20,0.1,29.1,24.1,74,5.144,355
1992-12-21,1992-12-21,3.0,29.4,24.1,72,5.144,356
1992-12-22,1992-12-22,47.0,29.5,24.3,89,3.0864,357
1992-12-23,1992-12-23,57.7,29.4,23.8,89,5.144,358
1992-12-24,1992-12-24,37.6,27.5,22.3,82,6.1728,359
1992-12-25,1992-12-25,1.1,29,23,77,9.2592,360
1992-12-26,1992-12-26,1.5,27.5,24.5,80,7.716,361
1992-12-27,1992-12-27,0.2,28.9,24,82,7.716,362
1992-12-28,1992-12-28,10.6,27.6,24.9,79,7.716,363
1992-12-29,1992-12-29,27.3,30,24,84,4.1152,364
1992-12-30,1992-12-30,33.9,31,25.1,87,2.0576,365
1992-12-31,1992-12-31,4.7,29.9,25,76,2.572,366
1993-01-01,1993-01-01,34.2,31,25.4,77,0,1
1993-01-02,1993-01-02,97.4,30.2,22.5,84,5.144,2
1993-01-03,1993-01-03,4.0,31,24.8,90,12.86,3
1993-01-04,1993-01-04,0.0,29.3,24.5,73,4.1152,4
1993-01-05,1993-01-05,0.5,28,23.8,66,4.1152,5
1993-01-06,1993-01-06,0.0,28.3,23.4,77,6.6872,6
1993-01-07,1993-01-07,0.0,28,23,51,7.2016,7
1993-01-08,1993-01-08,1.6,28.4,24,69,5.144,8
1993-01-09,1993-01-09,4.4,29,22.5,81,5.144,9
1993-01-10,1993-01-10,7.2,30.5,24.4,84,2.572,10
1993-01-11,1993-01-11,18.3,29,24.5,88,5.144,11
1993-01-12,1993-01-12,0.0,29,24.4,87,4.1152,12
1993-01-13,1993-01-13,0.0,29.7,25,80,5.144,13
1993-01-14,1993-01-14,0.0,29.8,25,72,2.572,14
1993-01-15,1993-01-15,0.0,29.9,24.5,70,5.144,15
1993-01-16,1993-01-16,0.0,30,24.6,65,4.1152,16
1993-01-17,1993-01-17,0.0,30.2,24.4,66,2.572,17
1993-01-18,1993-01-18,0.0,29.2,24.4,73,4.1152,18
1993-01-19,1993-01-19,0.0,30,25.1,69,3.0864,19
1993-01-20,1993-01-20,0.0,29.5,25,67,6.6872,20
1993-01-21,1993-01-21,0.5,29.5,25.5,60,6.1728,21
1993-01-22,1993-01-22,0.0,30,25.4,80,7.716,22
1993-01-23,1993-01-23,0.0,30.5,25.6,74,3.0864,23
1993-01-24,1993-01-24,0.6,30.8,25.5,72,5.144,24
1993-01-25,1993-01-25,1.7,30.4,25.3,75,5.144,25
1993-01-26,1993-01-26,2.6,30.2,24.2,74,6.1728,26
1993-01-27,1993-01-27,0.0,29.4,24.3,72,6.1728,27
1993-01-28,1993-01-28,0.0,31,25.2,67,5.144,28
1993-01-29,1993-01-29,2.8,29.5,25.5,66,6.6872,29
1993-01-30,1993-01-30,2.0,28.5,23.5,78,7.716,30
1993-01-31,1993-01-31,0.0,29.8,22.7,54,7.2016,31
1993-02-01,1993-02-01,0.0,29,25.1,66,5.144,32
1993-02-02,1993-02-02,28.8,28.6,25,80,5.144,33
1993-02-03,1993-02-03,3.3,29.5,23.8,94,2.572,34
1993-02-04,1993-02-04,5.3,27.6,24.4,91,7.2016,35
1993-02-05,1993-02-05,0.0,27.5,23.7,77,6.1728,36
1993-02-06,1993-02-06,11.0,27.9,25.2,83,7.716,37
1993-02-07,1993-02-07,0.0,29,23.1,76,4.1152,38
1993-02-08,1993-02-08,0.0,31.9,22.7,70,0,39
1993-02-09,1993-02-09,0.0,29.5,24.7,77,0,40
1993-02-10,1993-02-10,1.5,28.5,24.5,77,3.6008,41
1993-02-11,1993-02-11,0.0,30,23.3,75,0,42
1993-02-12,1993-02-12,0.2,30.1,24,78,0,43
1993-02-13,1993-02-13,0.0,30.2,23.7,82,0,44
1993-02-14,1993-02-14,0.0,31,24.3,73,0,45
1993-02-15,1993-02-15,1.2,31,24.5,78,0,46
1993-02-16,1993-02-16,61.4,30,24.7,73,2.572,47
1993-02-17,1993-02-17,2.0,29.4,24,88,15.432,48
1993-02-18,1993-02-18,0.0,31.6,25.9,76,2.572,49
1993-02-19,1993-02-19,0.3,31.5,24.6,73,0,50
1993-02-20,1993-02-20,2.3,30,23.1,76,3.0864,51
1993-02-21,1993-02-21,0.0,31.2,24.5,68,0,52
1993-02-22,1993-02-22,7.9,30.2,24,73,4.1152,53
1993-02-23,1993-02-23,25.8,30,24,76,2.0576,54
1993-02-24,1993-02-24,31.2,29,24.5,88,2.572,55
1993-02-25,1993-02-25,11.5,30.3,23,77,3.6008,56
1993-02-26,1993-02-26,5.6,31.2,23.7,81,3.0864,57
1993-02-27,1993-02-27,18.8,28.9,23.5,88,5.144,58
1993-02-28,1993-02-28,24.8,29.2,24.1,86,5.144,59
1993-03-01,1993-03-01,0.0,31.1,24.3,81,2.572,60
1993-03-02,1993-03-02,0.0,30,24.8,70,1.5432,61
1993-03-03,1993-03-03,4.4,31.7,24,73,0,62
1993-03-04,1993-03-04,28.3,31.6,26,80,2.572,63
1993-03-05,1993-03-05,36.8,30.4,25.3,82,0,64
1993-03-06,1993-03-06,0.1,29.3,23.6,82,4.1152,65
1993-03-07,1993-03-07,8.6,30.9,25,78,0,66
1993-03-08,1993-03-08,7.1,31.2,24.8,74,4.1152,67
1993-03-09,1993-03-09,20.7,30.4,24.4,78,0,68
1993-03-10,1993-03-10,41.2,31,24,69,0,69
1993-03-11,1993-03-11,2.0,29.5,24.1,83,3.0864,70
1993-03-12,1993-03-12,12.5,30,24.3,78,2.572,71
1993-03-13,1993-03-13,8.5,29.5,25.4,92,4.1152,72
1993-03-14,1993-03-14,58.6,30.4,24.9,90,0,73
1993-03-15,1993-03-15,5.6,28.4,23.5,89,0,74
1993-03-16,1993-03-16,3.3,28.6,23.4,80,5.144,75
1993-03-17,1993-03-17,8.1,28.4,24.8,95,8.2304,76
1993-03-18,1993-03-18,46.7,28.2,24.5,94,4.1152,77
1993-03-19,1993-03-19,8.9,28.2,22.1,90,3.0864,78
1993-03-20,1993-03-20,0.8,28.3,23.6,95,3.0864,79
1993-03-21,1993-03-21,0.0,30.5,23.8,73,2.572,80
1993-03-22,1993-03-22,0.0,31.2,24.8,77,2.572,81
1993-03-23,1993-03-23,0.0,32.3,25.5,75,3.0864,82
1993-03-24,1993-03-24,3.1,32.3,25.6,81,0,83
1993-03-25,1993-03-25,6.1,31,24.7,87,4.1152,84
1993-03-26,1993-03-26,32.6,30,24.6,77,2.572,85
1993-03-27,1993-03-27,1.4,29.7,24.1,84,2.0576,86
1993-03-28,1993-03-28,29.2,31.7,24.8,82,3.0864,87
1993-03-29,1993-03-29,0.0,30.5,24.2,76,4.1152,88
1993-03-30,1993-03-30,1.0,31.6,25.4,81,0,89
1993-03-31,1993-03-31,25.4,31,24.8,75,0,90
1993-04-01,1993-04-01,3.0,32.7,24,73,0,91
1993-04-02,1993-04-02,9.0,30,24.4,82,2.572,92
1993-04-03,1993-04-03,4.4,30.3,25,77,5.144,93
1993-04-04,1993-04-04,5.2,29.8,25.6,84,5.144,94
1993-04-05,1993-04-05,19.9,29.3,24.5,84,9.2592,95
1993-04-06,1993-04-06,1.2,29.9,23.9,72,2.572,96
1993-04-07,1993-04-07,10.6,29.8,24.6,86,4.1152,97
1993-04-08,1993-04-08,14.7,29,25,84,5.144,98
1993-04-09,1993-04-09,41.1,29.2,25,83,4.1152,99
1993-04-10,1993-04-10,19.6,31.5,24.2,84,2.572,100
1993-04-11,1993-04-11,12.6,29.8,24,89,6.1728,101
1993-04-12,1993-04-12,1.3,28.5,24.8,83,7.716,102
1993-04-13,1993-04-13,1.8,28.4,25.4,77,5.144,103
1993-04-14,1993-04-14,0.0,28,24.6,76,7.716,104
1993-04-15,1993-04-15,0.0,28.2,25.2,66,6.6872,105
1993-04-16,1993-04-16,0.0,28.5,25.4,67,6.1728,106
1993-04-17,1993-04-17,0.0,28.3,24.8,75,6.1728,107
1993-04-18,1993-04-18,3.1,28.2,24.6,73,5.144,108
1993-04-19,1993-04-19,0.6,28.3,23.5,85,4.1152,109
1993-04-20,1993-04-20,0.0,28,23.6,67,6.1728,110
1993-04-21,1993-04-21,0.0,27.5,25.2,67,7.2016,111
1993-04-22,1993-04-22,0.0,28,24.6,75,5.144,112
1993-04-23,1993-04-23,0.0,28.4,24.5,67,5.144,113
1993-04-24,1993-04-24,1.0,27.4,25,66,6.6872,114
1993-04-25,1993-04-25,7.3,26.5,22.8,89,7.2016,115
1993-04-26,1993-04-26,0.6,27.5,22.2,76,7.2016,116
1993-04-27,1993-04-27,10.6,28.4,24,69,5.144,117
1993-04-28,1993-04-28,0.2,28,23.8,82,7.2016,118
1993-04-29,1993-04-29,0.0,28,25.3,74,4.1152,119
1993-04-30,1993-04-30,3.8,29,25,77,4.1152,120
1993-05-01,1993-05-01,12.0,28.8,24,80,0,121
1993-05-02,1993-05-02,4.4,28.8,23.5,88,0,122
1993-05-03,1993-05-03,40.6,29.7,23.4,82,0,123
1993-05-04,1993-05-04,1.0,29,22.8,90,0,124
1993-05-05,1993-05-05,0.1,30.1,23.5,73,2.572,125
1993-05-06,1993-05-06,0.0,29.2,25,83,0,126
1993-05-07,1993-05-07,0.0,30.6,25,76,5.144,127
1993-05-08,1993-05-08,0.0,29,24.6,88,3.0864,128
1993-05-09,1993-05-09,0.0,27.9,25.5,78,7.716,129
1993-05-10,1993-05-10,0.5,28,24.2,79,7.2016,130
1993-05-11,1993-05-11,0.6,27.5,23.5,65,7.716,131
1993-05-12,1993-05-12,0.1,27.6,22.8,56,7.716,132
1993-05-13,1993-05-13,3.9,26.9,23.5,65,7.716,133
1993-05-14,1993-05-14,3.0,26.5,21.7,67,7.2016,134
1993-05-15,1993-05-15,0.3,27.4,22.3,65,9.2592,135
1993-05-16,1993-05-16,4.5,27.2,23.8,76,7.2016,136
1993-05-17,1993-05-17,0.0,27.5,23,67,6.1728,137
1993-05-18,1993-05-18,1.2,27.5,23.3,79,4.1152,138
1993-05-19,1993-05-19,0.0,28,24,76,3.6008,139
1993-05-20,1993-05-20,0.1,28.5,24.5,76,5.144,140
1993-05-21,1993-05-21,7.0,26.3,24.6,76,10.288,141
1993-05-22,1993-05-22,30.7,26.2,23.4,91,5.144,142
1993-05-23,1993-05-23,7.7,28.9,23.5,84,2.572,143
1993-05-24,1993-05-24,2.6,28,23.9,89,5.144,144
1993-05-25,1993-05-25,0.9,27.8,24,84,9.2592,145
1993-05-26,1993-05-26,0.0,27.6,23.9,80,5.144,146
1993-05-27,1993-05-27,3.0,28.2,23.6,75,5.144,147
1993-05-28,1993-05-28,25.7,26,23.7,89,2.572,148
1993-05-29,1993-05-29,0.1,25.5,20,78,7.716,149
1993-05-30,1993-05-30,0.2,25.5,21.3,69,7.716,150
1993-05-31,1993-05-31,0.1,26,21.5,79,7.716,151
1993-06-01,1993-06-01,3.0,25.5,21.9,82,10.288,152
1993-06-02,1993-06-02,0.0,26.9,22.5,74,7.716,153
1993-06-03,1993-06-03,1.1,25.6,23.7,77,6.1728,154
1993-06-04,1993-06-04,0.0,27.2,23.5,69,5.144,155
1993-06-05,1993-06-05,0.0,27.1,23,79,5.144,156
1993-06-06,1993-06-06,0.0,28.1,21.1,80,0,157
1993-06-07,1993-06-07,0.0,27.8,20.9,80,0,158
1993-06-08,1993-06-08,2.0,28.2,24.5,77,2.572,159
1993-06-09,1993-06-09,0.0,28.5,24.7,82,2.572,160
1993-06-10,1993-06-10,0.5,27.9,24.6,88,2.572,161
1993-06-11,1993-06-11,6.5,27.5,23.7,69,5.144,162
1993-06-12,1993-06-12,6.2,27.7,23,80,4.1152,163
1993-06-13,1993-06-13,0.0,27.2,23.7,77,5.144,164
1993-06-14,1993-06-14,0.0,27.9,23.4,73,2.572,165
1993-06-15,1993-06-15,0.6,27.1,23.3,75,2.572,166
1993-06-16,1993-06-16,7.3,26.8,21.8,76,3.0864,167
1993-06-17,1993-06-17,8.6,25.2,21.5,84,8.2304,168
1993-06-18,1993-06-18,1.4,25.5,20.7,70,8.2304,169
1993-06-19,1993-06-19,0.0,26.5,22,79,5.144,170
1993-06-20,1993-06-20,0.0,27.2,22.7,80,0,171
1993-06-21,1993-06-21,8.7,27,22,76,2.572,172
1993-06-22,1993-06-22,4.8,25,21.8,95,8.7448,173
1993-06-23,1993-06-23,0.0,25.7,21,69,7.716,174
1993-06-24,1993-06-24,0.0,25.6,23,66,6.1728,175
1993-06-25,1993-06-25,0.0,27,22.5,71,2.0576,176
1993-06-26,1993-06-26,0.0,27.4,20.5,69,0,177
1993-06-27,1993-06-27,0.0,29,22.6,70,4.1152,178
1993-06-28,1993-06-28,0.0,27.3,21,78,0,179
1993-06-29,1993-06-29,0.0,25.5,22.8,84,2.0576,180
1993-06-30,1993-06-30,3.5,24.7,21.7,91,7.716,181
1993-07-01,1993-07-01,0.6,24,20.7,73,10.288,182
1993-07-02,1993-07-02,0.1,24.5,20.2,91,9.2592,183
1993-07-03,1993-07-03,1.1,25.2,20.5,71,7.716,184
1993-07-04,1993-07-04,12.7,25.4,22.5,88,7.716,185
1993-07-05,1993-07-05,0.0,26,22.6,82,9.2592,186
1993-07-06,1993-07-06,0.0,27.4,23.1,87,2.572,187
1993-07-07,1993-07-07,0.0,26.5,21.9,85,4.1152,188
1993-07-08,1993-07-08,0.0,25,22.6,69,5.144,189
1993-07-09,1993-07-09,0.0,24.4,22,59,7.2016,190
1993-07-10,1993-07-10,1.0,24,20.5,53,6.1728,191
1993-07-11,1993-07-11,1.9,23.7,19.5,73,5.144,192
1993-07-12,1993-07-12,0.4,25,19.4,61,6.1728,193
1993-07-13,1993-07-13,0.5,24.4,20.4,60,5.144,194
1993-07-14,1993-07-14,0.3,25.4,20.3,66,6.1728,195
1993-07-15,1993-07-15,0.0,25.6,21.5,74,4.1152,196
1993-07-16,1993-07-16,2.4,26,22.9,79,5.144,197
1993-07-17,1993-07-17,0.0,25.4,22.2,75,7.716,198
1993-07-18,1993-07-18,0.0,25,22.4,71,7.716,199
1993-07-19,1993-07-19,0.4,25.6,22.5,73,7.716,200
1993-07-20,1993-07-20,2.1,25,21,68,6.1728,201
1993-07-21,1993-07-21,2.5,25.9,19.1,60,5.144,202
1993-07-22,1993-07-22,1.0,25.5,20.4,55,5.144,203
1993-07-23,1993-07-23,0.0,26,21.5,54,5.144,204
1993-07-24,1993-07-24,0.8,25,22.5,60,5.144,205
1993-07-25,1993-07-25,1.2,24.2,21,63,7.716,206
1993-07-26,1993-07-26,0.0,24,19.2,62,8.2304,207
1993-07-27,1993-07-27,0.0,24.6,18.2,62,8.7448,208
1993-07-28,1993-07-28,0.5,24.4,18.9,63,6.1728,209
1993-07-29,1993-07-29,0.0,25,19.8,60,5.144,210
1993-07-30,1993-07-30,0.0,26.3,20.5,64,5.144,211
1993-07-31,1993-07-31,0.0,26.8,22.2,72,4.1152,212
1993-08-01,1993-08-01,13.0,28.9,23,75,0,213
1993-08-02,1993-08-02,1.8,24.5,21.5,96,2.572,214
1993-08-03,1993-08-03,0.0,24.9,20.5,76,4.1152,215
1993-08-04,1993-08-04,0.0,25.2,20.8,61,2.572,216
1993-08-05,1993-08-05,0.0,24.9,21,54,5.144,217
1993-08-06,1993-08-06,0.0,25.4,20.3,73,2.572,218
1993-08-07,1993-08-07,34.0,27.2,20.5,71,0,219
1993-08-08,1993-08-08,29.0,23.5,20.5,100,4.1152,220
1993-08-09,1993-08-09,0.0,28,20,84,0,221
1993-08-10,1993-08-10,0.0,25.5,21.6,73,5.144,222
1993-08-11,1993-08-11,0.1,25,22,68,5.144,223
1993-08-12,1993-08-12,3.3,23,20.5,95,4.1152,224
1993-08-13,1993-08-13,9.3,22,19.2,81,4.1152,225
1993-08-14,1993-08-14,26.6,22,18.5,90,5.144,226
1993-08-15,1993-08-15,37.0,22.6,19.5,92,5.144,227
1993-08-16,1993-08-16,0.0,24.6,20.1,79,8.7448,228
1993-08-17,1993-08-17,0.0,25.2,21.1,67,7.716,229
1993-08-18,1993-08-18,0.0,26.2,21.5,72,5.6584,230
1993-08-19,1993-08-19,1.0,23.3,21.2,86,5.144,231
1993-08-20,1993-08-20,0.1,23,20.2,72,5.144,232
1993-08-21,1993-08-21,4.0,24,19.5,79,7.2016,233
1993-08-22,1993-08-22,2.4,24,18,82,4.1152,234
1993-08-23,1993-08-23,1.8,23.5,19,79,7.716,235
1993-08-24,1993-08-24,0.8,24,19,80,7.716,236
1993-08-25,1993-08-25,2.0,24,19.3,82,10.288,237
1993-08-26,1993-08-26,3.3,24,21.1,91,7.716,238
1993-08-27,1993-08-27,28.3,22.6,21.1,95,6.1728,239
1993-08-28,1993-08-28,0.3,25,17,90,9.2592,240
1993-08-29,1993-08-29,0.0,25.5,19.4,71,5.144,241
1993-08-30,1993-08-30,1.0,25.6,19.4,88,7.716,242
1993-08-31,1993-08-31,0.8,25,20,72,5.144,243
1993-09-01,1993-09-01,0.0,25,19.8,85,3.6008,244
1993-09-02,1993-09-02,0.0,23.6,19.5,77,7.716,245
1993-09-03,1993-09-03,0.0,25,20.5,61,7.716,246
1993-09-04,1993-09-04,0.0,26,20.4,64,5.144,247
1993-09-05,1993-09-05,0.3,27.4,22.4,67,5.144,248
1993-09-06,1993-09-06,1.0,25.4,22,83,5.144,249
1993-09-07,1993-09-07,2.7,26,23.3,96,2.572,250
1993-09-08,1993-09-08,30.4,25.6,23.1,91,0,251
1993-09-09,1993-09-09,2.0,23.5,17,85,10.288,252
1993-09-10,1993-09-10,1.8,23.5,18.8,91,7.2016,253
1993-09-11,1993-09-11,0.0,24.5,16.5,73,9.2592,254
1993-09-12,1993-09-12,0.0,25.6,16.2,60,7.716,255
1993-09-13,1993-09-13,0.5,25.5,21.8,69,6.1728,256
1993-09-14,1993-09-14,0.2,25.6,22.4,79,5.144,257
1993-09-15,1993-09-15,1.7,26,22.5,79,6.1728,258
1993-09-16,1993-09-16,3.2,26.5,22.4,76,7.716,259
1993-09-17,1993-09-17,0.0,27,22.1,83,5.144,260
1993-09-18,1993-09-18,1.9,28.6,22.1,83,1.5432,261
1993-09-19,1993-09-19,0.0,27.5,22,88,2.0576,262
1993-09-20,1993-09-20,0.0,28.8,21.8,79,5.144,263
1993-09-21,1993-09-21,0.0,26,20.1,57,2.572,264
1993-09-22,1993-09-22,0.0,25.4,20.5,79,4.1152,265
1993-09-23,1993-09-23,0.0,25.2,20.6,63,6.1728,266
1993-09-24,1993-09-24,0.0,26,21.6,64,7.716,267
1993-09-25,1993-09-25,0.0,27,21.8,62,4.1152,268
1993-09-26,1993-09-26,0.3,26,21.9,72,5.144,269
1993-09-27,1993-09-27,1.0,26.5,21.2,74,4.1152,270
1993-09-28,1993-09-28,0.0,24.5,20.8,84,15.432,271
1993-09-29,1993-09-29,0.0,23.5,17.8,64,5.144,272
1993-09-30,1993-09-30,0.0,24.5,17,63,5.144,273
1993-10-01,1993-10-01,0.9,24.6,20.5,59,7.716,274
1993-10-02,1993-10-02,0.0,25.4,16,70,7.716,275
1993-10-03,1993-10-03,1.4,25.4,20,60,7.716,276
1993-10-04,1993-10-04,10.0,22.5,18.6,61,0.5144,277
1993-10-05,1993-10-05,6.4,23.8,18.4,79,2.572,278
1993-10-06,1993-10-06,0.0,25.7,20.2,72,7.716,279
1993-10-07,1993-10-07,0.0,25.5,20.9,53,6.1728,280
1993-10-08,1993-10-08,0.0,23.9,21.2,60,6.1728,281
1993-10-09,1993-10-09,5.0,25.2,19.9,70,5.144,282
1993-10-10,1993-10-10,1.6,25.4,20,76,2.572,283
1993-10-11,1993-10-11,0.0,25.5,20.6,73,5.144,284
1993-10-12,1993-10-12,0.5,25.9,21.2,69,4.1152,285
1993-10-13,1993-10-13,0.0,28.2,22.1,73,5.144,286
1993-10-14,1993-10-14,0.0,28,22.2,59,5.144,287
1993-10-15,1993-10-15,0.0,26.9,22.4,58,5.144,288
1993-10-16,1993-10-16,0.0,27.2,22.7,76,5.144,289
1993-10-17,1993-10-17,4.5,27.1,21.3,74,2.572,290
1993-10-18,1993-10-18,1.8,26.4,20.2,71,4.1152,291
1993-10-19,1993-10-19,1.4,26.7,22.3,85,5.144,292
1993-10-20,1993-10-20,0.4,27.4,23.6,89,4.1152,293
1993-10-21,1993-10-21,0.0,27.9,23.3,72,9.2592,294
1993-10-22,1993-10-22,0.0,26.9,22.5,65,4.1152,295
1993-10-23,1993-10-23,0.0,27.2,21.1,65,5.144,296
1993-10-24,1993-10-24,0.0,28.5,22.3,68,5.144,297
1993-10-25,1993-10-25,0.0,28.2,23,75,2.572,298
1993-10-26,1993-10-26,0.0,28.4,22.3,74,2.572,299
1993-10-27,1993-10-27,0.7,27.4,22.8,78,4.1152,300
1993-10-28,1993-10-28,5.3,27.6,22.4,85,3.0864,301
1993-10-29,1993-10-29,0.5,27.1,22.6,93,6.1728,302
1993-10-30,1993-10-30,2.7,27.6,23.2,79,5.144,303
1993-10-31,1993-10-31,0.0,29.2,23.2,83,5.144,304
1993-11-01,1993-11-01,2.0,30.9,24.1,70,2.572,305
1993-11-02,1993-11-02,0.1,31.9,23.8,78,0,306
1993-11-03,1993-11-03,0.0,31.2,22.9,67,2.572,307
1993-11-04,1993-11-04,0.0,28.3,25.1,90,4.1152,308
1993-11-05,1993-11-05,0.2,29.6,24.4,74,5.144,309
1993-11-06,1993-11-06,0.0,29,24.8,81,8.2304,310
1993-11-07,1993-11-07,2.0,28.9,23.5,77,0,311
1993-11-08,1993-11-08,0.0,30,24.7,80,3.0864,312
1993-11-09,1993-11-09,0.0,28.7,24,68,6.1728,313
1993-11-10,1993-11-10,28.9,29,23.4,81,6.1728,314
1993-11-11,1993-11-11,0.0,30,24.5,81,4.1152,315
1993-11-12,1993-11-12,1.0,29.2,25,77,2.572,316
1993-11-13,1993-11-13,4.7,28.9,24,86,0,317
1993-11-14,1993-11-14,0.0,27.8,23.4,75,6.1728,318
1993-11-15,1993-11-15,0.0,26.8,23.3,61,5.144,319
1993-11-16,1993-11-16,0.0,26.5,22.4,59,5.144,320
1993-11-17,1993-11-17,0.0,29,23.4,74,2.572,321
1993-11-18,1993-11-18,0.7,28.8,24,66,5.144,322
1993-11-19,1993-11-19,0.1,27.5,23.9,73,5.144,323
1993-11-20,1993-11-20,0.0,27.8,24.3,69,5.144,324
1993-11-21,1993-11-21,0.0,27.8,24,72,5.144,325
1993-11-22,1993-11-22,0.0,29.2,24.2,75,4.1152,326
1993-11-23,1993-11-23,0.0,29.8,24.9,82,6.1728,327
1993-11-24,1993-11-24,0.0,28.4,24.3,76,5.144,328
1993-11-25,1993-11-25,0.0,29.8,24.5,80,5.144,329
1993-11-26,1993-11-26,0.0,30.9,24.5,73,5.144,330
1993-11-27,1993-11-27,1.3,32,24.6,65,4.1152,331
1993-11-28,1993-11-28,1.4,30.7,25.4,90,0,332
1993-11-29,1993-11-29,21.5,30.5,25.2,85,2.572,333
1993-11-30,1993-11-30,0.1,29.5,24.6,82,4.1152,334
1993-12-01,1993-12-01,72.0,30.9,25.6,85,5.144,335
1993-12-02,1993-12-02,0.4,29.4,23,76,6.1728,336
1993-12-03,1993-12-03,0.0,29,25.3,75,9.2592,337
1993-12-04,1993-12-04,0.0,29,25.3,82,5.144,338
1993-12-05,1993-12-05,2.5,28.9,25.7,77,5.144,339
1993-12-06,1993-12-06,0.2,28.5,23.3,72,7.2016,340
1993-12-07,1993-12-07,2.0,28.7,25,69,7.716,341
1993-12-08,1993-12-08,46.3,28,23.9,84,7.2016,342
1993-12-09,1993-12-09,22.0,27,22.8,91,0,343
1993-12-10,1993-12-10,0.0,28.8,23,83,7.2016,344
1993-12-11,1993-12-11,1.3,29,25,76,7.716,345
1993-12-12,1993-12-12,7.0,27.7,24.8,73,6.1728,346
1993-12-13,1993-12-13,29.9,29.2,23.8,83,2.572,347
1993-12-14,1993-12-14,0.0,30.4,23.6,78,4.1152,348
1993-12-15,1993-12-15,0.0,31,23.9,71,2.572,349
1993-12-16,1993-12-16,0.0,28.9,22.8,70,0,350
1993-12-17,1993-12-17,0.0,29.2,22.5,77,3.0864,351
1993-12-18,1993-12-18,0.0,29.2,25,70,6.6872,352
1993-12-19,1993-12-19,0.0,28.6,24.9,67,5.144,353
1993-12-20,1993-12-20,1.0,29.3,24.5,67,5.144,354
1993-12-21,1993-12-21,0.2,29.5,24.7,68,4.1152,355
1993-12-22,1993-12-22,0.0,31.2,24.5,71,5.144,356
1993-12-23,1993-12-23,0.2,31.3,24.7,85,0,357
1993-12-24,1993-12-24,0.0,31,25,72,0,358
1993-12-25,1993-12-25,1.9,30.7,26.2,87,5.144,359
1993-12-26,1993-12-26,19.6,30.7,25.4,86,5.144,360
1993-12-27,1993-12-27,20.8,32.1,25.3,81,0,361
1993-12-28,1993-12-28,2.0,30.9,24.6,79,2.572,362
1993-12-29,1993-12-29,7.0,31.5,24.7,72,2.572,363
1993-12-30,1993-12-30,1.0,30.2,24.5,87,2.572,364
1993-12-31,1993-12-31,0.1,31.5,25.2,84,0,365
1994-01-01,1994-01-01,16.8,30.2,25.4,78,2.572,1
1994-01-02,1994-01-02,7.3,30.5,24.2,79,4.1152,2
1994-01-03,1994-01-03,12.1,30.7,25.5,75,0,3
1994-01-04,1994-01-04,29.3,31.1,23.9,79,5.144,4
1994-01-05,1994-01-05,16.8,30.5,25,87,0,5
1994-01-06,1994-01-06,0.0,32.8,26.2,81,0,6
1994-01-07,1994-01-07,0.0,31.6,25.8,77,4.1152,7
1994-01-08,1994-01-08,0.0,32.2,26,71,2.572,8
1994-01-09,1994-01-09,0.0,32.8,24.8,71,0,9
1994-01-10,1994-01-10,36.1,30.5,25,71,0,10
1994-01-11,1994-01-11,0.0,29.7,23.6,77,5.144,11
1994-01-12,1994-01-12,0.0,30,26,78,5.144,12
1994-01-13,1994-01-13,0.0,30.2,26,80,2.572,13
1994-01-14,1994-01-14,2.4,30,25.9,71,4.1152,14
1994-01-15,1994-01-15,27.7,30.4,25.1,67,5.144,15
1994-01-16,1994-01-16,38.1,29.1,24.5,91,2.572,16
1994-01-17,1994-01-17,19.6,29.5,24.6,80,6.1728,17
1994-01-18,1994-01-18,3.3,28.5,24.4,88,2.572,18
1994-01-19,1994-01-19,0.6,29.2,24.6,88,0,19
1994-01-20,1994-01-20,33.5,29.5,23.6,78,2.572,20
1994-01-21,1994-01-21,0.1,29.6,24.8,86,5.144,21
1994-01-22,1994-01-22,13.5,28.5,25.2,75,4.1152,22
1994-01-23,1994-01-23,0.0,28.8,23.6,84,2.572,23
1994-01-24,1994-01-24,3.8,29,23.7,74,2.572,24
1994-01-25,1994-01-25,40.6,29.1,23.5,80,2.572,25
1994-01-26,1994-01-26,40.5,30.3,24.2,95,2.572,26
1994-01-27,1994-01-27,0.0,33.3,24.6,73,5.144,27
1994-01-28,1994-01-28,0.0,33.5,25,83,0,28
1994-01-29,1994-01-29,0.0,32.2,25.5,73,5.144,29
1994-01-30,1994-01-30,0.0,33,25.3,73,2.572,30
1994-01-31,1994-01-31,5.5,31,25.4,86,0,31
1994-02-01,1994-02-01,22.0,30,24.7,86,4.1152,32
1994-02-02,1994-02-02,129.8,30.2,24.5,78,2.572,33
1994-02-03,1994-02-03,16.8,31.1,22.9,79,4.1152,34
1994-02-04,1994-02-04,1.1,29.3,23.5,95,4.1152,35
1994-02-05,1994-02-05,9.8,30.5,23.7,78,0,36
1994-02-06,1994-02-06,25.3,32,24.5,77,0,37
1994-02-07,1994-02-07,2.6,31,24.2,76,2.572,38
1994-02-08,1994-02-08,6.2,30.9,24.5,78,2.572,39
1994-02-09,1994-02-09,10.7,29.9,25.2,73,2.572,40
1994-02-10,1994-02-10,1.4,31.4,25.4,79,2.572,41
1994-02-11,1994-02-11,65.3,31.4,24.7,84,0,42
1994-02-12,1994-02-12,46.5,31.3,24.1,84,6.1728,43
1994-02-13,1994-02-13,9.0,32,23.8,87,3.0864,44
1994-02-14,1994-02-14,4.6,30.9,24.5,80,0,45
1994-02-15,1994-02-15,35.9,30.2,24.6,73,2.572,46
1994-02-16,1994-02-16,10.7,30.4,25,77,4.1152,47
1994-02-17,1994-02-17,5.1,30.5,24.8,91,4.1152,48
1994-02-18,1994-02-18,2.5,30,25.4,82,6.6872,49
1994-02-19,1994-02-19,0.0,30.1,25.7,69,5.144,50
1994-02-20,1994-02-20,0.0,30.2,26.4,73,5.144,51
1994-02-21,1994-02-21,1.3,30.2,26.2,79,2.572,52
1994-02-22,1994-02-22,0.0,29.8,25.1,78,5.144,53
1994-02-23,1994-02-23,0.0,30.2,25.2,71,2.572,54
1994-02-24,1994-02-24,0.5,30.8,25.5,69,4.1152,55
1994-02-25,1994-02-25,5.1,30.3,25.6,84,2.572,56
1994-02-26,1994-02-26,4.4,30.2,24,78,2.0576,57
1994-02-27,1994-02-27,0.0,32.2,24,78,2.572,58
1994-02-28,1994-02-28,0.0,32.8,25.5,77,2.572,59
1994-03-01,1994-03-01,0.3,32.7,26.4,78,0,60
1994-03-02,1994-03-02,11.1,33.1,26.3,86,2.572,61
1994-03-03,1994-03-03,0.1,30.6,25.5,77,4.1152,62
1994-03-04,1994-03-04,0.0,30.7,24.5,75,2.572,63
1994-03-05,1994-03-05,3.6,32,24.2,75,2.572,64
1994-03-06,1994-03-06,8.3,31.9,26,83,0,65
1994-03-07,1994-03-07,0.0,31.7,25,83,0,66
1994-03-08,1994-03-08,21.4,31.9,25.2,79,0,67
1994-03-09,1994-03-09,8.0,30.1,25,96,1.5432,68
1994-03-10,1994-03-10,13.9,30.5,25.2,79,4.1152,69
1994-03-11,1994-03-11,133.3,27.9,23.6,89,0,70
1994-03-12,1994-03-12,48.1,28.9,23.9,98,4.1152,71
1994-03-13,1994-03-13,34.7,28.9,23.4,94,5.144,72
1994-03-14,1994-03-14,7.1,29.5,23.8,91,3.0864,73
1994-03-15,1994-03-15,17.8,29.6,25.1,78,4.1152,74
1994-03-16,1994-03-16,1.0,30,25,85,7.2016,75
1994-03-17,1994-03-17,0.5,30,26,69,3.0864,76
1994-03-18,1994-03-18,0.0,30,24.9,86,5.144,77
1994-03-19,1994-03-19,4.5,29.5,26,71,4.1152,78
1994-03-20,1994-03-20,0.2,30,24.5,73,7.2016,79
1994-03-21,1994-03-21,2.1,29.5,25.9,79,7.716,80
1994-03-22,1994-03-22,11.2,28.2,24.4,88,9.2592,81
1994-03-23,1994-03-23,33.6,26.7,24.7,90,2.572,82
1994-03-24,1994-03-24,14.5,32,23.8,87,0,83
1994-03-25,1994-03-25,40.5,31,25.1,81,5.144,84
1994-03-26,1994-03-26,16.0,29.2,24.5,84,6.1728,85
1994-03-27,1994-03-27,29.4,30.4,23.9,82,2.572,86
1994-03-28,1994-03-28,107.6,30,24.7,77,2.572,87
1994-03-29,1994-03-29,0.0,29.2,23.8,84,5.144,88
1994-03-30,1994-03-30,0.0,29,25,72,5.144,89
1994-03-31,1994-03-31,0.4,29,25.5,72,6.1728,90
1994-04-01,1994-04-01,0.0,29.5,26,76,5.144,91
1994-04-02,1994-04-02,0.0,29.8,25.4,74,5.144,92
1994-04-03,1994-04-03,0.0,30.5,25.7,73,2.572,93
1994-04-04,1994-04-04,0.0,29.1,25,75,5.144,94
1994-04-05,1994-04-05,0.0,29.1,25.9,78,5.144,95
1994-04-06,1994-04-06,0.0,28.7,26,79,5.144,96
1994-04-07,1994-04-07,7.3,29,25.5,74,5.144,97
1994-04-08,1994-04-08,0.4,29,24.5,82,5.144,98
1994-04-09,1994-04-09,3.6,29.5,25.2,78,3.0864,99
1994-04-10,1994-04-10,0.0,28.1,24,75,5.144,100
1994-04-11,1994-04-11,0.0,28.5,24.2,63,5.144,101
1994-04-12,1994-04-12,0.6,29,25.3,78,6.1728,102
1994-04-13,1994-04-13,0.6,29.1,24.8,83,6.6872,103
1994-04-14,1994-04-14,0.0,29.3,24.3,77,5.144,104
1994-04-15,1994-04-15,2.8,29.4,25.9,72,5.144,105
1994-04-16,1994-04-16,1.8,29.4,25.5,80,5.144,106
1994-04-17,1994-04-17,7.8,28.6,23.8,74,5.144,107
1994-04-18,1994-04-18,45.6,29.1,23.9,79,6.1728,108
1994-04-19,1994-04-19,12.3,28.5,25.5,89,2.572,109
1994-04-20,1994-04-20,0.3,28.6,23,96,4.1152,110
1994-04-21,1994-04-21,0.1,30.5,22.5,74,0,111
1994-04-22,1994-04-22,4.5,32.5,24,74,5.144,112
1994-04-23,1994-04-23,0.0,29,25.6,86,5.144,113
1994-04-24,1994-04-24,0.0,27.8,24.9,80,4.1152,114
1994-04-25,1994-04-25,0.5,28,24,67,2.572,115
1994-04-26,1994-04-26,5.9,25.6,23.5,79,9.2592,116
1994-04-27,1994-04-27,4.8,27,21.7,64,10.288,117
1994-04-28,1994-04-28,0.8,27,21.6,84,7.716,118
1994-04-29,1994-04-29,0.0,27.5,21.9,66,5.144,119
1994-04-30,1994-04-30,3.7,27,24.5,81,9.2592,120
1994-05-01,1994-05-01,4.4,26.5,22.7,78,5.144,121
1994-05-02,1994-05-02,2.1,27.5,23.5,91,7.716,122
1994-05-03,1994-05-03,0.4,27.8,24,86,7.716,123
1994-05-04,1994-05-04,15.6,29.6,24.6,80,5.144,124
1994-05-05,1994-05-05,8.0,28.2,23.6,91,2.572,125
1994-05-06,1994-05-06,5.1,30.7,24,85,0,126
1994-05-07,1994-05-07,0.0,27.8,24,88,2.572,127
1994-05-08,1994-05-08,0.0,29.5,24,81,5.144,128
1994-05-09,1994-05-09,0.0,28.9,22.6,81,0,129
1994-05-10,1994-05-10,0.0,29.1,23.5,77,2.572,130
1994-05-11,1994-05-11,0.3,29.1,24.3,84,1.5432,131
1994-05-12,1994-05-12,0.0,27.2,24.5,72,5.144,132
1994-05-13,1994-05-13,0.0,26.6,22.8,78,2.572,133
1994-05-14,1994-05-14,0.0,26.8,23.6,72,3.6008,134
1994-05-15,1994-05-15,0.0,25.2,22,67,2.572,135
1994-05-16,1994-05-16,0.0,26.2,22.5,66,6.6872,136
1994-05-17,1994-05-17,0.8,26.5,23,67,5.144,137
1994-05-18,1994-05-18,0.0,26.6,23.5,72,5.144,138
1994-05-19,1994-05-19,0.0,26,23.1,68,5.144,139
1994-05-20,1994-05-20,1.3,26.9,22.5,72,7.716,140
1994-05-21,1994-05-21,2.1,27.6,23.1,81,2.572,141
1994-05-22,1994-05-22,5.7,27,22.6,91,8.2304,142
1994-05-23,1994-05-23,0.0,26.1,22.3,82,5.144,143
1994-05-24,1994-05-24,33.1,27.8,24.5,73,7.2016,144
1994-05-25,1994-05-25,23.4,26.5,21.2,82,7.716,145
1994-05-26,1994-05-26,12.2,25.5,22,84,5.144,146
1994-05-27,1994-05-27,0.0,26.6,22.2,70,2.572,147
1994-05-28,1994-05-28,0.0,26.6,23.1,65,5.144,148
1994-05-29,1994-05-29,6.0,26.5,23.9,73,4.1152,149
1994-05-30,1994-05-30,2.1,26.7,21.6,89,2.572,150
1994-05-31,1994-05-31,0.5,26.4,22.6,82,4.1152,151
1994-06-01,1994-06-01,0.0,26,22.4,70,7.716,152
1994-06-02,1994-06-02,7.9,26.5,23.5,74,4.6296,153
1994-06-03,1994-06-03,86.6,28.3,22.2,84,4.1152,154
1994-06-04,1994-06-04,62.3,24.6,21.1,94,4.1152,155
1994-06-05,1994-06-05,1.5,25.9,20.2,96,2.572,156
1994-06-06,1994-06-06,0.0,24.6,21.4,65,2.572,157
1994-06-07,1994-06-07,0.0,24,21.4,52,7.716,158
1994-06-08,1994-06-08,0.0,24.5,21.7,66,5.144,159
1994-06-09,1994-06-09,0.0,25.5,21.7,56,7.716,160
1994-06-10,1994-06-10,0.0,26,22.2,74,5.144,161
1994-06-11,1994-06-11,0.0,27,23,62,0,162
1994-06-12,1994-06-12,0.0,28.3,22.5,69,1.5432,163
1994-06-13,1994-06-13,0.0,27.3,21.2,90,1.5432,164
1994-06-14,1994-06-14,0.0,25,23,80,5.144,165
1994-06-15,1994-06-15,0.0,26,22.1,58,4.1152,166
1994-06-16,1994-06-16,0.0,25.2,21.4,69,4.1152,167
1994-06-17,1994-06-17,0.0,25.6,20.8,70,2.572,168
1994-06-18,1994-06-18,0.0,25.6,22,75,7.2016,169
1994-06-19,1994-06-19,0.0,26,23.3,75,2.572,170
1994-06-20,1994-06-20,0.0,26.7,23.1,64,5.144,171
1994-06-21,1994-06-21,0.0,27,22.7,74,0,172
1994-06-22,1994-06-22,0.0,27.5,21.4,85,1.5432,173
1994-06-23,1994-06-23,0.5,26.3,23.5,85,2.572,174
1994-06-24,1994-06-24,0.0,25.9,22.3,62,5.144,175
1994-06-25,1994-06-25,0.6,26,22.2,60,0,176
1994-06-26,1994-06-26,3.1,26.2,22.2,83,2.572,177
1994-06-27,1994-06-27,0.0,26,22.4,73,0,178
1994-06-28,1994-06-28,0.0,26,21.8,77,2.572,179
1994-06-29,1994-06-29,0.0,27.5,21.5,75,2.572,180
1994-06-30,1994-06-30,0.0,27.3,19.5,79,1.5432,181
1994-07-01,1994-07-01,0.0,26.9,20.6,76,0,182
1994-07-02,1994-07-02,0.0,29.9,23.4,84,2.572,183
1994-07-03,1994-07-03,0.0,28.6,23,84,2.572,184
1994-07-04,1994-07-04,3.9,24,23,68,7.716,185
1994-07-05,1994-07-05,9.9,24.4,21.1,79,6.6872,186
1994-07-06,1994-07-06,3.6,24.8,21,91,9.2592,187
1994-07-07,1994-07-07,4.4,23.8,21.2,89,5.144,188
1994-07-08,1994-07-08,0.5,24.7,20.4,91,9.2592,189
1994-07-09,1994-07-09,1.5,25,21.7,80,5.144,190
1994-07-10,1994-07-10,0.3,23,21.5,78,10.288,191
1994-07-11,1994-07-11,0.2,24.4,20,63,7.716,192
1994-07-12,1994-07-12,0.0,26.5,20.8,81,2.572,193
1994-07-13,1994-07-13,0.0,28.4,21.2,81,2.572,194
1994-07-14,1994-07-14,18.5,25.3,22.2,71,7.716,195
1994-07-15,1994-07-15,0.5,23.5,21.2,98,4.1152,196
1994-07-16,1994-07-16,0.0,25.3,21.5,87,2.572,197
1994-07-17,1994-07-17,0.0,25,22,67,2.572,198
1994-07-18,1994-07-18,0.0,25.5,20.5,70,4.1152,199
1994-07-19,1994-07-19,0.0,24.7,21,67,1.5432,200
1994-07-20,1994-07-20,0.0,24.7,21.5,65,1.5432,201
1994-07-21,1994-07-21,0.3,25,22,66,2.572,202
1994-07-22,1994-07-22,1.7,23.7,21,95,1.5432,203
1994-07-23,1994-07-23,6.9,24.8,20.2,82,2.572,204
1994-07-24,1994-07-24,0.3,25.6,21.5,98,4.1152,205
1994-07-25,1994-07-25,0.0,26.3,22.3,71,0,206
1994-07-26,1994-07-26,0.0,26.6,20.3,93,0,207
1994-07-27,1994-07-27,0.0,25.8,23,93,0,208
1994-07-28,1994-07-28,0.3,26.6,23.2,82,1.5432,209
1994-07-29,1994-07-29,0.1,26.5,23.5,83,1.5432,210
1994-07-30,1994-07-30,0.0,27.6,23,76,1.5432,211
1994-07-31,1994-07-31,0.0,25.5,22.6,74,1.5432,212
1994-08-01,1994-08-01,0.0,25.5,21.6,60,2.572,213
1994-08-02,1994-08-02,0.0,25,21.6,67,4.1152,214
1994-08-03,1994-08-03,0.0,25,21.2,67,1.5432,215
1994-08-04,1994-08-04,0.0,26.2,21,78,0,216
1994-08-05,1994-08-05,0.0,27,21.2,66,1.5432,217
1994-08-06,1994-08-06,0.0,28.5,22.5,83,2.572,218
1994-08-07,1994-08-07,0.0,26.7,21.8,88,1.5432,219
1994-08-08,1994-08-08,0.0,26.5,23.5,80,5.144,220
1994-08-09,1994-08-09,0.2,25.5,22.5,95,4.1152,221
1994-08-10,1994-08-10,0.5,26.6,22.4,96,5.144,222
1994-08-11,1994-08-11,0.0,25.8,23.2,79,6.6872,223
1994-08-12,1994-08-12,1.0,25.5,21.1,77,9.2592,224
1994-08-13,1994-08-13,0.0,26.4,22.2,77,9.2592,225
1994-08-14,1994-08-14,0.8,26.3,22.2,77,9.2592,226
1994-08-15,1994-08-15,0.0,27.5,23.4,78,4.1152,227
1994-08-16,1994-08-16,0.0,26.4,24.2,80,4.1152,228
1994-08-17,1994-08-17,0.0,27.2,24,86,1.5432,229
1994-08-18,1994-08-18,0.0,26.7,23.5,79,2.572,230
1994-08-19,1994-08-19,3.1,26.2,23,89,2.572,231
1994-08-20,1994-08-20,0.0,26.4,23.2,80,4.1152,232
1994-08-21,1994-08-21,0.0,25,22.5,73,4.1152,233
1994-08-22,1994-08-22,0.0,25.6,21.6,67,6.6872,234
1994-08-23,1994-08-23,0.0,26.5,21.8,64,2.572,235
1994-08-24,1994-08-24,0.0,26.3,22,79,2.572,236
1994-08-25,1994-08-25,2.8,27,22.1,76,4.1152,237
1994-08-26,1994-08-26,2.5,27.2,21.6,76,4.1152,238
1994-08-27,1994-08-27,1.0,26.2,21.3,84,2.572,239
1994-08-28,1994-08-28,0.2,25.3,21.2,85,5.144,240
1994-08-29,1994-08-29,0.0,25.3,20.6,57,2.572,241
1994-08-30,1994-08-30,0.0,25.2,20.5,56,2.572,242
1994-08-31,1994-08-31,0.0,25.5,20.2,58,2.572,243
1994-09-01,1994-09-01,0.0,25.2,20,60,2.572,244
1994-09-02,1994-09-02,0.0,25.2,22,64,2.572,245
1994-09-03,1994-09-03,1.6,25.2,22.5,73,2.572,246
1994-09-04,1994-09-04,0.0,24,20.5,76,7.716,247
1994-09-05,1994-09-05,0.0,25.2,20.5,51,4.1152,248
1994-09-06,1994-09-06,0.0,24.2,20.2,49,4.1152,249
1994-09-07,1994-09-07,0.0,25.2,20,50,2.572,250
1994-09-08,1994-09-08,0.0,25.8,20.6,64,1.5432,251
1994-09-09,1994-09-09,0.0,25.8,22.6,63,1.5432,252
1994-09-10,1994-09-10,0.0,26.3,20,64,2.572,253
1994-09-11,1994-09-11,1.8,24.8,21.1,58,2.572,254
1994-09-12,1994-09-12,40.5,26.6,21.6,82,0,255
1994-09-13,1994-09-13,4.5,25,21,89,6.6872,256
1994-09-14,1994-09-14,1.0,24.7,20,91,7.716,257
1994-09-15,1994-09-15,0.0,25.5,21.2,75,7.716,258
1994-09-16,1994-09-16,3.5,26.5,23.2,77,2.572,259
1994-09-17,1994-09-17,0.0,24.5,21,92,0,260
1994-09-18,1994-09-18,5.0,25.4,21.5,84,2.572,261
1994-09-19,1994-09-19,1.4,23.6,20.1,83,5.144,262
1994-09-20,1994-09-20,1.5,26.5,21.2,87,0,263
1994-09-21,1994-09-21,0.6,26.9,22.2,95,0,264
1994-09-22,1994-09-22,14.8,27.5,21.7,95,0,265
1994-09-23,1994-09-23,0.0,24,22.5,93,2.572,266
1994-09-24,1994-09-24,0.0,24.2,21.6,69,2.572,267
1994-09-25,1994-09-25,0.0,27,21,64,4.1152,268
1994-09-26,1994-09-26,0.0,27,21.5,67,0,269
1994-09-27,1994-09-27,0.0,26.2,22.5,69,0,270
1994-09-28,1994-09-28,0.0,27.5,22,68,1.5432,271
1994-09-29,1994-09-29,0.0,27,22.6,83,1.5432,272
1994-09-30,1994-09-30,0.0,26,23.6,88,5.144,273
1994-10-01,1994-10-01,0.0,26,23.2,83,2.572,274
1994-10-02,1994-10-02,0.0,26.4,22.6,76,5.144,275
1994-10-03,1994-10-03,0.0,25.5,22,67,2.572,276
1994-10-04,1994-10-04,0.0,26,20.6,60,6.1728,277
1994-10-05,1994-10-05,0.0,26,21,62,1.5432,278
1994-10-06,1994-10-06,0.0,26.5,20.4,62,5.144,279
1994-10-07,1994-10-07,0.0,26.8,20.8,59,2.572,280
1994-10-08,1994-10-08,0.0,27.7,19.3,65,2.572,281
1994-10-09,1994-10-09,0.0,26.8,22.5,66,5.144,282
1994-10-10,1994-10-10,0.4,27.6,22.8,82,5.144,283
1994-10-11,1994-10-11,0.0,26.4,23.2,82,4.1152,284
1994-10-12,1994-10-12,0.0,26.5,22.3,64,7.716,285
1994-10-13,1994-10-13,0.2,28,22.2,71,0,286
1994-10-14,1994-10-14,1.5,25.6,23.1,86,5.144,287
1994-10-15,1994-10-15,1.6,25,22,92,5.144,288
1994-10-16,1994-10-16,0.0,25.1,20.9,86,5.144,289
1994-10-17,1994-10-17,0.0,26,20.6,64,5.144,290
1994-10-18,1994-10-18,0.0,26.3,22,61,9.2592,291
1994-10-19,1994-10-19,0.0,27.8,22.2,59,5.144,292
1994-10-20,1994-10-20,0.0,27.8,22.7,66,5.144,293
1994-10-21,1994-10-21,1.2,26.1,22.8,74,5.144,294
1994-10-22,1994-10-22,0.1,27,23,79,5.144,295
1994-10-23,1994-10-23,0.1,26.5,23,87,7.716,296
1994-10-24,1994-10-24,0.0,28,23.8,78,4.1152,297
1994-10-25,1994-10-25,0.0,28.9,22.8,69,5.144,298
1994-10-26,1994-10-26,0.0,27,22.7,72,5.144,299
1994-10-27,1994-10-27,0.0,27.1,22.5,76,5.144,300
1994-10-28,1994-10-28,1.2,26.5,23.1,80,5.144,301
1994-10-29,1994-10-29,0.0,27.2,22.6,79,7.2016,302
1994-10-30,1994-10-30,0.0,28.4,23.4,75,8.2304,303
1994-10-31,1994-10-31,0.0,28.8,24.1,67,7.716,304
1994-11-01,1994-11-01,0.0,29.1,23.4,65,5.144,305
1994-11-02,1994-11-02,0.0,29,23.4,71,2.572,306
1994-11-03,1994-11-03,0.0,28.9,23.2,63,6.6872,307
1994-11-04,1994-11-04,0.0,27.8,23,70,7.716,308
1994-11-05,1994-11-05,0.4,28,23.6,68,8.7448,309
1994-11-06,1994-11-06,0.0,28.1,23.5,69,7.716,310
1994-11-07,1994-11-07,0.4,29,23.7,69,7.716,311
1994-11-08,1994-11-08,14.8,29.5,23.4,73,7.716,312
1994-11-09,1994-11-09,0.0,29,23.1,72,9.2592,313
1994-11-10,1994-11-10,8.5,27.1,24.5,81,7.716,314
1994-11-11,1994-11-11,7.9,27.5,23.4,79,5.144,315
1994-11-12,1994-11-12,1.5,27.1,23.2,94,7.2016,316
1994-11-13,1994-11-13,3.8,27.9,24,88,5.144,317
1994-11-14,1994-11-14,25.2,27.6,23.3,80,10.288,318
1994-11-15,1994-11-15,11.8,27.6,23.6,90,10.288,319
1994-11-16,1994-11-16,11.5,28.9,23.4,87,0,320
1994-11-17,1994-11-17,0.0,29.9,24.5,80,5.144,321
1994-11-18,1994-11-18,0.0,29.5,25.1,83,5.144,322
1994-11-19,1994-11-19,7.4,31.9,23.4,77,4.1152,323
1994-11-20,1994-11-20,0.0,27.1,22.9,82,5.144,324
1994-11-21,1994-11-21,0.4,28,24,71,7.716,325
1994-11-22,1994-11-22,0.1,28.5,23.8,69,9.2592,326
1994-11-23,1994-11-23,0.0,28.8,23.6,68,7.716,327
1994-11-24,1994-11-24,3.0,28.7,24.6,74,7.716,328
1994-11-25,1994-11-25,1.7,29.6,23.8,74,1.5432,329
1994-11-26,1994-11-26,0.0,29,23,76,1.5432,330
1994-11-27,1994-11-27,0.0,29.6,24.2,81,2.572,331
1994-11-28,1994-11-28,3.8,31.3,24,64,2.572,332
1994-11-29,1994-11-29,14.2,30.4,23,88,0,333
1994-11-30,1994-11-30,0.0,31.3,24.4,78,0,334
1994-12-01,1994-12-01,0.0,32.5,23.6,73,0,335
1994-12-02,1994-12-02,0.0,31,23.9,81,2.572,336
1994-12-03,1994-12-03,0.0,31,23.5,81,0,337
1994-12-04,1994-12-04,4.1,31.3,24,75,0,338
1994-12-05,1994-12-05,0.0,30.4,25.6,81,0,339
1994-12-06,1994-12-06,6.9,29.5,25.5,60,2.572,340
1994-12-07,1994-12-07,0.0,28.4,23,91,1.5432,341
1994-12-08,1994-12-08,2.8,28.4,23.5,73,7.716,342
1994-12-09,1994-12-09,1.4,28.5,23.4,77,7.716,343
1994-12-10,1994-12-10,0.0,28.8,24.6,70,5.144,344
1994-12-11,1994-12-11,0.0,29.1,24.5,72,6.1728,345
1994-12-12,1994-12-12,0.0,28.4,24.6,67,5.144,346
1994-12-13,1994-12-13,0.0,28.5,23.5,70,5.144,347
1994-12-14,1994-12-14,0.6,29.8,25,82,2.572,348
1994-12-15,1994-12-15,8.6,28.5,24.6,80,1.5432,349
1994-12-16,1994-12-16,0.0,29,24,83,7.716,350
1994-12-17,1994-12-17,0.0,28.6,24.6,65,1.5432,351
1994-12-18,1994-12-18,0.0,28.5,23.9,61,5.144,352
1994-12-19,1994-12-19,0.0,28.4,23,63,2.572,353
1994-12-20,1994-12-20,0.0,29,23.6,57,5.144,354
1994-12-21,1994-12-21,0.0,29,24.8,65,5.144,355
1994-12-22,1994-12-22,0.0,30,23.5,67,7.716,356
1994-12-23,1994-12-23,0.0,30,25.8,63,5.144,357
1994-12-24,1994-12-24,0.0,29.7,25.5,70,7.716,358
1994-12-25,1994-12-25,11.7,29.5,25,65,5.144,359
1994-12-26,1994-12-26,10.6,30,24,87,5.144,360
1994-12-27,1994-12-27,6.6,29.5,25,88,0,361
1994-12-28,1994-12-28,68.0,31.5,25.5,92,2.572,362
1994-12-29,1994-12-29,4.9,31.6,25,78,0,363
1994-12-30,1994-12-30,64.4,30.1,24,77,5.144,364
1994-12-31,1994-12-31,0.1,28.6,23.6,95,1.5432,365
1995-01-01,1995-01-01,0.4,30,24.5,85,6.1728,1
1995-01-02,1995-01-02,0.0,29.9,25,76,4.1152,2
1995-01-03,1995-01-03,111.6,29.5,25.1,77,7.716,3
1995-01-04,1995-01-04,35.1,28.1,22.5,100,2.572,4
1995-01-05,1995-01-05,5.1,29.5,23,70,7.716,5
1995-01-06,1995-01-06,1.5,29,24.5,72,5.144,6
1995-01-07,1995-01-07,0.0,28.9,25,57,7.716,7
1995-01-08,1995-01-08,5.1,29,22.5,73,5.144,8
1995-01-09,1995-01-09,2.3,29.2,23.7,74,8.2304,9
1995-01-10,1995-01-10,1.0,29.1,24.2,86,5.144,10
1995-01-11,1995-01-11,12.5,29,24,79,7.2016,11
1995-01-12,1995-01-12,43.3,27.8,24,88,5.144,12
1995-01-13,1995-01-13,11.1,29.2,24.2,82,5.144,13
1995-01-14,1995-01-14,44.4,29.5,24.6,91,5.144,14
1995-01-15,1995-01-15,38.4,31.5,24,75,0,15
1995-01-16,1995-01-16,0.0,30.9,23.5,72,0,16
1995-01-17,1995-01-17,27.8,30.8,24.8,75,0,17
1995-01-18,1995-01-18,1.2,29,23.5,79,2.572,18
1995-01-19,1995-01-19,2.0,29.3,25,74,5.144,19
1995-01-20,1995-01-20,0.0,29,24,67,4.1152,20
1995-01-21,1995-01-21,0.2,29.2,26,83,5.144,21
1995-01-22,1995-01-22,3.7,29.3,24.2,78,6.6872,22
1995-01-23,1995-01-23,8.7,28.7,24,79,7.716,23
1995-01-24,1995-01-24,0.0,29.2,23.8,73,5.144,24
1995-01-25,1995-01-25,0.0,29.2,24.6,63,5.144,25
1995-01-26,1995-01-26,0.0,29.4,24.2,63,1.5432,26
1995-01-27,1995-01-27,21.6,29.1,24.5,68,7.716,27
1995-01-28,1995-01-28,84.6,30.5,25.5,93,0,28
1995-01-29,1995-01-29,31.8,29,24.5,98,0,29
1995-01-30,1995-01-30,7.0,30,24.2,80,0,30
1995-01-31,1995-01-31,6.6,29.2,24.2,89,0,31
1995-02-01,1995-02-01,3.5,33,24.6,88,0,32
1995-02-02,1995-02-02,1.0,32,26.5,91,5.144,33
1995-02-03,1995-02-03,1.5,30,26,85,1.5432,34
1995-02-04,1995-02-04,0.0,30,25,83,2.572,35
1995-02-05,1995-02-05,0.0,29,25.7,70,4.1152,36
1995-02-06,1995-02-06,3.4,30.2,24.5,81,2.572,37
1995-02-07,1995-02-07,0.0,29.4,24,80,1.5432,38
1995-02-08,1995-02-08,0.0,31,23.5,73,0,39
1995-02-09,1995-02-09,0.0,29.9,24.5,77,1.5432,40
1995-02-10,1995-02-10,0.0,30.5,24,68,1.5432,41
1995-02-11,1995-02-11,7.7,30.6,25.1,72,0,42
1995-02-12,1995-02-12,0.0,30.5,25.2,73,7.2016,43
1995-02-13,1995-02-13,0.0,30,26,69,4.1152,44
1995-02-14,1995-02-14,2.9,30,25.8,69,5.144,45
1995-02-15,1995-02-15,2.1,30,24.5,87,1.5432,46
1995-02-16,1995-02-16,0.0,29,24.1,84,2.572,47
1995-02-17,1995-02-17,1.0,30.5,23.2,76,1.5432,48
1995-02-18,1995-02-18,0.4,30.2,24.9,79,0,49
1995-02-19,1995-02-19,14.9,30,24.2,73,0,50
1995-02-20,1995-02-20,26.7,30,24,91,7.716,51
1995-02-21,1995-02-21,1.5,31.5,23.4,84,2.572,52
1995-02-22,1995-02-22,0.0,30.6,23.8,75,0,53
1995-02-23,1995-02-23,0.4,30.5,25.5,83,6.6872,54
1995-02-24,1995-02-24,0.3,31.1,24.9,75,2.572,55
1995-02-25,1995-02-25,3.7,31.6,26.8,71,4.1152,56
1995-02-26,1995-02-26,0.0,31,25,73,4.1152,57
1995-02-27,1995-02-27,2.9,31.6,26,68,0,58
1995-02-28,1995-02-28,16.3,30,24.8,84,5.144,59
1995-03-01,1995-03-01,1.5,30,23.6,88,0,60
1995-03-02,1995-03-02,1.8,31,24.5,79,0,61
1995-03-03,1995-03-03,0.0,31.8,25,74,0,62
1995-03-04,1995-03-04,0.0,31.7,25.2,70,2.572,63
1995-03-05,1995-03-05,31.3,32.5,25.2,76,0,64
1995-03-06,1995-03-06,0.0,31,25.1,74,0,65
1995-03-07,1995-03-07,8.8,33.5,24.8,75,0,66
1995-03-08,1995-03-08,17.0,29.6,25.1,88,0,67
1995-03-09,1995-03-09,7.0,29,24.6,96,4.1152,68
1995-03-10,1995-03-10,0.0,30.8,25.1,76,5.144,69
1995-03-11,1995-03-11,0.0,30.6,26,72,0,70
1995-03-12,1995-03-12,0.0,30,25.2,71,4.1152,71
1995-03-13,1995-03-13,0.2,30,25,73,0,72
1995-03-14,1995-03-14,28.0,28,24.8,87,7.716,73
1995-03-15,1995-03-15,70.1,27,24,99,0,74
1995-03-16,1995-03-16,45.6,29.3,24.8,88,7.716,75
1995-03-17,1995-03-17,43.6,31.5,24.2,83,4.1152,76
1995-03-18,1995-03-18,1.3,29,23.7,90,0,77
1995-03-19,1995-03-19,32.0,28.4,24.5,88,5.144,78
1995-03-20,1995-03-20,12.4,29.5,24.5,88,0,79
1995-03-21,1995-03-21,0.0,31.2,25.6,76,1.5432,80
1995-03-22,1995-03-22,13.4,31,25.5,75,0,81
1995-03-23,1995-03-23,0.0,30.4,25.5,78,2.572,82
1995-03-24,1995-03-24,2.2,30,26.7,75,4.1152,83
1995-03-25,1995-03-25,0.0,30,25,76,2.572,84
1995-03-26,1995-03-26,3.7,30.2,26.4,84,5.144,85
1995-03-27,1995-03-27,11.6,30,26.3,78,4.1152,86
1995-03-28,1995-03-28,33.5,30.2,24.5,81,4.1152,87
1995-03-29,1995-03-29,1.1,30.2,24,77,2.572,88
1995-03-30,1995-03-30,6.6,30.2,26,81,5.144,89
1995-03-31,1995-03-31,8.7,30.4,24.5,78,0,90
1995-04-01,1995-04-01,17.3,33,23.9,77,0,91
1995-04-02,1995-04-02,1.5,30.5,24.8,81,1.5432,92
1995-04-03,1995-04-03,0.5,32,25.5,81,0,93
1995-04-04,1995-04-04,14.0,30.2,25.2,77,0,94
1995-04-05,1995-04-05,11.7,30,24.6,93,0,95
1995-04-06,1995-04-06,29.2,28.9,24,95,0,96
1995-04-07,1995-04-07,0.0,31,23.4,88,9.2592,97
1995-04-08,1995-04-08,0.1,33,24.5,78,0,98
1995-04-09,1995-04-09,0.8,33,25.6,76,0,99
1995-04-10,1995-04-10,3.9,30.5,26,78,2.572,100
1995-04-11,1995-04-11,1.1,30,26.2,76,6.1728,101
1995-04-12,1995-04-12,0.0,29.5,25.6,76,7.716,102
1995-04-13,1995-04-13,0.0,30,25.6,72,2.572,103
1995-04-14,1995-04-14,0.0,30,24.5,67,1.5432,104
1995-04-15,1995-04-15,50.0,30,23.9,64,0,105
1995-04-16,1995-04-16,8.5,27,24,95,0,106
1995-04-17,1995-04-17,0.5,28,24.3,94,0,107
1995-04-18,1995-04-18,0.4,29.4,24,77,2.572,108
1995-04-19,1995-04-19,31.2,29,24,76,2.572,109
1995-04-20,1995-04-20,23.6,26.8,22.5,95,5.144,110
1995-04-21,1995-04-21,5.3,27.5,23,88,7.716,111
1995-04-22,1995-04-22,1.1,28.1,24,90,7.716,112
1995-04-23,1995-04-23,0.6,29,24.8,84,5.144,113
1995-04-24,1995-04-24,2.5,28,25.5,84,5.144,114
1995-04-25,1995-04-25,0.3,30.8,26,84,5.144,115
1995-04-26,1995-04-26,0.0,31.6,25,78,0,116
1995-04-27,1995-04-27,0.0,33.5,24.8,80,4.1152,117
1995-04-28,1995-04-28,17.6,30,24.2,84,0,118
1995-04-29,1995-04-29,14.7,31.8,24.6,88,2.572,119
1995-04-30,1995-04-30,0.0,26.7,24,80,10.288,120
1995-05-01,1995-05-01,0.0,27,23.4,69,7.716,121
1995-05-02,1995-05-02,0.0,28.4,24.5,88,5.144,122
1995-05-03,1995-05-03,0.0,28,24.5,77,2.572,123
1995-05-04,1995-05-04,0.0,30,24.2,67,0,124
1995-05-05,1995-05-05,0.0,29.5,20.5,63,0,125
1995-05-06,1995-05-06,2.0,28,21.5,69,1.5432,126
1995-05-07,1995-05-07,0.0,27,22.8,84,5.144,127
1995-05-08,1995-05-08,0.0,28,23.5,72,2.572,128
1995-05-09,1995-05-09,0.0,28.5,23,64,2.572,129
1995-05-10,1995-05-10,0.6,28,24,76,5.144,130
1995-05-11,1995-05-11,0.0,28,23,76,6.6872,131
1995-05-12,1995-05-12,4.4,27,25,78,10.288,132
1995-05-13,1995-05-13,25.1,27,23.5,88,5.144,133
1995-05-14,1995-05-14,1.1,28,22.5,81,5.144,134
1995-05-15,1995-05-15,16.1,27.5,24,78,7.2016,135
1995-05-16,1995-05-16,6.7,27,22,91,7.716,136
1995-05-17,1995-05-17,7.8,27.5,22.3,72,5.144,137
1995-05-18,1995-05-18,11.2,26.1,22,83,4.1152,138
1995-05-19,1995-05-19,0.0,27,21.5,65,9.2592,139
1995-05-20,1995-05-20,2.0,27,24,63,4.1152,140
1995-05-21,1995-05-21,0.0,27,22.7,88,5.144,141
1995-05-22,1995-05-22,0.7,26.7,22,58,5.144,142
1995-05-23,1995-05-23,3.2,27,22.4,63,6.1728,143
1995-05-24,1995-05-24,29.6,26.5,23.2,95,4.1152,144
1995-05-25,1995-05-25,23.3,28.2,23,91,0,145
1995-05-26,1995-05-26,1.0,27.5,24.2,98,0,146
1995-05-27,1995-05-27,4.6,27.2,23.5,81,5.144,147
1995-05-28,1995-05-28,45.0,27,23.4,84,2.572,148
1995-05-29,1995-05-29,0.0,26.8,21.5,91,0,149
1995-05-30,1995-05-30,4.4,26.7,21.5,76,0,150
1995-05-31,1995-05-31,0.2,27,23,83,1.5432,151
1995-06-01,1995-06-01,0.0,27.4,24,77,5.144,152
1995-06-02,1995-06-02,0.0,26.2,23.9,69,7.2016,153
1995-06-03,1995-06-03,0.0,26.7,24,65,4.1152,154
1995-06-04,1995-06-04,0.0,25,21.4,68,7.2016,155
1995-06-05,1995-06-05,0.1,25,23,67,5.144,156
1995-06-06,1995-06-06,0.1,26.2,21,72,7.716,157
1995-06-07,1995-06-07,5.3,26.6,22.5,65,7.716,158
1995-06-08,1995-06-08,4.0,24.6,21.4,77,9.2592,159
1995-06-09,1995-06-09,14.3,23.5,21.6,87,7.716,160
1995-06-10,1995-06-10,0.0,25,20.3,82,5.144,161
1995-06-11,1995-06-11,0.5,26,22.5,75,4.1152,162
1995-06-12,1995-06-12,0.0,27,20.8,81,2.572,163
1995-06-13,1995-06-13,0.0,27,24,76,5.144,164
1995-06-14,1995-06-14,0.3,31,22.5,75,0,165
1995-06-15,1995-06-15,0.0,27,21,84,1.5432,166
1995-06-16,1995-06-16,0.0,27,22.9,79,2.572,167
1995-06-17,1995-06-17,13.1,27,23.2,82,5.144,168
1995-06-18,1995-06-18,0.1,30,23.5,84,2.572,169
1995-06-19,1995-06-19,0.0,29.5,24,90,0,170
1995-06-20,1995-06-20,0.0,28,23.4,78,5.144,171
1995-06-21,1995-06-21,0.0,26.8,23.5,81,5.144,172
1995-06-22,1995-06-22,0.0,27.5,24.2,70,10.288,173
1995-06-23,1995-06-23,0.0,27.5,25,81,7.716,174
1995-06-24,1995-06-24,5.6,27,23.9,82,7.716,175
1995-06-25,1995-06-25,0.0,28.6,23,80,2.572,176
1995-06-26,1995-06-26,3.0,30,23.5,88,0,177
1995-06-27,1995-06-27,10.9,25.5,23,88,5.144,178
1995-06-28,1995-06-28,0.0,27,23.4,94,2.572,179
1995-06-29,1995-06-29,1.0,27.6,24.2,84,5.144,180
1995-06-30,1995-06-30,0.0,29,22.2,85,5.144,181
1995-07-01,1995-07-01,2.4,27.2,23.2,76,5.144,182
1995-07-02,1995-07-02,0.6,27,22.2,79,5.144,183
1995-07-03,1995-07-03,12.0,29.2,21,76,0,184
1995-07-04,1995-07-04,1.1,26.2,21,90,0,185
1995-07-05,1995-07-05,8.1,24.5,21.2,93,6.6872,186
1995-07-06,1995-07-06,3.0,25,22,85,7.716,187
1995-07-07,1995-07-07,1.0,25.5,22,93,7.716,188
1995-07-08,1995-07-08,0.0,27.8,23,81,4.1152,189
1995-07-09,1995-07-09,0.0,28,24,77,2.572,190
1995-07-10,1995-07-10,3.0,27.5,24,90,2.572,191
1995-07-11,1995-07-11,7.6,27,24,97,9.2592,192
1995-07-12,1995-07-12,8.0,30,23.5,87,0,193
1995-07-13,1995-07-13,0.0,28,22.5,85,0,194
1995-07-14,1995-07-14,0.0,32,22.8,75,0,195
1995-07-15,1995-07-15,0.0,30,22.5,82,2.572,196
1995-07-16,1995-07-16,12.5,32,23,82,0,197
1995-07-17,1995-07-17,0.0,28,25,98,1.5432,198
1995-07-18,1995-07-18,0.0,24.6,22,64,5.144,199
1995-07-19,1995-07-19,0.0,26,22.5,57,5.144,200
1995-07-20,1995-07-20,0.0,27,22.5,59,4.1152,201
1995-07-21,1995-07-21,0.0,28,22,76,0,202
1995-07-22,1995-07-22,0.8,25.2,23,93,2.572,203
1995-07-23,1995-07-23,0.5,26,23.2,79,3.0864,204
1995-07-24,1995-07-24,14.1,26,23,87,2.572,205
1995-07-25,1995-07-25,7.4,28,23.8,89,0,206
1995-07-26,1995-07-26,7.4,27.2,23,91,1.0288,207
1995-07-27,1995-07-27,14.8,26,23.3,98,1.5432,208
1995-07-28,1995-07-28,3.4,26.2,24,96,2.572,209
1995-07-29,1995-07-29,0.0,28,24.5,94,0,210
1995-07-30,1995-07-30,0.0,29,24,82,0,211
1995-07-31,1995-07-31,0.0,27.2,24.2,81,0,212
1995-08-01,1995-08-01,0.0,27,24.2,85,0,213
1995-08-02,1995-08-02,0.0,26.5,23.5,65,2.572,214
1995-08-03,1995-08-03,1.0,27,23,87,1.5432,215
1995-08-04,1995-08-04,1.5,27.5,24,88,1.5432,216
1995-08-05,1995-08-05,0.0,27,24.6,82,2.572,217
1995-08-06,1995-08-06,3.8,27.5,23.5,88,2.572,218
1995-08-07,1995-08-07,1.0,27,23.2,83,4.1152,219
1995-08-08,1995-08-08,0.0,26.5,23.5,72,2.572,220
1995-08-09,1995-08-09,0.0,28,23.5,70,0,221
1995-08-10,1995-08-10,0.0,27.5,23.2,76,6.6872,222
1995-08-11,1995-08-11,0.0,28,23,73,0,223
1995-08-12,1995-08-12,0.0,28.2,24.2,87,2.572,224
1995-08-13,1995-08-13,0.0,28,24,88,1.5432,225
1995-08-14,1995-08-14,18.1,27.2,23.5,93,2.572,226
1995-08-15,1995-08-15,31.3,27,23.5,84,2.572,227
1995-08-16,1995-08-16,0.2,24.8,22.3,89,12.86,228
1995-08-17,1995-08-17,4.6,25.5,22,78,9.2592,229
1995-08-18,1995-08-18,3.4,26.5,21.2,76,2.572,230
1995-08-19,1995-08-19,1.0,26,22,72,4.1152,231
1995-08-20,1995-08-20,0.0,25.5,21,67,9.2592,232
1995-08-21,1995-08-21,0.0,25.6,23,56,6.6872,233
1995-08-22,1995-08-22,0.0,25.6,22,63,2.572,234
1995-08-23,1995-08-23,1.0,26,23.2,64,5.144,235
1995-08-24,1995-08-24,0.8,25.6,22,69,4.1152,236
1995-08-25,1995-08-25,0.0,25.5,21.2,64,2.572,237
1995-08-26,1995-08-26,0.0,25.5,22,60,6.6872,238
1995-08-27,1995-08-27,0.0,25.5,20.5,60,4.1152,239
1995-08-28,1995-08-28,0.0,25,20.2,60,2.572,240
1995-08-29,1995-08-29,15.2,25.2,22.5,71,7.716,241
1995-08-30,1995-08-30,2.4,23.2,21,92,6.6872,242
1995-08-31,1995-08-31,0.2,25.8,21,74,5.144,243
1995-09-01,1995-09-01,0.0,26,21.5,64,2.572,244
1995-09-02,1995-09-02,0.0,26,21.5,77,1.5432,245
1995-09-03,1995-09-03,0.0,26.5,22,74,1.5432,246
1995-09-04,1995-09-04,0.0,27,22.5,87,1.5432,247
1995-09-05,1995-09-05,0.0,28.2,22.5,66,1.5432,248
1995-09-06,1995-09-06,0.0,27.5,23.5,84,2.572,249
1995-09-07,1995-09-07,0.0,32,23.2,84,1.5432,250
1995-09-08,1995-09-08,22.6,30.5,22.2,74,0,251
1995-09-09,1995-09-09,8.3,29.5,23.5,90,0,252
1995-09-10,1995-09-10,1.2,24.5,21,91,5.144,253
1995-09-11,1995-09-11,0.3,26,21.5,82,2.572,254
1995-09-12,1995-09-12,0.0,26,23,93,5.144,255
1995-09-13,1995-09-13,2.5,25,22,73,2.572,256
1995-09-14,1995-09-14,0.4,26.5,21.5,87,7.716,257
1995-09-15,1995-09-15,11.8,26.5,21.5,76,6.6872,258
1995-09-16,1995-09-16,1.4,27,21.4,87,12.86,259
1995-09-17,1995-09-17,0.0,27.9,23,72,4.1152,260
1995-09-18,1995-09-18,0.0,27.5,24,76,7.716,261
1995-09-19,1995-09-19,3.5,26.7,24,69,6.6872,262
1995-09-20,1995-09-20,31.2,26,23,98,7.716,263
1995-09-21,1995-09-21,5.6,26.5,22.5,82,5.144,264
1995-09-22,1995-09-22,2.0,26.6,21.6,79,6.1728,265
1995-09-23,1995-09-23,0.0,28,24,91,2.572,266
1995-09-24,1995-09-24,0.0,27.5,24,76,5.144,267
1995-09-25,1995-09-25,8.1,28.5,23.5,77,5.144,268
1995-09-26,1995-09-26,0.0,27.5,22.6,79,6.1728,269
1995-09-27,1995-09-27,0.2,27.2,21,77,5.144,270
1995-09-28,1995-09-28,0.0,27,23.5,76,5.144,271
1995-09-29,1995-09-29,0.0,27.5,23,80,2.572,272
1995-09-30,1995-09-30,4.4,28.1,23.6,80,5.144,273
1995-10-01,1995-10-01,0.0,27.9,23,81,2.572,274
1995-10-02,1995-10-02,11.3,28,24.5,81,2.572,275
1995-10-03,1995-10-03,3.6,26.9,23.5,95,2.572,276
1995-10-04,1995-10-04,0.0,26.5,21.5,77,5.144,277
1995-10-05,1995-10-05,0.0,27.5,23.5,76,2.572,278
1995-10-06,1995-10-06,0.0,27.3,23,69,5.144,279
1995-10-07,1995-10-07,0.5,26.8,23,59,5.144,280
1995-10-08,1995-10-08,0.2,26.7,22.5,88,2.572,281
1995-10-09,1995-10-09,0.0,27.4,22.7,74,5.144,282
1995-10-10,1995-10-10,0.0,28.5,23.4,72,5.144,283
1995-10-11,1995-10-11,0.0,27.6,24,75,5.144,284
1995-10-12,1995-10-12,0.7,28,24.5,77,9.2592,285
1995-10-13,1995-10-13,0.0,27.9,24,79,7.716,286
1995-10-14,1995-10-14,0.3,28.9,24.5,84,5.144,287
1995-10-15,1995-10-15,8.9,28,23.6,77,6.1728,288
1995-10-16,1995-10-16,5.0,27,23.5,83,6.1728,289
1995-10-17,1995-10-17,10.8,27.5,24.3,95,5.144,290
1995-10-18,1995-10-18,0.0,27.5,23.9,83,5.144,291
1995-10-19,1995-10-19,0.0,27.2,24,72,5.144,292
1995-10-20,1995-10-20,0.0,26.5,23.5,72,7.716,293
1995-10-21,1995-10-21,0.0,26.9,23,60,7.716,294
1995-10-22,1995-10-22,0.0,27,22.5,60,5.144,295
1995-10-23,1995-10-23,0.0,27.5,22.5,65,5.144,296
1995-10-24,1995-10-24,0.5,27,23.8,72,7.716,297
1995-10-25,1995-10-25,0.0,27.8,24.1,76,7.716,298
1995-10-26,1995-10-26,0.0,29,24.5,72,5.144,299
1995-10-27,1995-10-27,0.0,29.1,24.2,73,5.144,300
1995-10-28,1995-10-28,0.0,28.2,24,75,6.1728,301
1995-10-29,1995-10-29,0.0,29.2,24.3,73,2.572,302
1995-10-30,1995-10-30,0.0,28,24.5,77,5.144,303
1995-10-31,1995-10-31,0.4,28.5,24.3,76,5.144,304
1995-11-01,1995-11-01,0.9,29,24.5,84,2.572,305
1995-11-02,1995-11-02,0.7,28.5,25.4,81,0,306
1995-11-03,1995-11-03,0.2,28.1,25.2,86,5.144,307
1995-11-04,1995-11-04,0.8,28.9,25.5,77,7.716,308
1995-11-05,1995-11-05,2.3,30,24.5,72,8.2304,309
1995-11-06,1995-11-06,5.0,30.5,25.5,66,5.144,310
1995-11-07,1995-11-07,0.1,29,24,81,5.144,311
1995-11-08,1995-11-08,0.0,29,25.2,72,9.2592,312
1995-11-09,1995-11-09,0.0,28.9,25.5,72,7.716,313
1995-11-10,1995-11-10,38.5,29,25.1,77,7.716,314
1995-11-11,1995-11-11,2.5,28,22.5,81,7.2016,315
1995-11-12,1995-11-12,0.2,29.8,22,81,4.1152,316
1995-11-13,1995-11-13,5.9,32.7,21.5,61,2.572,317
1995-11-14,1995-11-14,10.9,29.1,22.7,84,0,318
1995-11-15,1995-11-15,0.0,31.5,21.6,76,0,319
1995-11-16,1995-11-16,26.8,30.1,25,74,5.144,320
1995-11-17,1995-11-17,0.6,27.5,23.2,80,2.572,321
1995-11-18,1995-11-18,0.2,27.3,23.5,74,5.144,322
1995-11-19,1995-11-19,0.0,28.4,23.7,69,5.144,323
1995-11-20,1995-11-20,5.4,29.4,25,67,5.144,324
1995-11-21,1995-11-21,1.2,30,23.9,74,5.144,325
1995-11-22,1995-11-22,0.0,30,24.5,78,0,326
1995-11-23,1995-11-23,0.0,29.6,25.3,74,5.144,327
1995-11-24,1995-11-24,0.3,30,24.5,73,2.572,328
1995-11-25,1995-11-25,33.4,29.8,25.2,73,4.1152,329
1995-11-26,1995-11-26,0.2,29,24,84,2.572,330
1995-11-27,1995-11-27,0.0,29.5,25.3,74,5.144,331
1995-11-28,1995-11-28,0.1,29.5,25.5,74,4.1152,332
1995-11-29,1995-11-29,0.0,29.3,24.5,76,5.144,333
1995-11-30,1995-11-30,4.9,29,25.5,78,1.5432,334
1995-12-01,1995-12-01,0.5,28.2,23,73,2.572,335
1995-12-02,1995-12-02,0.0,28,24,75,2.572,336
1995-12-03,1995-12-03,0.0,29,23.6,66,2.572,337
1995-12-04,1995-12-04,0.0,29.5,23.6,61,2.572,338
1995-12-05,1995-12-05,13.0,31,24,70,0,339
1995-12-06,1995-12-06,0.5,29.4,23.5,95,0,340
1995-12-07,1995-12-07,1.4,29.5,22.6,73,0,341
1995-12-08,1995-12-08,0.0,30.3,25,71,2.572,342
1995-12-09,1995-12-09,0.0,30.2,24.2,76,5.144,343
1995-12-10,1995-12-10,0.0,31,25,70,1.5432,344
1995-12-11,1995-12-11,0.0,30,25.4,70,5.144,345
1995-12-12,1995-12-12,0.0,30,25,74,0,346
1995-12-13,1995-12-13,28.4,30,24.5,64,2.572,347
1995-12-14,1995-12-14,0.0,30.3,24.5,67,2.572,348
1995-12-15,1995-12-15,0.6,30,23.3,60,2.572,349
1995-12-16,1995-12-16,0.0,30,24,63,2.572,350
1995-12-17,1995-12-17,0.0,32,22.5,64,0,351
1995-12-18,1995-12-18,0.0,32.5,25,63,0,352
1995-12-19,1995-12-19,0.0,32,25.5,65,2.572,353
1995-12-20,1995-12-20,0.0,32.5,25,66,2.572,354
1995-12-21,1995-12-21,0.0,30.5,25,64,5.144,355
1995-12-22,1995-12-22,0.0,33.9,23.5,75,0,356
1995-12-23,1995-12-23,0.0,32.5,23.8,69,0,357
1995-12-24,1995-12-24,0.0,34.5,25,76,0,358
1995-12-25,1995-12-25,91.4,33,24.5,66,2.572,359
1995-12-26,1995-12-26,0.0,31.5,24.5,78,1.5432,360
1995-12-27,1995-12-27,0.0,32,21.5,73,2.572,361
1995-12-28,1995-12-28,17.9,32,27,85,3.0864,362
1995-12-29,1995-12-29,0.0,31.5,25,78,2.572,363
1995-12-30,1995-12-30,1.0,31,27,81,2.572,364
1995-12-31,1995-12-31,0.0,31,25.4,70,5.144,365
1996-01-01,1996-01-01,22.0,31.5,26,68,2.572,1
1996-01-02,1996-01-02,5.8,29,23.9,77,0,2
1996-01-03,1996-01-03,19.7,30.1,23.5,84,0,3
1996-01-04,1996-01-04,0.0,32,24,79,5.144,4
1996-01-05,1996-01-05,0.0,32.2,26,69,0,5
1996-01-06,1996-01-06,7.0,35,25,72,0,6
1996-01-07,1996-01-07,0.0,32,25,75,0,7
1996-01-08,1996-01-08,0.0,31,25.5,79,5.144,8
1996-01-09,1996-01-09,30.5,32,25,71,0,9
1996-01-10,1996-01-10,0.0,31.2,24,73,0,10
1996-01-11,1996-01-11,2.0,30.5,25,84,1.5432,11
1996-01-12,1996-01-12,20.1,30,24.5,84,0,12
1996-01-13,1996-01-13,16.6,29,24,91,4.1152,13
1996-01-14,1996-01-14,10.6,30,24.6,83,2.572,14
1996-01-15,1996-01-15,21.3,31,25.5,83,1.5432,15
1996-01-16,1996-01-16,83.0,32.5,25,81,5.144,16
1996-01-17,1996-01-17,0.6,32,23,88,0,17
1996-01-18,1996-01-18,8.1,33,24.9,81,2.572,18
1996-01-19,1996-01-19,14.0,30.5,25,81,0,19
1996-01-20,1996-01-20,57.1,31.5,24,98,0,20
1996-01-21,1996-01-21,60.2,28.4,23.5,98,5.144,21
1996-01-22,1996-01-22,8.4,30.5,23.4,84,1.5432,22
1996-01-23,1996-01-23,4.4,30.5,23.5,84,0,23
1996-01-24,1996-01-24,0.0,29.2,25,79,2.572,24
1996-01-25,1996-01-25,1.8,30,25,84,0,25
1996-01-26,1996-01-26,1.1,31.5,24.4,88,1.5432,26
1996-01-27,1996-01-27,17.5,31.8,24.5,81,0,27
1996-01-28,1996-01-28,2.0,33,24.5,85,0,28
1996-01-29,1996-01-29,10.5,31.5,24,77,0,29
1996-01-30,1996-01-30,0.0,33,23.4,71,0,30
1996-01-31,1996-01-31,5.0,32,24,69,0,31
1996-02-01,1996-02-01,0.0,32,25,73,2.572,32
1996-02-02,1996-02-02,0.5,31.4,26,78,4.1152,33
1996-02-03,1996-02-03,6.9,29.2,26.4,88,4.1152,34
1996-02-04,1996-02-04,14.7,30.5,25.5,78,1.5432,35
1996-02-05,1996-02-05,6.6,30,25.2,87,4.1152,36
1996-02-06,1996-02-06,6.6,30,25,78,1.5432,37
1996-02-07,1996-02-07,0.0,30.5,25.2,75,2.572,38
1996-02-08,1996-02-08,0.0,30.5,25.5,81,1.5432,39
1996-02-09,1996-02-09,27.2,31,25.2,79,1.5432,40
1996-02-10,1996-02-10,28.6,31,25,82,0,41
1996-02-11,1996-02-11,7.2,31,23,90,2.572,42
1996-02-12,1996-02-12,0.0,31.1,25,78,1.5432,43
1996-02-13,1996-02-13,0.0,30.5,24.5,78,0,44
1996-02-14,1996-02-14,0.7,29.5,25,78,1.5432,45
1996-02-15,1996-02-15,0.0,29.2,24.2,67,2.572,46
1996-02-16,1996-02-16,0.0,29.5,24.2,70,1.5432,47
1996-02-17,1996-02-17,0.0,30,24.5,67,4.1152,48
1996-02-18,1996-02-18,3.6,30,26,64,4.1152,49
1996-02-19,1996-02-19,0.0,30,24,72,2.572,50
1996-02-20,1996-02-20,0.0,30.2,24,71,0,51
1996-02-21,1996-02-21,41.2,31,24.8,69,0,52
1996-02-22,1996-02-22,99.7,26,24,95,0,53
1996-02-23,1996-02-23,3.8,29,23.4,94,0,54
1996-02-24,1996-02-24,0.0,31.4,24,92,0,55
1996-02-25,1996-02-25,11.7,32,24.9,83,0,56
1996-02-26,1996-02-26,18.3,32,24.5,78,0,57
1996-02-27,1996-02-27,0.0,31.5,24.6,77,2.572,58
1996-02-28,1996-02-28,5.0,31,26.5,78,4.1152,59
1996-02-29,1996-02-29,1.3,30.5,26.2,81,2.572,60
1996-03-01,1996-03-01,3.3,30.5,26.5,85,2.572,61
1996-03-02,1996-03-02,1.8,30.5,25.3,80,7.716,62
1996-03-03,1996-03-03,2.8,30.6,26,81,4.1152,63
1996-03-04,1996-03-04,0.9,31,26,84,5.144,64
1996-03-05,1996-03-05,12.6,30.1,26.2,76,2.572,65
1996-03-06,1996-03-06,3.5,32,25.5,71,4.1152,66
1996-03-07,1996-03-07,28.5,31.5,26,75,4.1152,67
1996-03-08,1996-03-08,1.5,31,24,88,5.144,68
1996-03-09,1996-03-09,0.0,32.1,26,89,0,69
1996-03-10,1996-03-10,8.7,30.8,24,78,0,70
1996-03-11,1996-03-11,0.0,31.6,25,88,0,71
1996-03-12,1996-03-12,2.8,31.8,26,75,0,72
1996-03-13,1996-03-13,0.0,31.5,25,83,0,73
1996-03-14,1996-03-14,13.1,32.5,24.5,81,4.1152,74
1996-03-15,1996-03-15,8.5,30.5,24.5,78,2.572,75
1996-03-16,1996-03-16,0.0,31,24,81,2.572,76
1996-03-17,1996-03-17,0.0,30.5,26,75,0,77
1996-03-18,1996-03-18,0.0,31,26,77,1.5432,78
1996-03-19,1996-03-19,25.4,31.7,24,71,0,79
1996-03-20,1996-03-20,24.8,30,24.8,84,2.572,80
1996-03-21,1996-03-21,2.7,30.5,25,85,1.5432,81
1996-03-22,1996-03-22,13.5,30.5,24.4,85,0,82
1996-03-23,1996-03-23,0.2,32.4,24.4,88,0,83
1996-03-24,1996-03-24,4.0,32,26,76,2.572,84
1996-03-25,1996-03-25,10.0,29.5,24.9,86,0,85
1996-03-26,1996-03-26,2.1,32.2,23.9,80,0,86
1996-03-27,1996-03-27,0.0,33.9,25.3,78,0,87
1996-03-28,1996-03-28,5.4,31.5,24.5,78,0,88
1996-03-29,1996-03-29,0.0,31,25.5,81,0,89
1996-03-30,1996-03-30,0.0,32,26,78,5.144,90
1996-03-31,1996-03-31,0.0,31.8,25.5,78,1.5432,91
1996-04-01,1996-04-01,2.8,32,25.2,75,2.572,92
1996-04-02,1996-04-02,0.5,32,25.5,71,0,93
1996-04-03,1996-04-03,7.6,31.5,26,81,2.0576,94
1996-04-04,1996-04-04,1.9,31.5,25.5,85,1.5432,95
1996-04-05,1996-04-05,0.0,31.5,26.5,76,2.572,96
1996-04-06,1996-04-06,1.2,31.1,26,75,2.572,97
1996-04-07,1996-04-07,5.0,31,25.5,78,1.5432,98
1996-04-08,1996-04-08,2.2,31,24,81,2.572,99
1996-04-09,1996-04-09,4.0,31,24,84,3.6008,100
1996-04-10,1996-04-10,1.2,30.4,26,83,2.572,101
1996-04-11,1996-04-11,6.1,30,26,86,4.1152,102
1996-04-12,1996-04-12,2.0,30.4,25,77,2.572,103
1996-04-13,1996-04-13,0.5,30,25,77,7.716,104
1996-04-14,1996-04-14,2.8,30,26,81,4.1152,105
1996-04-15,1996-04-15,4.8,30,25,77,6.6872,106
1996-04-16,1996-04-16,3.1,29.5,24.5,71,2.572,107
1996-04-17,1996-04-17,4.1,30,25,81,2.572,108
1996-04-18,1996-04-18,0.0,30,25,79,2.572,109
1996-04-19,1996-04-19,8.1,30,25,68,0,110
1996-04-20,1996-04-20,2.2,30,25.5,81,5.144,111
1996-04-21,1996-04-21,0.0,30,26,69,4.1152,112
1996-04-22,1996-04-22,0.0,30.1,26,74,1.5432,113
1996-04-23,1996-04-23,0.0,31,25.2,74,2.0576,114
1996-04-24,1996-04-24,0.0,30.3,25.5,74,2.572,115
1996-04-25,1996-04-25,36.9,29.2,25,77,0,116
1996-04-26,1996-04-26,46.8,26.5,24,93,1.5432,117
1996-04-27,1996-04-27,4.4,27,23.5,98,2.572,118
1996-04-28,1996-04-28,2.5,27,24,84,2.572,119
1996-04-29,1996-04-29,7.0,29,23,80,5.144,120
1996-04-30,1996-04-30,9.4,31,23,69,0,121
1996-05-01,1996-05-01,0.9,29,22.5,82,2.0576,122
1996-05-02,1996-05-02,0.0,29,24,75,2.572,123
1996-05-03,1996-05-03,0.0,29,23.7,69,0,124
1996-05-04,1996-05-04,3.4,29.7,24.5,64,1.5432,125
1996-05-05,1996-05-05,3.4,27,23.5,85,9.2592,126
1996-05-06,1996-05-06,1.0,28,22.5,76,5.144,127
1996-05-07,1996-05-07,0.0,27,23.5,65,12.86,128
1996-05-08,1996-05-08,0.0,26.6,24,50,7.716,129
1996-05-09,1996-05-09,0.0,27,23,72,5.144,130
1996-05-10,1996-05-10,65.1,27,23,69,1.5432,131
1996-05-11,1996-05-11,21.8,26.5,22.5,100,7.716,132
1996-05-12,1996-05-12,5.2,29.5,23,78,0,133
1996-05-13,1996-05-13,35.9,27.5,23.4,95,3.6008,134
1996-05-14,1996-05-14,1.5,27.3,23.5,78,2.572,135
1996-05-15,1996-05-15,0.1,28.8,24,88,0,136
1996-05-16,1996-05-16,12.5,28,25.5,84,1.5432,137
1996-05-17,1996-05-17,11.8,30,23.9,91,2.572,138
1996-05-18,1996-05-18,5.1,31,24,82,0,139
1996-05-19,1996-05-19,0.0,30,24.5,84,5.144,140
1996-05-20,1996-05-20,0.0,29,25,84,0,141
1996-05-21,1996-05-21,0.0,28,24.4,77,1.5432,142
1996-05-22,1996-05-22,0.0,27.5,22.5,72,0,143
1996-05-23,1996-05-23,0.0,32,22,73,2.572,144
1996-05-24,1996-05-24,16.9,26,24.5,89,6.6872,145
1996-05-25,1996-05-25,1.6,26.2,22.5,91,9.2592,146
1996-05-26,1996-05-26,1.3,27,23,76,2.572,147
1996-05-27,1996-05-27,0.0,26.2,23.2,63,6.6872,148
1996-05-28,1996-05-28,0.0,27,22,70,0,149
1996-05-29,1996-05-29,3.2,28,23.5,72,4.1152,150
1996-05-30,1996-05-30,9.7,28.4,24,91,4.1152,151
1996-05-31,1996-05-31,9.9,27.2,23.5,86,5.144,152
1996-06-01,1996-06-01,40.9,26.3,23.5,95,5.144,153
1996-06-02,1996-06-02,20.9,26.2,23.4,85,7.716,154
1996-06-03,1996-06-03,5.1,24.5,22.5,79,7.716,155
1996-06-04,1996-06-04,19.5,24.5,21,78,7.716,156
1996-06-05,1996-06-05,35.8,24,21.5,98,2.572,157
1996-06-06,1996-06-06,0.6,26,20.2,83,5.144,158
1996-06-07,1996-06-07,0.0,26,22,76,6.6872,159
1996-06-08,1996-06-08,0.0,26.5,23.5,76,6.6872,160
1996-06-09,1996-06-09,0.0,26.7,23.5,83,5.144,161
1996-06-10,1996-06-10,0.0,27,22.7,77,5.144,162
1996-06-11,1996-06-11,0.0,29,22,74,0,163
1996-06-12,1996-06-12,20.7,25.5,21.1,73,2.572,164
1996-06-13,1996-06-13,2.7,30.1,22.5,83,5.144,165
1996-06-14,1996-06-14,0.0,27,23.5,84,0,166
1996-06-15,1996-06-15,4.8,27.2,24.5,91,4.1152,167
1996-06-16,1996-06-16,0.0,27.5,23.5,91,7.716,168
1996-06-17,1996-06-17,0.0,28.5,24.5,84,2.572,169
1996-06-18,1996-06-18,0.0,27,24.8,80,7.716,170
1996-06-19,1996-06-19,3.5,26.5,23.4,78,5.144,171
1996-06-20,1996-06-20,3.6,25.4,23.6,90,5.144,172
1996-06-21,1996-06-21,6.2,26.4,22.5,86,0,173
1996-06-22,1996-06-22,52.8,25.9,23.6,86,5.144,174
1996-06-23,1996-06-23,0.2,27.2,22.5,88,0,175
1996-06-24,1996-06-24,0.0,25.7,23.6,76,6.1728,176
1996-06-25,1996-06-25,0.0,29,23,81,0,177
1996-06-26,1996-06-26,4.6,27.4,23,86,4.1152,178
1996-06-27,1996-06-27,0.1,28,23.2,86,5.144,179
1996-06-28,1996-06-28,7.6,28.5,23.4,83,3.6008,180
1996-06-29,1996-06-29,0.4,27.7,23,92,5.144,181
1996-06-30,1996-06-30,0.0,27.4,24.1,78,7.2016,182
1996-07-01,1996-07-01,0.0,28.5,24.4,71,2.572,183
1996-07-02,1996-07-02,0.0,28.5,23.5,80,2.572,184
1996-07-03,1996-07-03,0.6,27.7,24.4,84,5.144,185
1996-07-04,1996-07-04,1.2,28,24.4,81,4.1152,186
1996-07-05,1996-07-05,0.1,28,24.1,83,5.144,187
1996-07-06,1996-07-06,0.0,27.5,23.3,78,2.572,188
1996-07-07,1996-07-07,1.5,25,23.5,80,7.716,189
1996-07-08,1996-07-08,1.3,25,23,83,7.716,190
1996-07-09,1996-07-09,0.3,25.5,22.2,66,10.288,191
1996-07-10,1996-07-10,0.0,26.5,22.8,79,6.6872,192
1996-07-11,1996-07-11,0.0,29,23.6,75,0,193
1996-07-12,1996-07-12,0.0,28.3,21.5,84,1.5432,194
1996-07-13,1996-07-13,0.5,27.5,24,81,5.144,195
1996-07-14,1996-07-14,1.9,26.5,24,91,5.144,196
1996-07-15,1996-07-15,0.0,28.5,23.6,84,0,197
1996-07-16,1996-07-16,0.0,28,24,83,0,198
1996-07-17,1996-07-17,0.0,29,22,85,2.572,199
1996-07-18,1996-07-18,0.6,28.8,21,75,0,200
1996-07-19,1996-07-19,0.4,29,23.3,90,0,201
1996-07-20,1996-07-20,0.0,28,23.8,84,5.144,202
1996-07-21,1996-07-21,0.0,27.6,24.1,77,5.144,203
1996-07-22,1996-07-22,0.2,28.5,24,80,6.1728,204
1996-07-23,1996-07-23,0.1,29,21.5,80,0,205
1996-07-24,1996-07-24,0.2,27,22.9,78,5.144,206
1996-07-25,1996-07-25,0.0,26.7,23.3,71,7.716,207
1996-07-26,1996-07-26,0.0,26.5,22.5,67,5.144,208
1996-07-27,1996-07-27,0.0,25.5,22,66,5.144,209
1996-07-28,1996-07-28,0.0,25,22,52,7.716,210
1996-07-29,1996-07-29,0.2,25.4,21.2,60,7.716,211
1996-07-30,1996-07-30,0.1,27.2,21.3,75,2.572,212
1996-07-31,1996-07-31,125.5,26,23.6,80,4.1152,213
1996-08-01,1996-08-01,34.2,25.6,22.3,98,5.144,214
1996-08-02,1996-08-02,9.1,27.5,22.7,86,0,215
1996-08-03,1996-08-03,0.1,26.5,22.5,78,3.6008,216
1996-08-04,1996-08-04,0.0,25.6,22.6,84,7.716,217
1996-08-05,1996-08-05,0.8,26.5,22.5,71,5.144,218
1996-08-06,1996-08-06,0.4,26.9,22.4,85,7.716,219
1996-08-07,1996-08-07,0.0,26.5,23.2,88,5.144,220
1996-08-08,1996-08-08,0.0,25,23.3,69,7.716,221
1996-08-09,1996-08-09,0.0,26,21,63,5.144,222
1996-08-10,1996-08-10,0.0,26.5,20,61,1.5432,223
1996-08-11,1996-08-11,0.0,27,21.1,62,1.5432,224
1996-08-12,1996-08-12,2.3,27.2,21.7,67,3.6008,225
1996-08-13,1996-08-13,0.0,25.5,21.6,76,6.1728,226
1996-08-14,1996-08-14,0.0,25,22.5,75,7.716,227
1996-08-15,1996-08-15,0.0,25.2,22,59,7.716,228
1996-08-16,1996-08-16,0.0,25.3,21.9,71,7.716,229
1996-08-17,1996-08-17,0.0,25.5,22.3,67,6.6872,230
1996-08-18,1996-08-18,0.0,26,22.3,57,5.144,231
1996-08-19,1996-08-19,0.0,27,21,66,1.5432,232
1996-08-20,1996-08-20,0.7,27.1,22.5,66,7.716,233
1996-08-21,1996-08-21,0.2,26.7,22,87,5.144,234
1996-08-22,1996-08-22,0.0,28.5,23.5,73,5.144,235
1996-08-23,1996-08-23,0.0,27.7,22,80,0,236
1996-08-24,1996-08-24,0.0,28,23.7,81,4.1152,237
1996-08-25,1996-08-25,0.0,29.4,22.5,69,4.1152,238
1996-08-26,1996-08-26,1.7,28.5,21.8,80,4.1152,239
1996-08-27,1996-08-27,2.6,25.1,23,79,7.716,240
1996-08-28,1996-08-28,0.9,26,21.7,79,10.288,241
1996-08-29,1996-08-29,4.5,26.7,22.5,80,6.1728,242
1996-08-30,1996-08-30,0.7,27,23.6,81,6.6872,243
1996-08-31,1996-08-31,0.0,26.9,23.9,80,9.2592,244
1996-09-01,1996-09-01,10.3,27.4,24,69,5.144,245
1996-09-02,1996-09-02,0.0,28.4,23.5,81,2.572,246
1996-09-03,1996-09-03,0.0,28,23.8,81,4.1152,247
1996-09-04,1996-09-04,0.0,27.1,23.5,72,7.2016,248
1996-09-05,1996-09-05,2.2,27.5,23.2,70,7.716,249
1996-09-06,1996-09-06,0.0,27.2,22.6,82,5.144,250
1996-09-07,1996-09-07,0.0,28,23.4,78,6.6872,251
1996-09-08,1996-09-08,4.0,28.2,23.9,73,7.716,252
1996-09-09,1996-09-09,2.1,27,23,81,4.1152,253
1996-09-10,1996-09-10,44.2,28.6,23.4,77,2.572,254
1996-09-11,1996-09-11,0.2,27.1,21.5,93,7.716,255
1996-09-12,1996-09-12,47.5,28.6,22.2,81,0,256
1996-09-13,1996-09-13,0.0,28,22.6,88,7.716,257
1996-09-14,1996-09-14,0.0,28,24.4,84,7.716,258
1996-09-15,1996-09-15,0.0,27.9,24.3,75,7.716,259
1996-09-16,1996-09-16,17.3,29,23.9,84,4.1152,260
1996-09-17,1996-09-17,0.0,26.5,22.6,89,4.1152,261
1996-09-18,1996-09-18,0.2,26.5,24.1,80,10.288,262
1996-09-19,1996-09-19,0.0,26.5,23,80,10.288,263
1996-09-20,1996-09-20,0.0,26,23.7,76,9.2592,264
1996-09-21,1996-09-21,0.0,26.4,23.2,68,9.2592,265
1996-09-22,1996-09-22,33.2,26.5,22.4,79,2.572,266
1996-09-23,1996-09-23,9.4,28.1,22.3,96,0,267
1996-09-24,1996-09-24,0.0,30.2,23,89,5.144,268
1996-09-25,1996-09-25,0.8,28.5,23.9,83,3.0864,269
1996-09-26,1996-09-26,0.0,27.7,22.5,81,4.1152,270
1996-09-27,1996-09-27,0.0,27.6,22.7,76,5.144,271
1996-09-28,1996-09-28,0.0,27.5,23.1,69,6.6872,272
1996-09-29,1996-09-29,0.7,26.9,23,67,7.716,273
1996-09-30,1996-09-30,0.0,26.6,22.4,79,7.716,274
1996-10-01,1996-10-01,0.0,27.3,23.8,68,10.288,275
1996-10-02,1996-10-02,0.0,27.4,23.9,62,9.2592,276
1996-10-03,1996-10-03,0.0,27.2,23.6,68,7.716,277
1996-10-04,1996-10-04,2.5,27.7,23.9,61,6.6872,278
1996-10-05,1996-10-05,0.5,27.2,22,89,6.6872,279
1996-10-06,1996-10-06,0.0,27.5,23,62,9.2592,280
1996-10-07,1996-10-07,0.0,27.2,23.9,79,7.716,281
1996-10-08,1996-10-08,0.0,27.3,22.6,64,7.716,282
1996-10-09,1996-10-09,0.0,26.5,21,57,5.144,283
1996-10-10,1996-10-10,0.0,28,21.1,54,5.144,284
1996-10-11,1996-10-11,2.9,27.9,23,67,5.144,285
1996-10-12,1996-10-12,7.8,26,22.4,88,5.144,286
1996-10-13,1996-10-13,0.1,27.3,21.5,73,9.2592,287
1996-10-14,1996-10-14,0.0,27.5,22.3,65,4.1152,288
1996-10-15,1996-10-15,0.1,27.6,23.9,69,6.6872,289
1996-10-16,1996-10-16,8.8,27.4,23.2,75,6.6872,290
1996-10-17,1996-10-17,2.0,27.1,22,85,4.1152,291
1996-10-18,1996-10-18,4.5,27.7,21.5,74,9.2592,292
1996-10-19,1996-10-19,22.1,26.1,22.3,78,9.2592,293
1996-10-20,1996-10-20,4.7,26,22,98,6.6872,294
1996-10-21,1996-10-21,3.9,27.2,22.5,73,9.2592,295
1996-10-22,1996-10-22,19.8,27,22.2,73,6.6872,296
1996-10-23,1996-10-23,0.1,27.8,22.5,88,7.716,297
1996-10-24,1996-10-24,0.9,28.7,22.5,78,9.2592,298
1996-10-25,1996-10-25,29.3,29.5,24,79,2.572,299
1996-10-26,1996-10-26,24.8,29.6,23.4,71,0,300
1996-10-27,1996-10-27,24.2,30,22.9,83,2.0576,301
1996-10-28,1996-10-28,3.0,30.5,23.6,82,5.144,302
1996-10-29,1996-10-29,2.6,29.5,24.5,88,5.144,303
1996-10-30,1996-10-30,0.4,30.5,24.4,83,4.1152,304
1996-10-31,1996-10-31,0.0,29,24.5,82,2.572,305
1996-11-01,1996-11-01,22.1,28.1,23.3,86,4.1152,306
1996-11-02,1996-11-02,22.8,27.5,23.6,79,5.144,307
1996-11-03,1996-11-03,0.5,26.2,20.9,91,5.144,308
1996-11-04,1996-11-04,53.0,27.4,23,92,0,309
1996-11-05,1996-11-05,2.5,28.1,22.3,79,0,310
1996-11-06,1996-11-06,0.5,26.9,23,90,4.1152,311
1996-11-07,1996-11-07,0.0,27,22.5,76,7.716,312
1996-11-08,1996-11-08,50.0,28.9,22.5,75,3.6008,313
1996-11-09,1996-11-09,38.8,30,22.5,97,6.6872,314
1996-11-10,1996-11-10,0.0,31.1,21.9,92,0,315
1996-11-11,1996-11-11,0.0,29,25,83,6.1728,316
1996-11-12,1996-11-12,0.5,30.5,24.4,86,2.572,317
1996-11-13,1996-11-13,0.0,30.5,24.1,76,4.1152,318
1996-11-14,1996-11-14,9.5,30.2,24,78,5.144,319
1996-11-15,1996-11-15,0.0,28.5,24.2,81,7.716,320
1996-11-16,1996-11-16,0.0,29,24.4,77,7.716,321
1996-11-17,1996-11-17,0.0,28.9,24.4,72,7.716,322
1996-11-18,1996-11-18,0.0,28.5,23.9,63,5.144,323
1996-11-19,1996-11-19,0.0,28.4,24,67,7.716,324
1996-11-20,1996-11-20,0.0,29,24.4,80,7.716,325
1996-11-21,1996-11-21,9.5,29.6,24.5,72,5.144,326
1996-11-22,1996-11-22,0.4,28.6,24.4,78,2.572,327
1996-11-23,1996-11-23,0.0,30,24.5,78,7.716,328
1996-11-24,1996-11-24,0.0,29.8,23.6,71,2.572,329
1996-11-25,1996-11-25,0.0,30,22.5,71,5.144,330
1996-11-26,1996-11-26,0.0,31,23,67,0,331
1996-11-27,1996-11-27,0.0,32,23.8,75,2.572,332
1996-11-28,1996-11-28,5.7,31.5,24.5,75,2.572,333
1996-11-29,1996-11-29,0.9,31,23,78,2.572,334
1996-11-30,1996-11-30,6.4,30,25.1,72,0,335
1996-12-01,1996-12-01,0.9,30.1,25,76,5.144,336
1996-12-02,1996-12-02,1.3,30.3,24.9,69,7.2016,337
1996-12-03,1996-12-03,1.5,29.6,25.6,73,10.288,338
1996-12-04,1996-12-04,19.9,29.5,25,83,5.144,339
1996-12-05,1996-12-05,10.5,29.6,23.5,79,6.1728,340
1996-12-06,1996-12-06,1.2,30.3,24.6,86,0,341
1996-12-07,1996-12-07,0.4,30.5,24.4,85,5.144,342
1996-12-08,1996-12-08,16.0,31,25.4,81,4.1152,343
1996-12-09,1996-12-09,67.9,28.5,24.9,92,7.2016,344
1996-12-10,1996-12-10,5.4,28.9,22.5,88,5.144,345
1996-12-11,1996-12-11,31.9,29.4,25.6,83,6.1728,346
1996-12-12,1996-12-12,2.4,29.8,24,89,2.572,347
1996-12-13,1996-12-13,19.5,29.4,24.1,89,5.144,348
1996-12-14,1996-12-14,32.6,29,24.4,79,4.1152,349
1996-12-15,1996-12-15,0.0,30,23.5,77,5.144,350
1996-12-16,1996-12-16,4.2,32.5,24.4,79,2.572,351
1996-12-17,1996-12-17,0.5,30.5,25,80,2.572,352
1996-12-18,1996-12-18,0.1,30.5,26.5,75,7.716,353
1996-12-19,1996-12-19,0.0,30.3,26.1,78,5.144,354
1996-12-20,1996-12-20,0.0,31,25.2,70,2.572,355
1996-12-21,1996-12-21,6.8,30.1,26.2,76,7.716,356
1996-12-22,1996-12-22,3.0,29.9,25.1,90,5.144,357
1996-12-23,1996-12-23,61.2,28,23.6,93,5.144,358
1996-12-24,1996-12-24,2.0,30,22.7,79,5.144,359
1996-12-25,1996-12-25,1.8,31,22.8,79,0,360
1996-12-26,1996-12-26,7.0,30.5,25.4,74,0,361
1996-12-27,1996-12-27,35.8,28.6,25,88,0,362
1996-12-28,1996-12-28,2.0,32.5,24,84,0,363
1996-12-29,1996-12-29,4.9,31,24,92,4.1152,364
1996-12-30,1996-12-30,0.0,33,26.4,79,2.572,365
1996-12-31,1996-12-31,1.0,31.2,25.5,78,5.144,366
1997-01-01,1997-01-01,0.0,30.5,26.8,78,5.144,1
1997-01-02,1997-01-02,1.8,30.5,27,69,7.716,2
1997-01-03,1997-01-03,5.8,30.3,26,68,2.572,3
1997-01-04,1997-01-04,1.7,30.4,24.5,81,2.572,4
1997-01-05,1997-01-05,11.5,31.5,25,69,2.572,5
1997-01-06,1997-01-06,56.7,31,23.6,78,2.572,6
1997-01-07,1997-01-07,0.1,29.5,23.4,82,4.1152,7
1997-01-08,1997-01-08,17.3,30.5,25.5,82,4.1152,8
1997-01-09,1997-01-09,9.5,30.3,24.5,75,4.1152,9
1997-01-10,1997-01-10,6.0,31,24.5,75,2.572,10
1997-01-11,1997-01-11,0.1,30.7,24.8,79,3.6008,11
1997-01-12,1997-01-12,0.0,31,26,78,3.6008,12
1997-01-13,1997-01-13,1.8,31,26.5,73,2.572,13
1997-01-14,1997-01-14,4.1,30.6,26.4,67,7.716,14
1997-01-15,1997-01-15,2.0,30.6,24.7,85,2.572,15
1997-01-16,1997-01-16,0.0,31,24.3,74,4.1152,16
1997-01-17,1997-01-17,0.0,30.8,24.4,84,2.572,17
1997-01-18,1997-01-18,0.0,31.1,25.6,69,5.144,18
1997-01-19,1997-01-19,7.3,31.3,26.6,79,6.6872,19
1997-01-20,1997-01-20,1.0,31.3,25.6,87,5.144,20
1997-01-21,1997-01-21,10.9,30.8,26.4,77,6.1728,21
1997-01-22,1997-01-22,18.4,28.9,24.5,84,2.572,22
1997-01-23,1997-01-23,4.0,29.2,24.2,78,0,23
1997-01-24,1997-01-24,27.7,29.3,23.5,84,1.5432,24
1997-01-25,1997-01-25,107.4,28.2,23.7,94,0,25
1997-01-26,1997-01-26,12.8,30.2,23.5,92,6.1728,26
1997-01-27,1997-01-27,7.2,29.5,24,88,5.144,27
1997-01-28,1997-01-28,0.1,32,24.3,78,2.572,28
1997-01-29,1997-01-29,16.0,31,24.5,86,4.1152,29
1997-01-30,1997-01-30,139.2,26.5,24.7,92,2.572,30
1997-01-31,1997-01-31,43.9,25.4,23.4,99,7.716,31
1997-02-01,1997-02-01,80.7,25.4,23,95,7.716,32
1997-02-02,1997-02-02,4.0,30.5,21.5,99,10.288,33
1997-02-03,1997-02-03,0.2,30.7,24.3,95,0,34
1997-02-04,1997-02-04,0.0,33.1,24.9,75,2.572,35
1997-02-05,1997-02-05,4.6,30.5,25.5,81,5.144,36
1997-02-06,1997-02-06,0.3,30.5,26,85,7.716,37
1997-02-07,1997-02-07,5.2,30.5,27.1,77,5.144,38
1997-02-08,1997-02-08,29.0,30.6,25.5,80,10.288,39
1997-02-09,1997-02-09,16.1,29.4,24.9,82,7.716,40
1997-02-10,1997-02-10,1.0,29.5,25.7,84,4.1152,41
1997-02-11,1997-02-11,23.8,30.9,25.8,86,0,42
1997-02-12,1997-02-12,0.5,30.8,23.5,89,2.572,43
1997-02-13,1997-02-13,0.0,31,26.3,77,5.144,44
1997-02-14,1997-02-14,0.0,30.5,26.6,77,5.144,45
1997-02-15,1997-02-15,0.8,30.7,27,78,5.144,46
1997-02-16,1997-02-16,1.3,30.9,26.5,77,7.716,47
1997-02-17,1997-02-17,0.0,31,26.5,80,5.144,48
1997-02-18,1997-02-18,0.6,33.1,25.3,75,0,49
1997-02-19,1997-02-19,0.9,31.5,25.8,85,5.144,50
1997-02-20,1997-02-20,1.8,32.5,24.8,83,0,51
1997-02-21,1997-02-21,68.8,31,24.4,73,0,52
1997-02-22,1997-02-22,0.2,30.7,24.4,82,2.572,53
1997-02-23,1997-02-23,0.0,31,26,75,0,54
1997-02-24,1997-02-24,0.0,31.1,24.4,68,0,55
1997-02-25,1997-02-25,20.2,32,24,76,0,56
1997-02-26,1997-02-26,0.0,29.7,24.4,86,0,57
1997-02-27,1997-02-27,0.0,31,24,75,0,58
1997-02-28,1997-02-28,0.0,31.5,25,70,0,59
1997-03-01,1997-03-01,0.0,31.7,26,70,2.572,60
1997-03-02,1997-03-02,8.7,32,25,78,0,61
1997-03-03,1997-03-03,2.4,31.5,25.4,77,2.572,62
1997-03-04,1997-03-04,2.2,31.5,25.2,77,2.572,63
1997-03-05,1997-03-05,19.8,27,25.8,84,7.2016,64
1997-03-06,1997-03-06,77.7,26.9,24.7,82,7.716,65
1997-03-07,1997-03-07,80.9,29,22.5,91,10.288,66
1997-03-08,1997-03-08,49.5,32.1,24.4,75,5.144,67
1997-03-09,1997-03-09,3.2,29.5,26,88,9.2592,68
1997-03-10,1997-03-10,0.0,32.3,25.5,81,5.144,69
1997-03-11,1997-03-11,3.0,31.6,25.5,80,0,70
1997-03-12,1997-03-12,0.6,31.5,25,75,0,71
1997-03-13,1997-03-13,0.0,31,26.5,83,3.6008,72
1997-03-14,1997-03-14,1.4,30.2,26.5,74,7.716,73
1997-03-15,1997-03-15,0.6,29.9,26.2,76,7.716,74
1997-03-16,1997-03-16,0.0,32.1,25.9,75,2.572,75
1997-03-17,1997-03-17,0.0,32,26.1,79,4.1152,76
1997-03-18,1997-03-18,0.0,32,24.8,82,2.572,77
1997-03-19,1997-03-19,0.3,31,25.8,82,0,78
1997-03-20,1997-03-20,24.0,30.8,25.6,81,5.144,79
1997-03-21,1997-03-21,14.6,28.5,25,95,7.716,80
1997-03-22,1997-03-22,0.0,29.7,25.3,74,7.716,81
1997-03-23,1997-03-23,0.0,29.9,25.8,61,5.144,82
1997-03-24,1997-03-24,0.0,30,24.4,67,2.572,83
1997-03-25,1997-03-25,0.0,29.7,23,57,3.6008,84
1997-03-26,1997-03-26,0.0,30,24.5,67,2.572,85
1997-03-27,1997-03-27,2.3,30,24.5,78,0,86
1997-03-28,1997-03-28,0.0,30,24,73,3.6008,87
1997-03-29,1997-03-29,0.0,31,25.5,68,0,88
1997-03-30,1997-03-30,0.2,31,25.4,75,0,89
1997-03-31,1997-03-31,24.0,31.1,25.2,74,2.572,90
1997-04-01,1997-04-01,2.5,29.8,25,84,6.1728,91
1997-04-02,1997-04-02,11.6,29.6,25.2,75,5.144,92
1997-04-03,1997-04-03,4.5,28.5,23.7,84,2.572,93
1997-04-04,1997-04-04,0.2,29.5,25.5,69,7.716,94
1997-04-05,1997-04-05,0.1,29.5,25.5,72,5.144,95
1997-04-06,1997-04-06,6.5,29.6,25.9,74,7.716,96
1997-04-07,1997-04-07,0.1,29,24.9,81,0,97
1997-04-08,1997-04-08,6.0,30.7,25.1,71,4.1152,98
1997-04-09,1997-04-09,0.0,31.1,25,82,0,99
1997-04-10,1997-04-10,0.0,30.5,24.5,80,2.572,100
1997-04-11,1997-04-11,44.4,31.7,24,82,2.572,101
1997-04-12,1997-04-12,11.7,27.5,22.7,94,5.144,102
1997-04-13,1997-04-13,32.2,28.7,23.5,81,0,103
1997-04-14,1997-04-14,10.1,27,23,84,5.144,104
1997-04-15,1997-04-15,4.3,26.1,23.3,95,0,105
1997-04-16,1997-04-16,22.9,28.5,24.1,80,0,106
1997-04-17,1997-04-17,11.7,27.5,24.2,96,0,107
1997-04-18,1997-04-18,10.5,27.4,24.1,88,7.716,108
1997-04-19,1997-04-19,16.5,29,25.2,81,2.572,109
1997-04-20,1997-04-20,30.0,28,23,83,4.1152,110
1997-04-21,1997-04-21,14.0,26,23.3,98,5.144,111
1997-04-22,1997-04-22,4.4,29.9,23,88,3.6008,112
1997-04-23,1997-04-23,9.2,26,23.5,90,10.288,113
1997-04-24,1997-04-24,0.4,27,23,87,6.6872,114
1997-04-25,1997-04-25,0.5,27.4,23.9,65,10.288,115
1997-04-26,1997-04-26,50.6,28.3,23.1,75,5.144,116
1997-04-27,1997-04-27,66.5,25.7,22.5,95,7.716,117
1997-04-28,1997-04-28,22.0,26.5,22.5,86,9.2592,118
1997-04-29,1997-04-29,12.0,27,23.5,96,7.716,119
1997-04-30,1997-04-30,50.9,27,23.1,84,6.1728,120
1997-05-01,1997-05-01,21.7,25.1,23,91,7.716,121
1997-05-02,1997-05-02,44.4,25.1,23.7,87,7.716,122
1997-05-03,1997-05-03,130.5,23.5,23,95,12.86,123
1997-05-04,1997-05-04,212.4,25.6,22,99,12.86,124
1997-05-05,1997-05-05,7.4,29.4,22,93,3.6008,125
1997-05-06,1997-05-06,0.0,30.5,24.1,79,6.1728,126
1997-05-07,1997-05-07,0.0,31,25.2,78,4.1152,127
1997-05-08,1997-05-08,11.5,30.5,24.5,84,0,128
1997-05-09,1997-05-09,5.2,30.1,23.5,83,5.144,129
1997-05-10,1997-05-10,0.0,30,24,80,2.572,130
1997-05-11,1997-05-11,0.0,27.5,23.3,80,2.572,131
1997-05-12,1997-05-12,0.0,27.6,22.8,73,2.572,132
1997-05-13,1997-05-13,0.0,28.1,21.7,86,0,133
1997-05-14,1997-05-14,0.6,27.4,21.8,83,0,134
1997-05-15,1997-05-15,0.5,27.8,23,83,2.572,135
1997-05-16,1997-05-16,0.0,28.5,24.2,82,5.144,136
1997-05-17,1997-05-17,5.0,28.5,23.5,78,3.6008,137
1997-05-18,1997-05-18,0.0,27.5,23,86,7.2016,138
1997-05-19,1997-05-19,3.4,25.6,23.1,76,7.716,139
1997-05-20,1997-05-20,0.5,26.6,22.1,72,7.716,140
1997-05-21,1997-05-21,0.3,27,20.6,71,5.144,141
1997-05-22,1997-05-22,2.2,26.6,21.7,62,6.1728,142
1997-05-23,1997-05-23,0.5,27.1,21.5,79,4.1152,143
1997-05-24,1997-05-24,4.4,27.2,22.9,68,5.144,144
1997-05-25,1997-05-25,0.5,27,23,85,2.572,145
1997-05-26,1997-05-26,0.0,27.6,23.9,70,5.144,146
1997-05-27,1997-05-27,0.0,28.4,24.4,81,5.144,147
1997-05-28,1997-05-28,0.0,28,24.4,81,2.572,148
1997-05-29,1997-05-29,1.5,27.5,24.6,76,3.6008,149
1997-05-30,1997-05-30,0.0,25.5,22.5,72,10.288,150
1997-05-31,1997-05-31,0.0,25.5,23,63,6.1728,151
1997-06-01,1997-06-01,0.0,27.5,21.5,61,2.572,152
1997-06-02,1997-06-02,0.0,28.5,22.2,65,0,153
1997-06-03,1997-06-03,7.5,29.9,22.4,77,0,154
1997-06-04,1997-06-04,10.1,25.5,22.5,78,7.716,155
1997-06-05,1997-06-05,0.0,25.7,21.5,67,5.144,156
1997-06-06,1997-06-06,0.0,25.9,22.6,64,5.144,157
1997-06-07,1997-06-07,3.8,26.2,22.8,65,6.1728,158
1997-06-08,1997-06-08,1.9,26,21,95,9.2592,159
1997-06-09,1997-06-09,0.0,26,21.9,64,9.2592,160
1997-06-10,1997-06-10,3.1,26.7,23.5,65,7.716,161
1997-06-11,1997-06-11,1.7,27.2,22.5,82,9.2592,162
1997-06-12,1997-06-12,3.1,27.2,22.5,80,9.2592,163
1997-06-13,1997-06-13,0.5,26.4,23,78,9.2592,164
1997-06-14,1997-06-14,4.4,27.2,23,80,10.288,165
1997-06-15,1997-06-15,0.0,26.2,22.5,79,10.288,166
1997-06-16,1997-06-16,0.0,25.4,22,70,9.2592,167
1997-06-17,1997-06-17,0.0,26.5,22.6,61,5.144,168
1997-06-18,1997-06-18,0.0,27.4,21.5,66,5.144,169
1997-06-19,1997-06-19,0.0,27.4,21.6,67,0,170
1997-06-20,1997-06-20,1.4,27,22.5,69,5.144,171
1997-06-21,1997-06-21,0.3,25.5,22.3,75,10.288,172
1997-06-22,1997-06-22,0.3,25.6,22,62,7.716,173
1997-06-23,1997-06-23,0.0,25.1,21.6,67,6.1728,174
1997-06-24,1997-06-24,0.0,26,22.5,63,7.716,175
1997-06-25,1997-06-25,4.4,26.7,23,72,7.716,176
1997-06-26,1997-06-26,0.5,26.1,22.5,83,6.1728,177
1997-06-27,1997-06-27,0.1,26.7,23.1,76,7.716,178
1997-06-28,1997-06-28,0.3,26,22.5,79,6.1728,179
1997-06-29,1997-06-29,0.0,26,22.9,62,7.716,180
1997-06-30,1997-06-30,0.0,27,21.8,73,0,181
1997-07-01,1997-07-01,0.0,27.6,20.2,79,0,182
1997-07-02,1997-07-02,0.0,28,20.2,82,2.572,183
1997-07-03,1997-07-03,1.7,27.9,20.7,79,2.572,184
1997-07-04,1997-07-04,0.0,27.5,23,83,5.144,185
1997-07-05,1997-07-05,0.0,27.7,24,76,5.144,186
1997-07-06,1997-07-06,1.7,27.3,23.9,81,7.716,187
1997-07-07,1997-07-07,5.8,26.7,22.2,78,7.716,188
1997-07-08,1997-07-08,0.0,28,22.7,88,1.0288,189
1997-07-09,1997-07-09,0.0,28,21.7,86,0,190
1997-07-10,1997-07-10,0.0,26.2,22.5,87,4.1152,191
1997-07-11,1997-07-11,0.0,26.9,22.1,82,0,192
1997-07-12,1997-07-12,2.0,25.2,22.8,74,5.144,193
1997-07-13,1997-07-13,0.3,25.1,22.1,76,7.716,194
1997-07-14,1997-07-14,0.0,26,22.3,89,2.572,195
1997-07-15,1997-07-15,0.0,29.2,22.4,85,2.572,196
1997-07-16,1997-07-16,1.0,26.7,20.5,82,2.572,197
1997-07-17,1997-07-17,0.0,24.9,21,63,9.2592,198
1997-07-18,1997-07-18,0.0,25,20.5,56,4.1152,199
1997-07-19,1997-07-19,1.0,25.1,21.7,71,7.716,200
1997-07-20,1997-07-20,0.2,24,20,80,4.1152,201
1997-07-21,1997-07-21,2.1,23,19.9,70,9.2592,202
1997-07-22,1997-07-22,1.1,23,19.5,89,7.716,203
1997-07-23,1997-07-23,11.5,24,20,71,5.144,204
1997-07-24,1997-07-24,35.8,22,20.5,95,6.1728,205
1997-07-25,1997-07-25,40.6,23,20.4,89,9.2592,206
1997-07-26,1997-07-26,3.8,23.7,20,86,7.716,207
1997-07-27,1997-07-27,2.2,23.1,20,82,7.716,208
1997-07-28,1997-07-28,9.8,23.9,20.7,85,10.288,209
1997-07-29,1997-07-29,0.0,25.5,21.2,84,9.2592,210
1997-07-30,1997-07-30,10.9,24.7,22.3,86,7.716,211
1997-07-31,1997-07-31,1.5,25.6,22.3,80,7.716,212
1997-08-01,1997-08-01,17.2,30.5,22.4,86,0,213
1997-08-02,1997-08-02,0.2,26,23,94,5.144,214
1997-08-03,1997-08-03,0.0,25.6,22,72,2.572,215
1997-08-04,1997-08-04,0.0,24.9,21.2,67,5.144,216
1997-08-05,1997-08-05,1.0,24.9,21.8,62,9.2592,217
1997-08-06,1997-08-06,1.8,24.5,20.5,90,10.288,218
1997-08-07,1997-08-07,48.5,25.4,21,84,0,219
1997-08-08,1997-08-08,1.5,25.4,20.8,92,5.144,220
1997-08-09,1997-08-09,0.2,25,22,85,10.288,221
1997-08-10,1997-08-10,0.0,24.9,22,75,10.288,222
1997-08-11,1997-08-11,0.0,26.4,22.2,70,7.716,223
1997-08-12,1997-08-12,0.0,26.5,22.2,83,2.572,224
1997-08-13,1997-08-13,0.0,27.5,23.5,80,5.144,225
1997-08-14,1997-08-14,1.7,29.8,23.2,74,2.572,226
1997-08-15,1997-08-15,10.6,26.7,22.5,88,2.572,227
1997-08-16,1997-08-16,3.1,27.5,22.1,94,0,228
1997-08-17,1997-08-17,53.2,24.7,22,95,0,229
1997-08-18,1997-08-18,0.0,24.4,21,81,9.2592,230
1997-08-19,1997-08-19,0.0,25,21.5,67,5.144,231
1997-08-20,1997-08-20,0.0,25.5,20.5,67,5.144,232
1997-08-21,1997-08-21,0.0,24.7,21.5,82,6.1728,233
1997-08-22,1997-08-22,0.0,24.6,21.4,82,5.144,234
1997-08-23,1997-08-23,0.0,24.1,21.4,54,6.1728,235
1997-08-24,1997-08-24,0.0,25,20.5,53,5.144,236
1997-08-25,1997-08-25,0.0,24,19.5,59,7.716,237
1997-08-26,1997-08-26,0.0,24.5,20.9,67,5.144,238
1997-08-27,1997-08-27,1.7,25.5,21.6,67,7.716,239
1997-08-28,1997-08-28,0.4,24,20.6,93,7.716,240
1997-08-29,1997-08-29,1.6,24.6,22.4,81,10.288,241
1997-08-30,1997-08-30,0.7,24.4,20.6,74,7.716,242
1997-08-31,1997-08-31,9.1,23.6,20.6,86,7.716,243
1997-09-01,1997-09-01,0.0,24.4,19.6,70,9.2592,244
1997-09-02,1997-09-02,0.0,23.5,21,49,10.288,245
1997-09-03,1997-09-03,0.0,24.5,20.6,54,9.2592,246
1997-09-04,1997-09-04,0.0,25.5,21.5,67,6.1728,247
1997-09-05,1997-09-05,0.0,27,21.5,71,4.1152,248
1997-09-06,1997-09-06,0.0,27,22,79,5.144,249
1997-09-07,1997-09-07,0.0,27.2,23,88,5.144,250
1997-09-08,1997-09-08,0.0,29,22.3,75,0,251
1997-09-09,1997-09-09,2.9,29,22.4,84,0,252
1997-09-10,1997-09-10,0.6,24.5,23,89,7.716,253
1997-09-11,1997-09-11,15.5,23,21.1,78,9.2592,254
1997-09-12,1997-09-12,28.4,22.9,19.6,90,9.2592,255
1997-09-13,1997-09-13,48.3,21.7,19.1,99,7.716,256
1997-09-14,1997-09-14,6.5,21.5,20,100,9.2592,257
1997-09-15,1997-09-15,4.7,22.5,20,91,9.2592,258
1997-09-16,1997-09-16,7.7,23.3,20,85,10.288,259
1997-09-17,1997-09-17,1.7,23.7,19.9,94,10.288,260
1997-09-18,1997-09-18,1.6,25,20.5,82,9.2592,261
1997-09-19,1997-09-19,0.0,26,22.5,88,6.1728,262
1997-09-20,1997-09-20,0.0,24.6,22,83,7.716,263
1997-09-21,1997-09-21,0.0,24.6,21.5,71,6.1728,264
1997-09-22,1997-09-22,0.0,25,21.6,65,9.2592,265
1997-09-23,1997-09-23,0.0,26.1,21.5,71,9.2592,266
1997-09-24,1997-09-24,4.0,24.6,22.5,79,7.716,267
1997-09-25,1997-09-25,3.3,24.6,21.5,95,7.716,268
1997-09-26,1997-09-26,0.2,25.6,22,62,9.2592,269
1997-09-27,1997-09-27,0.0,26,22,77,7.716,270
1997-09-28,1997-09-28,0.2,26,21.3,67,6.1728,271
1997-09-29,1997-09-29,0.0,25.5,21.3,67,7.716,272
1997-09-30,1997-09-30,0.0,27,22.1,72,5.144,273
1997-10-01,1997-10-01,0.0,28.1,22.1,71,6.1728,274
1997-10-02,1997-10-02,3.5,26.4,22.9,71,10.288,275
1997-10-03,1997-10-03,10.9,24.6,21.4,78,9.2592,276
1997-10-04,1997-10-04,2.7,25.6,22,90,10.288,277
1997-10-05,1997-10-05,0.0,26,22,81,11.8312,278
1997-10-06,1997-10-06,0.0,26.5,23,76,7.716,279
1997-10-07,1997-10-07,0.0,25.5,22,67,10.288,280
1997-10-08,1997-10-08,0.4,26,22.3,67,7.716,281
1997-10-09,1997-10-09,3.5,25.5,21.2,91,12.86,282
1997-10-10,1997-10-10,11.3,27,21,94,7.716,283
1997-10-11,1997-10-11,23.1,30,23.6,79,5.144,284
1997-10-12,1997-10-12,4.5,29.8,25,89,7.716,285
1997-10-13,1997-10-13,0.0,29,23.5,77,7.716,286
1997-10-14,1997-10-14,0.0,29.2,22.6,77,2.572,287
1997-10-15,1997-10-15,0.0,26.5,22.3,76,5.144,288
1997-10-16,1997-10-16,0.0,25.9,21.7,62,7.716,289
1997-10-17,1997-10-17,0.0,25.7,21.7,67,7.716,290
1997-10-18,1997-10-18,0.0,26.5,22.5,53,7.716,291
1997-10-19,1997-10-19,0.0,27.3,21.2,67,7.716,292
1997-10-20,1997-10-20,0.0,27.5,23,62,7.716,293
1997-10-21,1997-10-21,2.6,27.5,23,82,7.716,294
1997-10-22,1997-10-22,0.0,29.6,24.4,90,4.1152,295
1997-10-23,1997-10-23,1.2,29.5,24.5,75,4.1152,296
1997-10-24,1997-10-24,3.2,25.5,24,95,10.288,297
1997-10-25,1997-10-25,0.4,26.5,23.8,87,7.716,298
1997-10-26,1997-10-26,1.0,25.6,23.4,84,7.716,299
1997-10-27,1997-10-27,74.9,26,23.6,91,9.2592,300
1997-10-28,1997-10-28,20.5,28.8,23.5,97,5.144,301
1997-10-29,1997-10-29,2.8,29.6,23.5,79,2.572,302
1997-10-30,1997-10-30,0.3,31.6,25,78,6.1728,303
1997-10-31,1997-10-31,2.6,31.9,23,86,2.572,304
1997-11-01,1997-11-01,0.7,31.6,24,79,3.6008,305
1997-11-02,1997-11-02,0.0,30.2,24.4,78,3.6008,306
1997-11-03,1997-11-03,4.0,28,24.6,84,7.716,307
1997-11-04,1997-11-04,0.0,27,22.7,74,7.716,308
1997-11-05,1997-11-05,6.0,26,23.4,78,7.716,309
1997-11-06,1997-11-06,20.6,27.5,23.8,96,2.572,310
1997-11-07,1997-11-07,8.5,27.7,23.2,84,5.144,311
1997-11-08,1997-11-08,0.0,27.6,23.5,84,5.144,312
1997-11-09,1997-11-09,0.0,27.2,23.8,72,6.1728,313
1997-11-10,1997-11-10,0.0,28,23,65,5.144,314
1997-11-11,1997-11-11,0.0,27.2,23.5,72,10.288,315
1997-11-12,1997-11-12,0.0,27.5,23.5,65,6.1728,316
1997-11-13,1997-11-13,3.0,28.1,24.1,80,7.716,317
1997-11-14,1997-11-14,1.4,29,24.4,84,7.716,318
1997-11-15,1997-11-15,0.0,29,25.3,81,5.144,319
1997-11-16,1997-11-16,1.6,29,25.6,77,10.288,320
1997-11-17,1997-11-17,2.0,28.5,24.8,78,9.2592,321
1997-11-18,1997-11-18,30.4,29,24.9,85,5.144,322
1997-11-19,1997-11-19,0.0,28.7,24.2,88,7.716,323
1997-11-20,1997-11-20,0.0,28.5,25.1,76,7.716,324
1997-11-21,1997-11-21,0.0,28.1,24,79,2.572,325
1997-11-22,1997-11-22,0.2,29.5,23.5,67,5.144,326
1997-11-23,1997-11-23,0.0,28.5,25,91,7.716,327
1997-11-24,1997-11-24,0.0,28.1,24.7,73,9.2592,328
1997-11-25,1997-11-25,6.3,28.5,24.1,73,6.6872,329
1997-11-26,1997-11-26,0.2,28,24.4,69,7.716,330
1997-11-27,1997-11-27,3.5,28.5,23.2,77,7.716,331
1997-11-28,1997-11-28,1.5,28.6,24.1,77,5.144,332
1997-11-29,1997-11-29,0.1,29.4,24.7,79,5.144,333
1997-11-30,1997-11-30,0.0,28.9,25.3,77,9.2592,334
1997-12-01,1997-12-01,1.2,29.4,24.5,72,5.144,335
1997-12-02,1997-12-02,6.8,29,23.5,72,5.144,336
1997-12-03,1997-12-03,2.3,28.8,23,81,7.716,337
1997-12-04,1997-12-04,0.1,28.7,22.9,76,9.2592,338
1997-12-05,1997-12-05,0.0,28.5,24.8,76,7.2016,339
1997-12-06,1997-12-06,1.0,28.8,25,63,7.716,340
1997-12-07,1997-12-07,0.7,28.9,24.5,93,7.716,341
1997-12-08,1997-12-08,0.0,29,24,84,5.144,342
1997-12-09,1997-12-09,0.0,29.6,25.2,66,5.144,343
1997-12-10,1997-12-10,1.2,28.8,24.5,67,6.1728,344
1997-12-11,1997-12-11,0.0,29.5,23.8,73,4.1152,345
1997-12-12,1997-12-12,4.6,30.1,25,72,2.572,346
1997-12-13,1997-12-13,0.0,30.2,24,82,2.572,347
1997-12-14,1997-12-14,1.7,30.6,24.3,70,2.572,348
1997-12-15,1997-12-15,0.0,30.4,25,63,2.572,349
1997-12-16,1997-12-16,0.0,30,26.4,71,7.716,350
1997-12-17,1997-12-17,0.0,29.8,25,71,7.716,351
1997-12-18,1997-12-18,0.0,30.4,24.6,71,7.2016,352
1997-12-19,1997-12-19,0.0,31.1,24.9,78,5.6584,353
1997-12-20,1997-12-20,20.5,30.2,25.6,77,5.144,354
1997-12-21,1997-12-21,0.0,29.9,24.2,74,7.2016,355
1997-12-22,1997-12-22,2.6,29.3,25.7,77,8.2304,356
1997-12-23,1997-12-23,6.0,28.7,24,86,9.2592,357
1997-12-24,1997-12-24,6.0,29.8,23.7,78,7.2016,358
1997-12-25,1997-12-25,0.7,30.3,24.9,83,5.144,359
1997-12-26,1997-12-26,0.0,30.2,24.7,78,5.6584,360
1997-12-27,1997-12-27,0.6,30.6,26.2,75,5.6584,361
1997-12-28,1997-12-28,1.1,30.1,25.2,87,4.1152,362
1997-12-29,1997-12-29,0.2,31,26.1,81,10.288,363
1997-12-30,1997-12-30,8.9,31.2,24.3,69,1.0288,364
1997-12-31,1997-12-31,0.0,31.2,24.8,75,0,365
1998-01-01,1998-01-01,24.1,31.3,25.1,79,1.0288,1
1998-01-02,1998-01-02,1.6,31.2,25.4,77,0,2
1998-01-03,1998-01-03,0.5,31.2,26.2,81,1.5432,3
1998-01-04,1998-01-04,2.0,30.7,26.7,66,7.716,4
1998-01-05,1998-01-05,35.6,30.1,25.8,85,2.0576,5
1998-01-06,1998-01-06,14.2,31.8,24.9,80,0,6
1998-01-07,1998-01-07,12.2,32.9,24.3,81,2.572,7
1998-01-08,1998-01-08,42.8,30.6,24.5,77,15.432,8
1998-01-09,1998-01-09,15.2,31.2,25.2,88,4.6296,9
1998-01-10,1998-01-10,0.1,30,24.6,84,5.144,10
1998-01-11,1998-01-11,0.1,29.3,24.3,72,5.144,11
1998-01-12,1998-01-12,6.4,28.6,25.2,91,6.6872,12
1998-01-13,1998-01-13,2.1,29.6,23.9,77,8.7448,13
1998-01-14,1998-01-14,3.2,29.1,24.4,74,10.288,14
1998-01-15,1998-01-15,2.6,28.3,24.2,96,9.2592,15
1998-01-16,1998-01-16,0.0,29.2,24.5,90,5.144,16
1998-01-17,1998-01-17,4.8,30.1,25.7,82,4.6296,17
1998-01-18,1998-01-18,3.6,29.3,24.9,92,4.1152,18
1998-01-19,1998-01-19,0.0,30.6,25.7,85,5.144,19
1998-01-20,1998-01-20,0.3,31.4,25.1,85,4.1152,20
1998-01-21,1998-01-21,21.3,30,25.7,81,4.1152,21
1998-01-22,1998-01-22,3.0,30.9,23.8,76,6.1728,22
1998-01-23,1998-01-23,0.3,30.4,25.8,85,6.6872,23
1998-01-24,1998-01-24,0.0,30.3,25.6,79,7.716,24
1998-01-25,1998-01-25,0.0,30,25.7,79,6.1728,25
1998-01-26,1998-01-26,0.0,30.7,25.8,82,2.572,26
1998-01-27,1998-01-27,114.9,30.7,25.1,74,8.2304,27
1998-01-28,1998-01-28,33.3,27.4,24,87,4.1152,28
1998-01-29,1998-01-29,17.3,27.1,23.3,96,6.6872,29
1998-01-30,1998-01-30,3.8,29.2,23.5,80,9.2592,30
1998-01-31,1998-01-31,4.3,29.3,23.6,77,8.2304,31
1998-02-01,1998-02-01,0.0,29.4,24.6,70,7.716,32
1998-02-02,1998-02-02,7.5,28.9,25.1,69,5.144,33
1998-02-03,1998-02-03,0.0,29.8,23.6,75,9.2592,34
1998-02-04,1998-02-04,5.4,29.6,25.2,69,8.2304,35
1998-02-05,1998-02-05,0.0,29.7,22.8,77,2.572,36
1998-02-06,1998-02-06,6.8,29.3,25.5,70,5.144,37
1998-02-07,1998-02-07,0.2,29.2,23.2,67,3.6008,38
1998-02-08,1998-02-08,6.8,28.7,25.2,72,6.6872,39
1998-02-09,1998-02-09,29.5,29.8,25,93,2.572,40
1998-02-10,1998-02-10,0.0,31.1,24.9,79,0,41
1998-02-11,1998-02-11,9.0,30.2,25.6,78,5.144,42
1998-02-12,1998-02-12,0.9,30.1,25.2,85,3.6008,43
1998-02-13,1998-02-13,1.9,29.2,24.6,82,2.572,44
1998-02-14,1998-02-14,8.8,29.2,24.2,79,5.144,45
1998-02-15,1998-02-15,12.1,27.9,23.9,75,9.2592,46
1998-02-16,1998-02-16,0.0,29.1,23.9,77,8.7448,47
1998-02-17,1998-02-17,0.9,29.2,25.8,74,6.1728,48
1998-02-18,1998-02-18,1.6,29.9,25,76,7.2016,49
1998-02-19,1998-02-19,0.1,29.1,25.6,82,6.1728,50
1998-02-20,1998-02-20,0.1,30.6,25.9,81,3.0864,51
1998-02-21,1998-02-21,1.7,30,26.5,83,5.144,52
1998-02-22,1998-02-22,5.0,30.4,25.6,82,4.1152,53
1998-02-23,1998-02-23,0.0,29.9,24.6,77,6.1728,54
1998-02-24,1998-02-24,0.2,29.2,25.3,69,4.6296,55
1998-02-25,1998-02-25,0.0,29.9,25.1,79,5.144,56
1998-02-26,1998-02-26,0.0,29.6,24.6,72,6.1728,57
1998-02-27,1998-02-27,0.0,29.7,25.2,72,7.2016,58
1998-02-28,1998-02-28,0.0,29.2,24.8,67,5.6584,59
1998-03-01,1998-03-01,5.7,29.8,25.4,77,3.6008,60
1998-03-02,1998-03-02,31.3,30.1,25.4,85,0,61
1998-03-03,1998-03-03,0.7,28.7,22.6,90,3.0864,62
1998-03-04,1998-03-04,3.2,31.6,23.9,79,4.1152,63
1998-03-05,1998-03-05,25.9,31.6,25.7,79,5.144,64
1998-03-06,1998-03-06,13.4,32.6,27.1,83,0,65
1998-03-07,1998-03-07,2.0,29.6,26.1,98,5.144,66
1998-03-08,1998-03-08,2.1,31.2,26.1,92,3.0864,67
1998-03-09,1998-03-09,7.1,30.3,26.4,90,5.144,68
1998-03-10,1998-03-10,7.7,29.4,25.9,88,7.2016,69
1998-03-11,1998-03-11,0.7,29.6,25.1,88,5.144,70
1998-03-12,1998-03-12,0.1,30,25.1,84,0,71
1998-03-13,1998-03-13,0.0,31.1,25,78,0,72
1998-03-14,1998-03-14,3.8,31.4,24.8,76,3.0864,73
1998-03-15,1998-03-15,4.6,29.7,25.9,88,5.144,74
1998-03-16,1998-03-16,2.8,30.2,26.2,88,6.1728,75
1998-03-17,1998-03-17,5.3,29,26.4,91,3.6008,76
1998-03-18,1998-03-18,0.0,29.2,25.2,70,7.716,77
1998-03-19,1998-03-19,0.0,30,25.5,76,7.716,78
1998-03-20,1998-03-20,0.0,30.1,25.5,75,5.144,79
1998-03-21,1998-03-21,0.0,30.2,26,79,4.1152,80
1998-03-22,1998-03-22,0.1,30.9,24.7,73,0,81
1998-03-23,1998-03-23,28.3,31.4,23.9,76,0,82
1998-03-24,1998-03-24,70.2,29.6,24.4,81,5.144,83
1998-03-25,1998-03-25,2.8,29.7,25.2,76,5.144,84
1998-03-26,1998-03-26,0.0,29.7,24.6,80,5.6584,85
1998-03-27,1998-03-27,0.0,29.9,25,75,6.6872,86
1998-03-28,1998-03-28,0.0,29.5,26.6,77,7.716,87
1998-03-29,1998-03-29,0.7,29.3,25.2,67,7.716,88
1998-03-30,1998-03-30,0.8,29.4,23.7,72,3.6008,89
1998-03-31,1998-03-31,4.1,29.2,24.9,70,2.572,90
1998-04-01,1998-04-01,0.5,29.3,22.6,74,7.716,91
1998-04-02,1998-04-02,0.6,28.9,24.8,71,6.6872,92
1998-04-03,1998-04-03,0.0,29,25,75,7.2016,93
1998-04-04,1998-04-04,1.6,29.7,24.6,67,5.6584,94
1998-04-05,1998-04-05,0.6,29.3,24.2,74,5.6584,95
1998-04-06,1998-04-06,3.0,28.6,25.3,81,2.572,96
1998-04-07,1998-04-07,3.0,29.9,24.7,77,2.572,97
1998-04-08,1998-04-08,0.0,29.3,24.2,75,5.144,98
1998-04-09,1998-04-09,0.7,29.6,24,74,3.6008,99
1998-04-10,1998-04-10,20.8,29.4,24.6,72,6.1728,100
1998-04-11,1998-04-11,0.2,29.6,24.2,80,6.1728,101
1998-04-12,1998-04-12,5.9,29.2,24.8,71,8.2304,102
1998-04-13,1998-04-13,0.0,29.1,23.7,72,8.7448,103
1998-04-14,1998-04-14,0.3,29.1,25.2,77,7.716,104
1998-04-15,1998-04-15,0.0,29.2,24.8,81,5.144,105
1998-04-16,1998-04-16,4.5,29.2,25.3,78,7.716,106
1998-04-17,1998-04-17,0.0,29.1,23.6,76,5.144,107
1998-04-18,1998-04-18,0.2,29.7,24.2,77,3.0864,108
1998-04-19,1998-04-19,2.3,29.7,24.2,78,1.5432,109
1998-04-20,1998-04-20,0.0,29.2,24.9,72,5.144,110
1998-04-21,1998-04-21,3.5,28.9,24.7,79,5.6584,111
1998-04-22,1998-04-22,13.0,28.7,25.2,92,3.0864,112
1998-04-23,1998-04-23,0.4,28.7,24.7,78,6.1728,113
1998-04-24,1998-04-24,0.5,28.7,23.8,80,4.6296,114
1998-04-25,1998-04-25,4.9,28.9,23.9,72,3.6008,115
1998-04-26,1998-04-26,0.0,28.8,23.3,88,3.0864,116
1998-04-27,1998-04-27,0.0,29.2,24.6,71,5.144,117
1998-04-28,1998-04-28,0.5,28.3,25.1,73,3.6008,118
1998-04-29,1998-04-29,1.1,28.7,24.2,74,5.144,119
1998-04-30,1998-04-30,1.1,28.6,23.3,73,6.6872,120
1998-05-01,1998-05-01,2.1,28.4,23.7,71,6.6872,121
1998-05-02,1998-05-02,8.6,27.6,23.3,84,6.6872,122
1998-05-03,1998-05-03,0.5,28.1,24,69,5.6584,123
1998-05-04,1998-05-04,0.0,28.6,23.5,69,7.2016,124
1998-05-05,1998-05-05,3.6,28.3,24.4,66,4.6296,125
1998-05-06,1998-05-06,0.0,27.8,23.3,72,7.716,126
1998-05-07,1998-05-07,0.2,28.3,24,72,5.144,127
1998-05-08,1998-05-08,4.2,27.7,23.3,72,5.144,128
1998-05-09,1998-05-09,0.0,29.6,21.8,74,0,129
1998-05-10,1998-05-10,0.0,29.1,23.9,63,2.572,130
1998-05-11,1998-05-11,0.0,30,22.2,71,0,131
1998-05-12,1998-05-12,1.3,30,22.6,76,0,132
1998-05-13,1998-05-13,2.0,27.6,23.9,87,2.572,133
1998-05-14,1998-05-14,0.4,26.8,23.6,92,2.572,134
1998-05-15,1998-05-15,6.5,27.6,23.6,79,3.0864,135
1998-05-16,1998-05-16,0.0,27.2,22.6,75,10.288,136
1998-05-17,1998-05-17,0.0,26.9,24,58,11.3168,137
1998-05-18,1998-05-18,0.0,27.7,24.6,64,7.716,138
1998-05-19,1998-05-19,0.9,27.9,24.2,69,8.2304,139
1998-05-20,1998-05-20,0.0,27.7,22.9,76,5.144,140
1998-05-21,1998-05-21,0.5,26.9,23,72,5.144,141
1998-05-22,1998-05-22,0.0,27.2,23.4,91,10.288,142
1998-05-23,1998-05-23,0.0,28.8,23.2,81,0,143
1998-05-24,1998-05-24,0.0,28.8,22.4,82,0,144
1998-05-25,1998-05-25,0.0,28.3,23.7,86,4.1152,145
1998-05-26,1998-05-26,0.0,28.7,22.6,79,0,146
1998-05-27,1998-05-27,0.3,28.7,22.2,78,0,147
1998-05-28,1998-05-28,4.5,26.7,22.6,86,0,148
1998-05-29,1998-05-29,0.4,27.6,21.9,89,0,149
1998-05-30,1998-05-30,0.4,25,22.9,91,7.716,150
1998-05-31,1998-05-31,0.0,26.4,22.8,74,6.1728,151
1998-06-01,1998-06-01,0.6,26.8,24,70,7.716,152
1998-06-02,1998-06-02,0.2,27,21.6,72,7.2016,153
1998-06-03,1998-06-03,32.4,27.1,23.1,84,2.572,154
1998-06-04,1998-06-04,4.4,25.8,23.1,87,7.716,155
1998-06-05,1998-06-05,6.1,27.3,23.2,92,7.716,156
1998-06-06,1998-06-06,0.8,26.9,23.6,78,10.288,157
1998-06-07,1998-06-07,0.7,27.4,23.8,86,10.288,158
1998-06-08,1998-06-08,3.9,28.4,23.9,90,3.6008,159
1998-06-09,1998-06-09,0.0,27.3,23.7,81,4.1152,160
1998-06-10,1998-06-10,0.0,27.7,22.7,77,5.6584,161
1998-06-11,1998-06-11,0.0,27.3,23.2,84,3.0864,162
1998-06-12,1998-06-12,0.0,29.6,23.3,74,0,163
1998-06-13,1998-06-13,0.1,28.5,24.6,78,0,164
1998-06-14,1998-06-14,0.0,29.1,22.7,84,0,165
1998-06-15,1998-06-15,0.0,28.7,24.4,84,5.144,166
1998-06-16,1998-06-16,0.1,28.3,24.3,79,2.572,167
1998-06-17,1998-06-17,0.0,27.4,24.1,76,7.716,168
1998-06-18,1998-06-18,0.0,27.6,23.4,71,5.144,169
1998-06-19,1998-06-19,0.0,27.7,22.5,79,4.1152,170
1998-06-20,1998-06-20,1.1,26.4,22.2,88,0,171
1998-06-21,1998-06-21,0.0,29,21.9,81,0,172
1998-06-22,1998-06-22,0.0,26.6,22.2,60,3.0864,173
1998-06-23,1998-06-23,0.0,26.2,19.9,59,2.572,174
1998-06-24,1998-06-24,0.0,26.6,20,67,3.0864,175
1998-06-25,1998-06-25,0.0,26.3,22.4,82,4.1152,176
1998-06-26,1998-06-26,0.0,27.5,21.2,71,0,177
1998-06-27,1998-06-27,0.0,28.2,22.5,66,2.572,178
1998-06-28,1998-06-28,0.0,28,21.2,74,4.6296,179
1998-06-29,1998-06-29,0.0,26.7,22.9,75,4.1152,180
1998-06-30,1998-06-30,0.0,27.1,23,70,5.144,181
1998-07-01,1998-07-01,0.0,27.2,21.2,72,2.572,182
1998-07-02,1998-07-02,0.0,28.1,23.3,76,0,183
1998-07-03,1998-07-03,0.0,28.3,22.6,86,3.0864,184
1998-07-04,1998-07-04,0.2,26.7,22.6,72,2.572,185
1998-07-05,1998-07-05,0.0,27.2,21.9,79,3.0864,186
1998-07-06,1998-07-06,1.0,29.1,22.2,74,5.144,187
1998-07-07,1998-07-07,0.0,26.7,21.8,75,5.144,188
1998-07-08,1998-07-08,2.0,26,22,80,6.6872,189
1998-07-09,1998-07-09,0.3,26.6,20.9,68,9.2592,190
1998-07-10,1998-07-10,0.3,26,21,66,6.1728,191
1998-07-11,1998-07-11,0.0,25.8,20.4,68,4.1152,192
1998-07-12,1998-07-12,0.3,25.6,21.2,72,5.144,193
1998-07-13,1998-07-13,0.0,26.2,21.3,73,5.144,194
1998-07-14,1998-07-14,0.4,27.2,22.1,72,3.6008,195
1998-07-15,1998-07-15,0.0,27.1,22.9,76,4.1152,196
1998-07-16,1998-07-16,0.0,26.8,20,76,4.1152,197
1998-07-17,1998-07-17,0.0,28.1,20.4,82,0,198
1998-07-18,1998-07-18,0.0,27.4,22.5,71,2.0576,199
1998-07-19,1998-07-19,2.1,27.4,23.3,80,6.6872,200
1998-07-20,1998-07-20,0.1,27.4,22,81,4.1152,201
1998-07-21,1998-07-21,1.4,26,21.8,63,8.2304,202
1998-07-22,1998-07-22,0.0,25.6,19.9,69,10.288,203
1998-07-23,1998-07-23,2.8,25.8,21.9,47,7.716,204
1998-07-24,1998-07-24,0.0,25.2,20.3,58,6.6872,205
1998-07-25,1998-07-25,0.0,26.6,21,63,1.5432,206
1998-07-26,1998-07-26,0.0,28.2,21.9,75,4.1152,207
1998-07-27,1998-07-27,0.1,27.6,21.8,82,3.0864,208
1998-07-28,1998-07-28,0.0,27.6,23,77,1.0288,209
1998-07-29,1998-07-29,0.0,26.7,23.1,79,6.6872,210
1998-07-30,1998-07-30,0.0,26.6,22.6,65,5.6584,211
1998-07-31,1998-07-31,0.0,26.3,22.1,62,6.6872,212
1998-08-01,1998-08-01,0.0,26.6,21.2,61,6.1728,213
1998-08-02,1998-08-02,0.0,27.6,19.2,67,0,214
1998-08-03,1998-08-03,2.4,26.8,22.3,72,4.1152,215
1998-08-04,1998-08-04,0.1,26.6,22.6,93,6.1728,216
1998-08-05,1998-08-05,0.0,26.6,23.4,81,9.2592,217
1998-08-06,1998-08-06,0.0,27.7,23.8,74,7.716,218
1998-08-07,1998-08-07,2.4,27.3,23.3,77,5.6584,219
1998-08-08,1998-08-08,0.1,26.4,22.6,88,3.6008,220
1998-08-09,1998-08-09,0.0,27.3,23.7,81,7.716,221
1998-08-10,1998-08-10,0.1,26.8,22.8,73,8.2304,222
1998-08-11,1998-08-11,0.0,27.6,22.6,70,7.2016,223
1998-08-12,1998-08-12,0.0,28.2,22.6,73,1.5432,224
1998-08-13,1998-08-13,0.0,27.3,21.2,78,2.572,225
1998-08-14,1998-08-14,0.0,27.7,22.7,85,6.1728,226
1998-08-15,1998-08-15,0.0,27.3,23.2,69,6.6872,227
1998-08-16,1998-08-16,0.0,27.3,23.6,73,9.2592,228
1998-08-17,1998-08-17,0.0,27.4,23.3,71,3.6008,229
1998-08-18,1998-08-18,0.0,27.9,23.5,70,5.144,230
1998-08-19,1998-08-19,0.1,27.3,21.8,81,0,231
1998-08-20,1998-08-20,0.0,27.6,22.8,85,6.1728,232
1998-08-21,1998-08-21,1.3,27.5,23,79,6.6872,233
1998-08-22,1998-08-22,0.0,25.6,21.3,75,7.716,234
1998-08-23,1998-08-23,0.3,26.1,21.8,78,7.716,235
1998-08-24,1998-08-24,2.0,26.1,21.4,81,5.144,236
1998-08-25,1998-08-25,9.2,25,20.7,85,7.2016,237
1998-08-26,1998-08-26,0.0,26.2,19.9,73,5.144,238
1998-08-27,1998-08-27,0.0,25.8,21.9,83,8.2304,239
1998-08-28,1998-08-28,0.0,27.2,21.5,69,5.144,240
1998-08-29,1998-08-29,0.0,27.3,22.6,70,5.144,241
1998-08-30,1998-08-30,0.0,28.9,21.6,77,0,242
1998-08-31,1998-08-31,0.0,26.4,21.1,76,5.144,243
1998-09-01,1998-09-01,0.0,27.1,22.1,79,5.144,244
1998-09-02,1998-09-02,13.2,26.7,22.4,84,6.1728,245
1998-09-03,1998-09-03,2.5,28.2,22.1,90,3.0864,246
1998-09-04,1998-09-04,0.0,28.2,21.2,81,5.144,247
1998-09-05,1998-09-05,0.0,25.9,21.2,67,9.2592,248
1998-09-06,1998-09-06,0.0,26.8,22,67,8.2304,249
1998-09-07,1998-09-07,0.0,26.9,22.4,67,4.1152,250
1998-09-08,1998-09-08,0.0,26.9,21.8,70,5.6584,251
1998-09-09,1998-09-09,1.0,26.7,22.7,66,7.716,252
1998-09-10,1998-09-10,0.2,26.6,21.3,68,8.2304,253
1998-09-11,1998-09-11,0.5,27.3,22.5,66,5.144,254
1998-09-12,1998-09-12,0.0,26.5,21.6,67,9.2592,255
1998-09-13,1998-09-13,0.0,27.1,22.6,71,7.716,256
1998-09-14,1998-09-14,0.0,26.8,23.2,73,9.2592,257
1998-09-15,1998-09-15,0.0,27.3,23.1,77,7.716,258
1998-09-16,1998-09-16,3.4,27,23,84,5.6584,259
1998-09-17,1998-09-17,0.1,28.1,23.2,91,6.1728,260
1998-09-18,1998-09-18,0.3,29.2,24.1,74,6.1728,261
1998-09-19,1998-09-19,2.4,27.6,23.4,78,5.144,262
1998-09-20,1998-09-20,0.1,27.1,21.9,90,5.144,263
1998-09-21,1998-09-21,0.5,27.1,22.6,69,9.2592,264
1998-09-22,1998-09-22,0.4,26.8,22.4,79,7.2016,265
1998-09-23,1998-09-23,78.4,26.8,22.5,73,6.1728,266
1998-09-24,1998-09-24,17.4,24.8,21.2,92,8.7448,267
1998-09-25,1998-09-25,19.8,26.7,21.9,82,7.716,268
1998-09-26,1998-09-26,1.7,24.6,20.6,91,5.144,269
1998-09-27,1998-09-27,0.0,27.3,21.3,80,7.716,270
1998-09-28,1998-09-28,1.1,26.8,23.6,85,5.144,271
1998-09-29,1998-09-29,0.0,28.2,23.4,86,5.144,272
1998-09-30,1998-09-30,0.0,27.6,23.7,78,6.1728,273
1998-10-01,1998-10-01,1.4,27.4,23.4,80,7.716,274
1998-10-02,1998-10-02,0.2,27.9,23.4,83,6.1728,275
1998-10-03,1998-10-03,0.9,27.3,22.9,93,9.2592,276
1998-10-04,1998-10-04,0.4,28.4,23.7,80,5.144,277
1998-10-05,1998-10-05,1.6,28.4,24.2,79,5.144,278
1998-10-06,1998-10-06,0.0,28.1,24.4,88,5.144,279
1998-10-07,1998-10-07,0.0,27.2,24.5,78,10.288,280
1998-10-08,1998-10-08,0.0,27.4,24.1,82,8.7448,281
1998-10-09,1998-10-09,2.1,27.6,23.3,72,6.6872,282
1998-10-10,1998-10-10,0.0,27,22,62,8.7448,283
1998-10-11,1998-10-11,0.0,27.6,21.6,66,5.144,284
1998-10-12,1998-10-12,0.0,28,21.6,68,4.1152,285
1998-10-13,1998-10-13,0.0,27.1,23.1,67,4.1152,286
1998-10-14,1998-10-14,2.2,28.3,21,63,2.572,287
1998-10-15,1998-10-15,10.1,28.9,24.2,90,5.144,288
1998-10-16,1998-10-16,20.7,29.2,23.7,77,1.5432,289
1998-10-17,1998-10-17,1.3,29.3,23.7,84,3.6008,290
1998-10-18,1998-10-18,0.0,29.8,23.7,74,4.1152,291
1998-10-19,1998-10-19,4.9,27.2,24.6,91,4.1152,292
1998-10-20,1998-10-20,0.0,28.6,22.7,84,0,293
1998-10-21,1998-10-21,0.0,28.4,23.5,82,4.1152,294
1998-10-22,1998-10-22,9.0,28.2,24.4,82,6.1728,295
1998-10-23,1998-10-23,0.3,28.1,23.1,82,7.716,296
1998-10-24,1998-10-24,0.0,28.8,23.6,74,5.144,297
1998-10-25,1998-10-25,1.3,27.9,24.4,72,5.144,298
1998-10-26,1998-10-26,0.2,28.2,23.6,94,6.6872,299
1998-10-27,1998-10-27,1.2,28.1,24.2,77,9.2592,300
1998-10-28,1998-10-28,0.0,28.4,24.1,74,5.144,301
1998-10-29,1998-10-29,0.0,27.5,23.6,64,7.2016,302
1998-10-30,1998-10-30,0.0,29.2,22.1,54,5.144,303
1998-10-31,1998-10-31,0.0,30.7,23.2,63,4.1152,304
1998-11-01,1998-11-01,0.0,30.5,22.7,69,3.6008,305
1998-11-02,1998-11-02,0.0,29.9,24.6,71,4.1152,306
1998-11-03,1998-11-03,0.0,29.4,24.4,69,6.6872,307
1998-11-04,1998-11-04,0.0,30.4,23.6,70,4.1152,308
1998-11-05,1998-11-05,4.0,31.1,24.6,70,2.572,309
1998-11-06,1998-11-06,6.0,30.2,25.1,76,3.0864,310
1998-11-07,1998-11-07,3.1,30.4,24.5,81,4.1152,311
1998-11-08,1998-11-08,0.0,31,23.1,73,2.572,312
1998-11-09,1998-11-09,0.0,30.3,25,76,5.6584,313
1998-11-10,1998-11-10,1.3,30.3,25.1,78,2.572,314
1998-11-11,1998-11-11,17.4,31,25,78,5.144,315
1998-11-12,1998-11-12,8.7,29,24.4,93,2.572,316
1998-11-13,1998-11-13,0.0,28.9,23.1,83,0,317
1998-11-14,1998-11-14,1.0,31.8,23.9,78,0,318
1998-11-15,1998-11-15,3.3,32,24.1,80,0,319
1998-11-16,1998-11-16,2.4,29.4,24.2,86,2.572,320
1998-11-17,1998-11-17,22.9,30.4,22.4,82,2.572,321
1998-11-18,1998-11-18,0.0,32.8,22.9,80,0,322
1998-11-19,1998-11-19,0.2,32.2,24.4,76,3.6008,323
1998-11-20,1998-11-20,0.0,32.8,25.2,78,0,324
1998-11-21,1998-11-21,0.0,32.6,25.3,73,0,325
1998-11-22,1998-11-22,0.0,31.2,25.9,82,5.144,326
1998-11-23,1998-11-23,1.5,30.2,25.1,76,5.144,327
1998-11-24,1998-11-24,0.0,29.8,25.9,76,6.1728,328
1998-11-25,1998-11-25,3.1,31.2,26.1,73,6.1728,329
1998-11-26,1998-11-26,0.3,30.4,26.2,82,4.1152,330
1998-11-27,1998-11-27,2.4,32.2,25.7,72,3.6008,331
1998-11-28,1998-11-28,0.0,31.8,25.1,74,0,332
1998-11-29,1998-11-29,0.0,32.3,25.1,80,2.572,333
1998-11-30,1998-11-30,0.0,31.6,26.7,73,4.1152,334
1998-12-01,1998-12-01,30.3,31.6,27.1,75,7.716,335
1998-12-02,1998-12-02,4.7,31.1,25.4,82,5.144,336
1998-12-03,1998-12-03,0.0,31,24.6,78,6.6872,337
1998-12-04,1998-12-04,0.0,31.5,26.4,71,4.1152,338
1998-12-05,1998-12-05,0.0,31.9,25.6,65,0,339
1998-12-06,1998-12-06,0.0,31.1,25.2,67,0,340
1998-12-07,1998-12-07,0.0,30.8,25.5,74,4.1152,341
1998-12-08,1998-12-08,0.5,31.1,27.1,68,7.716,342
1998-12-09,1998-12-09,3.5,30.7,26.5,73,5.144,343
1998-12-10,1998-12-10,20.0,31.2,26,75,5.144,344
1998-12-11,1998-12-11,25.7,29.2,23.8,79,2.572,345
1998-12-12,1998-12-12,0.6,30.4,23.4,80,2.572,346
1998-12-13,1998-12-13,1.9,30.4,25.3,78,5.144,347
1998-12-14,1998-12-14,0.0,30.4,24.9,81,3.0864,348
1998-12-15,1998-12-15,8.5,31.2,24,69,5.144,349
1998-12-16,1998-12-16,0.0,30.8,23.4,69,2.0576,350
1998-12-17,1998-12-17,7.1,30.4,26.1,71,4.1152,351
1998-12-18,1998-12-18,4.2,32.4,24,80,0,352
1998-12-19,1998-12-19,1.9,31.8,24.3,80,0,353
1998-12-20,1998-12-20,3.2,31.3,24,71,2.572,354
1998-12-21,1998-12-21,0.0,31.3,25.4,79,4.6296,355
1998-12-22,1998-12-22,0.0,31.2,26.4,77,5.144,356
1998-12-23,1998-12-23,0.0,30.8,27,74,6.6872,357
1998-12-24,1998-12-24,11.5,30.3,27.2,76,5.144,358
1998-12-25,1998-12-25,0.0,32.3,25.7,78,3.6008,359
1998-12-26,1998-12-26,3.3,32.7,26.5,79,2.0576,360
1998-12-27,1998-12-27,14.2,32,25.4,79,5.144,361
1998-12-28,1998-12-28,6.0,32.1,24.6,84,1.5432,362
1998-12-29,1998-12-29,0.0,32.8,25.3,78,6.6872,363
1998-12-30,1998-12-30,25.7,32.7,26.4,75,5.144,364
1998-12-31,1998-12-31,12.0,28.4,23.9,78,5.144,365
1999-01-01,1999-01-01,6.7,28.9,23.1,84,0,1
1999-01-02,1999-01-02,23.1,28.7,24.7,84,2.572,2
1999-01-03,1999-01-03,2.6,28.6,24,84,1.5432,3
1999-01-04,1999-01-04,0.0,31.4,23.8,82,0,4
1999-01-05,1999-01-05,3.9,30.7,24.2,74,3.0864,5
1999-01-06,1999-01-06,1.4,30.4,23.3,81,3.0864,6
1999-01-07,1999-01-07,0.0,31.1,26,75,3.0864,7
1999-01-08,1999-01-08,0.0,31,25.4,81,2.572,8
1999-01-09,1999-01-09,0.0,31.2,25.6,75,0,9
1999-01-10,1999-01-10,1.0,31,24.9,74,2.0576,10
1999-01-11,1999-01-11,1.5,31.2,25.2,80,0,11
1999-01-12,1999-01-12,59.6,31.4,24.9,67,2.0576,12
1999-01-13,1999-01-13,1.1,29.4,24.4,81,2.572,13
1999-01-14,1999-01-14,0.0,30.1,25.4,72,4.1152,14
1999-01-15,1999-01-15,0.0,31.1,24.9,69,5.144,15
1999-01-16,1999-01-16,0.0,30.3,23.7,66,0,16
1999-01-17,1999-01-17,30.9,32.8,24.2,72,0,17
1999-01-18,1999-01-18,46.1,32.7,24.4,95,7.716,18
1999-01-19,1999-01-19,28.2,26.8,23.4,95,0,19
1999-01-20,1999-01-20,6.0,31.1,22.5,74,0,20
1999-01-21,1999-01-21,0.0,31.1,23.2,82,0,21
1999-01-22,1999-01-22,0.1,30.7,23.8,79,0,22
1999-01-23,1999-01-23,3.9,30.5,24.5,75,0,23
1999-01-24,1999-01-24,9.7,30.4,23.8,77,0,24
1999-01-25,1999-01-25,10.9,30.7,22.8,86,0,25
1999-01-26,1999-01-26,0.5,30.2,23.1,88,2.572,26
1999-01-27,1999-01-27,42.0,29.4,23.6,84,3.0864,27
1999-01-28,1999-01-28,4.9,29.9,23.2,86,5.6584,28
1999-01-29,1999-01-29,8.3,30.7,23.8,69,0,29
1999-01-30,1999-01-30,11.1,30.8,23.6,73,3.0864,30
1999-01-31,1999-01-31,0.7,30.9,24.5,82,0,31
1999-02-01,1999-02-01,6.1,30.7,24.7,84,5.144,32
1999-02-02,1999-02-02,0.8,30.2,25,76,6.6872,33
1999-02-03,1999-02-03,0.8,30.8,24.5,78,2.572,34
1999-02-04,1999-02-04,0.0,31.1,24.4,78,2.572,35
1999-02-05,1999-02-05,0.0,30.3,26,73,5.144,36
1999-02-06,1999-02-06,11.7,29.9,24.8,81,3.6008,37
1999-02-07,1999-02-07,6.3,30.1,23.4,83,0,38
1999-02-08,1999-02-08,47.8,29.1,24,81,0,39
1999-02-09,1999-02-09,29.9,28.6,22.2,94,0,40
1999-02-10,1999-02-10,34.1,26.1,22.4,96,3.0864,41
1999-02-11,1999-02-11,23.4,27.7,22.3,97,5.6584,42
1999-02-12,1999-02-12,44.9,29.9,22.4,84,0,43
1999-02-13,1999-02-13,3.6,30.7,22.9,82,0,44
1999-02-14,1999-02-14,1.1,30.6,24.4,85,2.572,45
1999-02-15,1999-02-15,50.0,29.7,24.9,89,5.144,46
1999-02-16,1999-02-16,31.3,29.4,23.3,97,7.716,47
1999-02-17,1999-02-17,96.8,25.8,23,98,11.3168,48
1999-02-18,1999-02-18,16.3,29.4,23.8,96,12.86,49
1999-02-19,1999-02-19,22.0,31.7,25,85,3.0864,50
1999-02-20,1999-02-20,29.6,31.9,24.3,82,0,51
1999-02-21,1999-02-21,0.0,32.1,25.2,85,3.0864,52
1999-02-22,1999-02-22,6.5,32.1,24.5,88,0,53
1999-02-23,1999-02-23,0.2,31.2,23.2,78,0,54
1999-02-24,1999-02-24,0.3,30.5,24,90,0,55
1999-02-25,1999-02-25,0.4,29.9,24.8,70,6.1728,56
1999-02-26,1999-02-26,11.4,29.8,24.4,70,5.144,57
1999-02-27,1999-02-27,3.9,29,23.9,86,7.716,58
1999-02-28,1999-02-28,0.6,30.9,25.1,78,6.1728,59
1999-03-01,1999-03-01,0.6,30.1,25.1,76,3.0864,60
1999-03-02,1999-03-02,0.5,30.4,25.4,73,3.0864,61
1999-03-03,1999-03-03,0.0,31.4,24.2,81,0,62
1999-03-04,1999-03-04,42.6,29.9,23.1,76,0,63
1999-03-05,1999-03-05,24.6,30.5,24,78,3.0864,64
1999-03-06,1999-03-06,4.7,30.7,24.5,82,4.1152,65
1999-03-07,1999-03-07,0.7,31.6,24.2,73,3.0864,66
1999-03-08,1999-03-08,3.0,30.7,24.2,81,0,67
1999-03-09,1999-03-09,13.1,31.9,24.1,76,0,68
1999-03-10,1999-03-10,0.1,31,23.9,81,1.0288,69
1999-03-11,1999-03-11,4.0,30.7,24.9,73,0,70
1999-03-12,1999-03-12,3.3,30.6,24.3,83,2.572,71
1999-03-13,1999-03-13,0.7,30.2,25.4,78,5.6584,72
1999-03-14,1999-03-14,0.4,30.8,26.2,78,3.0864,73
1999-03-15,1999-03-15,0.0,31.4,25.6,77,3.6008,74
1999-03-16,1999-03-16,0.0,31.8,25.9,83,0,75
1999-03-17,1999-03-17,0.0,31.3,24.7,77,0,76
1999-03-18,1999-03-18,0.0,31.8,24,78,0,77
1999-03-19,1999-03-19,13.4,31.1,25.4,77,5.144,78
1999-03-20,1999-03-20,0.0,30.8,24.9,78,7.716,79
1999-03-21,1999-03-21,64.5,28.4,27.2,75,5.6584,80
1999-03-22,1999-03-22,38.8,30,22.3,95,0,81
1999-03-23,1999-03-23,0.0,30.4,23.2,85,3.6008,82
1999-03-24,1999-03-24,0.0,30.7,23.9,86,3.0864,83
1999-03-25,1999-03-25,7.6,31.1,23.8,77,0,84
1999-03-26,1999-03-26,6.5,30,24.3,73,0,85
1999-03-27,1999-03-27,21.1,31.2,24.8,78,5.6584,86
1999-03-28,1999-03-28,18.1,30.2,24,84,3.0864,87
1999-03-29,1999-03-29,2.4,30.4,24.3,84,5.6584,88
1999-03-30,1999-03-30,2.6,29.7,24.9,77,5.144,89
1999-03-31,1999-03-31,8.6,30.7,24.5,85,3.0864,90
1999-04-01,1999-04-01,29.2,30.7,24.2,77,0,91
1999-04-02,1999-04-02,0.2,31,23.7,81,2.572,92
1999-04-03,1999-04-03,36.5,31.1,25.6,78,3.6008,93
1999-04-04,1999-04-04,9.3,28.4,23.4,94,4.1152,94
1999-04-05,1999-04-05,19.0,30.4,23.7,84,0,95
1999-04-06,1999-04-06,16.6,30.7,23.7,85,0,96
1999-04-07,1999-04-07,0.0,29.3,23.9,86,0,97
1999-04-08,1999-04-08,3.5,30.5,25.5,73,0,98
1999-04-09,1999-04-09,24.4,31,24.1,83,2.572,99
1999-04-10,1999-04-10,29.1,30.3,22.9,84,0,100
1999-04-11,1999-04-11,0.5,29.6,23.1,96,0,101
1999-04-12,1999-04-12,0.0,32.2,23.3,83,0,102
1999-04-13,1999-04-13,7.6,30.7,25.4,78,0,103
1999-04-14,1999-04-14,0.2,31.1,24.4,80,2.0576,104
1999-04-15,1999-04-15,10.4,31,25.8,80,0,105
1999-04-16,1999-04-16,0.1,31.1,24.4,79,0,106
1999-04-17,1999-04-17,9.1,32.1,25,80,3.0864,107
1999-04-18,1999-04-18,7.7,31.8,24.3,89,0,108
1999-04-19,1999-04-19,1.2,30.2,24.6,79,4.1152,109
1999-04-20,1999-04-20,3.8,29.2,24.5,92,0,110
1999-04-21,1999-04-21,3.8,31.7,23.3,85,0,111
1999-04-22,1999-04-22,24.8,27.6,23.8,90,6.1728,112
1999-04-23,1999-04-23,2.9,30.2,24,94,0,113
1999-04-24,1999-04-24,0.0,32.1,25,83,3.0864,114
1999-04-25,1999-04-25,0.0,30.9,24,81,0,115
1999-04-26,1999-04-26,5.5,32.1,24.6,83,2.572,116
1999-04-27,1999-04-27,3.7,31.5,24.4,95,0,117
1999-04-28,1999-04-28,10.4,28.8,25.2,91,0,118
1999-04-29,1999-04-29,42.5,28.7,24.4,91,1.5432,119
1999-04-30,1999-04-30,8.3,30.1,24.4,92,0,120
1999-05-01,1999-05-01,2.3,28.5,24.6,90,0,121
1999-05-02,1999-05-02,2.3,32.2,23.6,78,0,122
1999-05-03,1999-05-03,0.0,31.5,23.6,83,2.572,123
1999-05-04,1999-05-04,0.0,30.8,24.3,81,0,124
1999-05-05,1999-05-05,0.3,30.2,24.4,81,0,125
1999-05-06,1999-05-06,4.1,29.8,24.8,82,5.144,126
1999-05-07,1999-05-07,26.4,29.1,25,89,3.0864,127
1999-05-08,1999-05-08,2.3,26.5,23.4,96,7.716,128
1999-05-09,1999-05-09,0.0,27.7,23.6,81,7.716,129
1999-05-10,1999-05-10,0.0,28.7,24,73,10.288,130
1999-05-11,1999-05-11,8.2,28.5,25.1,67,6.1728,131
1999-05-12,1999-05-12,0.0,28.3,23.2,69,8.7448,132
1999-05-13,1999-05-13,0.0,28.8,24.9,73,4.1152,133
1999-05-14,1999-05-14,3.1,28.4,25.2,69,5.6584,134
1999-05-15,1999-05-15,3.7,27.1,23.9,81,5.144,135
1999-05-16,1999-05-16,0.0,28.3,24.2,73,6.6872,136
1999-05-17,1999-05-17,0.6,28.5,23.2,54,4.1152,137
1999-05-18,1999-05-18,1.2,27.2,24.1,76,5.144,138
1999-05-19,1999-05-19,0.0,28,23.6,74,5.144,139
1999-05-20,1999-05-20,0.0,28.7,24.3,64,5.144,140
1999-05-21,1999-05-21,43.7,28,25.2,73,5.144,141
1999-05-22,1999-05-22,54.6,24.5,23.1,94,6.6872,142
1999-05-23,1999-05-23,100.2,24.4,23.3,97,5.144,143
1999-05-24,1999-05-24,4.8,26.7,22.4,91,6.1728,144
1999-05-25,1999-05-25,3.2,27.2,23.4,71,7.716,145
1999-05-26,1999-05-26,3.0,26.7,22.2,64,11.3168,146
1999-05-27,1999-05-27,4.2,27.5,20.5,61,10.288,147
1999-05-28,1999-05-28,2.4,26.2,21,91,10.288,148
1999-05-29,1999-05-29,0.0,26.5,21.9,75,7.716,149
1999-05-30,1999-05-30,0.0,27.7,23.5,64,5.144,150
1999-05-31,1999-05-31,0.0,27,23.9,69,3.0864,151
1999-06-01,1999-06-01,3.4,28.2,23.9,83,0,152
1999-06-02,1999-06-02,0.1,28.8,22.9,80,2.572,153
1999-06-03,1999-06-03,46.6,25.5,23.6,89,2.572,154
1999-06-04,1999-06-04,0.0,27.6,22.1,84,0,155
1999-06-05,1999-06-05,15.3,28.6,24.1,81,4.1152,156
1999-06-06,1999-06-06,33.2,29.2,22.6,86,0,157
1999-06-07,1999-06-07,0.0,26,23.3,87,8.2304,158
1999-06-08,1999-06-08,0.4,25,22.9,70,6.1728,159
1999-06-09,1999-06-09,1.3,25.9,21.5,75,5.6584,160
1999-06-10,1999-06-10,0.0,26.5,21.7,79,6.1728,161
1999-06-11,1999-06-11,0.3,26.7,22.9,70,5.6584,162
1999-06-12,1999-06-12,0.0,26.8,22.4,67,5.144,163
1999-06-13,1999-06-13,0.0,30.2,22.2,77,4.1152,164
1999-06-14,1999-06-14,0.0,28.5,23.3,88,0,165
1999-06-15,1999-06-15,0.0,28.7,24,76,2.572,166
1999-06-16,1999-06-16,0.0,29.4,22.1,82,0,167
1999-06-17,1999-06-17,0.0,28.7,22.3,84,1.5432,168
1999-06-18,1999-06-18,0.0,29.2,22,81,0,169
1999-06-19,1999-06-19,6.0,25.5,22.2,86,4.1152,170
1999-06-20,1999-06-20,11.9,25.4,22,92,4.1152,171
1999-06-21,1999-06-21,1.9,28.6,21.5,89,0,172
1999-06-22,1999-06-22,0.0,26.5,22.9,76,4.1152,173
1999-06-23,1999-06-23,0.0,26.5,22.3,76,2.572,174
1999-06-24,1999-06-24,0.0,27.2,23,75,2.572,175
1999-06-25,1999-06-25,0.0,27.5,23.7,76,2.0576,176
1999-06-26,1999-06-26,0.0,27.4,23.1,66,2.572,177
1999-06-27,1999-06-27,0.0,28,22.5,72,0,178
1999-06-28,1999-06-28,0.0,28.4,23.9,78,0,179
1999-06-29,1999-06-29,9.9,28,23.5,80,3.0864,180
1999-06-30,1999-06-30,0.4,26.8,22.4,83,3.0864,181
1999-07-01,1999-07-01,0.3,26.3,23,86,3.0864,182
1999-07-02,1999-07-02,0.0,26.5,22.9,78,3.0864,183
1999-07-03,1999-07-03,0.0,26.8,22.9,78,3.0864,184
1999-07-04,1999-07-04,0.0,27.8,23.5,72,3.0864,185
1999-07-05,1999-07-05,0.0,26,23.6,73,5.6584,186
1999-07-06,1999-07-06,10.2,25.9,23.2,79,5.6584,187
1999-07-07,1999-07-07,4.5,25.4,23.2,94,7.716,188
1999-07-08,1999-07-08,2.5,26.4,24,88,6.1728,189
1999-07-09,1999-07-09,0.0,27.2,24.2,78,3.0864,190
1999-07-10,1999-07-10,0.2,26.7,23.4,80,4.1152,191
1999-07-11,1999-07-11,0.5,26.7,24,82,6.6872,192
1999-07-12,1999-07-12,0.0,25.7,22.9,81,9.2592,193
1999-07-13,1999-07-13,0.0,26.2,23,80,6.6872,194
1999-07-14,1999-07-14,1.3,27.6,23.2,79,6.6872,195
1999-07-15,1999-07-15,17.1,27.3,23.2,86,6.1728,196
1999-07-16,1999-07-16,0.7,27.2,21.8,77,2.572,197
1999-07-17,1999-07-17,0.6,28.6,23.1,81,0,198
1999-07-18,1999-07-18,0.0,28.7,23.6,80,0,199
1999-07-19,1999-07-19,1.6,28,24.5,88,1.5432,200
1999-07-20,1999-07-20,0.2,27.1,24.4,87,4.1152,201
1999-07-21,1999-07-21,2.2,27.9,24.3,88,3.6008,202
1999-07-22,1999-07-22,0.1,29.2,24.2,81,0,203
1999-07-23,1999-07-23,0.0,28.7,22.6,84,1.0288,204
1999-07-24,1999-07-24,0.0,27.2,23.8,90,3.6008,205
1999-07-25,1999-07-25,0.0,26.7,23.9,73,5.6584,206
1999-07-26,1999-07-26,2.5,26.4,22.9,74,7.716,207
1999-07-27,1999-07-27,1.6,29.2,21.6,86,0,208
1999-07-28,1999-07-28,24.8,29.1,22.9,90,6.6872,209
1999-07-29,1999-07-29,26.2,31.2,22.4,80,4.1152,210
1999-07-30,1999-07-30,0.7,28.3,23.6,93,3.6008,211
1999-07-31,1999-07-31,0.1,25,22.3,78,6.1728,212
1999-08-01,1999-08-01,2.8,25.3,21.3,86,5.6584,213
1999-08-02,1999-08-02,25.1,25.2,22,82,6.6872,214
1999-08-03,1999-08-03,0.1,27.7,22.6,83,3.6008,215
1999-08-04,1999-08-04,6.8,27.9,24,85,0,216
1999-08-05,1999-08-05,5.8,26.6,23.2,95,2.0576,217
1999-08-06,1999-08-06,48.4,24.7,22.2,83,6.6872,218
1999-08-07,1999-08-07,73.2,24.4,21.9,98,8.2304,219
1999-08-08,1999-08-08,12.2,25.5,22,94,2.572,220
1999-08-09,1999-08-09,4.7,26.3,21.8,98,3.6008,221
1999-08-10,1999-08-10,12.2,25.2,22.5,91,6.6872,222
1999-08-11,1999-08-11,12.6,25.9,21.2,83,7.716,223
1999-08-12,1999-08-12,37.1,25.2,21.5,89,3.6008,224
1999-08-13,1999-08-13,0.4,25,21,70,7.716,225
1999-08-14,1999-08-14,9.4,26.3,21.6,80,7.716,226
1999-08-15,1999-08-15,15.5,26.3,22.1,73,9.2592,227
1999-08-16,1999-08-16,2.3,25.6,21.8,88,6.1728,228
1999-08-17,1999-08-17,0.0,27.3,21.1,86,0,229
1999-08-18,1999-08-18,0.0,28.3,21.9,67,0,230
1999-08-19,1999-08-19,2.1,28.5,22.3,88,2.572,231
1999-08-20,1999-08-20,0.0,27,23,80,4.6296,232
1999-08-21,1999-08-21,1.5,26.4,21.7,83,5.144,233
1999-08-22,1999-08-22,42.9,26.8,22.3,91,2.0576,234
1999-08-23,1999-08-23,47.9,27,22,90,5.144,235
1999-08-24,1999-08-24,10.2,26.1,22,93,2.572,236
1999-08-25,1999-08-25,0.0,29.9,21.9,76,5.144,237
1999-08-26,1999-08-26,0.9,27.5,23.5,75,7.716,238
1999-08-27,1999-08-27,0.4,27.2,23.4,85,7.716,239
1999-08-28,1999-08-28,0.5,27.8,22.1,90,5.144,240
1999-08-29,1999-08-29,0.4,28,23.6,80,6.1728,241
1999-08-30,1999-08-30,0.8,28,23.9,91,7.716,242
1999-08-31,1999-08-31,10.9,29.4,23.8,80,0,243
1999-09-01,1999-09-01,12.8,28.1,22.7,83,3.0864,244
1999-09-02,1999-09-02,23.4,25.2,22.9,89,7.716,245
1999-09-03,1999-09-03,8.4,25.9,22.1,93,6.1728,246
1999-09-04,1999-09-04,6.7,28.3,22.5,87,4.1152,247
1999-09-05,1999-09-05,13.7,28.2,22.1,90,3.0864,248
1999-09-06,1999-09-06,0.0,29.2,23.1,88,2.572,249
1999-09-07,1999-09-07,0.1,30.1,22,82,2.572,250
1999-09-08,1999-09-08,0.0,29.2,22,84,3.0864,251
1999-09-09,1999-09-09,0.0,29.5,22.5,77,0,252
1999-09-10,1999-09-10,0.0,27.9,23.4,88,3.0864,253
1999-09-11,1999-09-11,0.0,28,24.1,69,4.1152,254
1999-09-12,1999-09-12,0.6,27.5,24.4,76,4.1152,255
1999-09-13,1999-09-13,1.1,28.5,24.4,72,9.2592,256
1999-09-14,1999-09-14,0.0,27,23.4,88,0,257
1999-09-15,1999-09-15,1.4,28.6,24.6,86,7.716,258
1999-09-16,1999-09-16,0.1,28.9,23.1,84,3.0864,259
1999-09-17,1999-09-17,0.4,28.6,24.2,85,5.144,260
1999-09-18,1999-09-18,0.0,28.4,23.4,72,7.716,261
1999-09-19,1999-09-19,0.3,27.9,23.6,71,7.716,262
1999-09-20,1999-09-20,5.5,27.3,23.4,94,10.288,263
1999-09-21,1999-09-21,13.0,28.7,22.6,77,3.0864,264
1999-09-22,1999-09-22,0.0,27.4,22.6,80,7.716,265
1999-09-23,1999-09-23,0.0,28,23.3,65,7.716,266
1999-09-24,1999-09-24,10.7,27.5,24.1,72,7.716,267
1999-09-25,1999-09-25,14.1,27.3,22.1,83,6.1728,268
1999-09-26,1999-09-26,0.1,27.4,23.1,82,6.1728,269
1999-09-27,1999-09-27,14.2,26,24.1,80,6.1728,270
1999-09-28,1999-09-28,9.2,26,23,81,6.1728,271
1999-09-29,1999-09-29,0.1,25,21.8,83,10.288,272
1999-09-30,1999-09-30,0.0,25.9,18.6,59,10.288,273
1999-10-01,1999-10-01,0.0,25.7,22.9,68,10.288,274
1999-10-02,1999-10-02,0.0,27.5,22.6,61,7.716,275
1999-10-03,1999-10-03,1.2,27.5,22.6,79,5.144,276
1999-10-04,1999-10-04,16.6,29.2,23.6,82,5.144,277
1999-10-05,1999-10-05,0.1,30.4,23.6,75,6.1728,278
1999-10-06,1999-10-06,0.2,29.6,24.1,74,2.0576,279
1999-10-07,1999-10-07,0.0,29.5,24.4,76,3.6008,280
1999-10-08,1999-10-08,0.0,29.7,25.1,79,4.1152,281
1999-10-09,1999-10-09,29.6,30.2,24.1,74,5.144,282
1999-10-10,1999-10-10,71.4,26,23,95,0,283
1999-10-11,1999-10-11,11.4,28.6,21.4,88,0,284
1999-10-12,1999-10-12,4.7,27.6,21.4,95,6.1728,285
1999-10-13,1999-10-13,0.0,27.4,21.1,61,5.144,286
1999-10-14,1999-10-14,0.0,28.5,19.9,63,4.6296,287
1999-10-15,1999-10-15,0.0,28.2,22,69,4.1152,288
1999-10-16,1999-10-16,0.7,28.3,23.1,72,2.572,289
1999-10-17,1999-10-17,108.1,28.2,23.6,79,0,290
1999-10-18,1999-10-18,4.7,29.3,21,96,0,291
1999-10-19,1999-10-19,0.7,30.7,21.4,74,0,292
1999-10-20,1999-10-20,2.8,27.6,24.2,86,0,293
1999-10-21,1999-10-21,1.4,28.3,24.1,86,5.144,294
1999-10-22,1999-10-22,0.0,29.4,24.5,84,3.6008,295
1999-10-23,1999-10-23,5.5,29,25,86,6.1728,296
1999-10-24,1999-10-24,10.3,29,24.4,87,5.144,297
1999-10-25,1999-10-25,0.3,27.9,23.5,63,7.716,298
1999-10-26,1999-10-26,0.2,28,22.9,80,5.144,299
1999-10-27,1999-10-27,10.5,28.4,23.2,70,6.6872,300
1999-10-28,1999-10-28,131.1,27.6,22.8,91,5.144,301
1999-10-29,1999-10-29,26.7,27.7,21.8,83,7.716,302
1999-10-30,1999-10-30,40.5,26.8,21.6,86,5.144,303
1999-10-31,1999-10-31,1.9,27.1,22.1,81,4.6296,304
1999-11-01,1999-11-01,0.0,30.6,21.1,86,0,305
1999-11-02,1999-11-02,12.5,30,22.7,77,0,306
1999-11-03,1999-11-03,0.0,30.2,22.7,84,0,307
1999-11-04,1999-11-04,34.7,29.8,23.1,79,3.0864,308
1999-11-05,1999-11-05,0.4,30,23,85,0,309
1999-11-06,1999-11-06,7.9,30.3,25.1,76,2.572,310
1999-11-07,1999-11-07,10.5,29.4,22.4,78,7.716,311
1999-11-08,1999-11-08,0.8,28.2,22.5,77,4.1152,312
1999-11-09,1999-11-09,21.1,29,23,78,2.572,313
1999-11-10,1999-11-10,0.0,29.5,22.6,80,0,314
1999-11-11,1999-11-11,0.0,30.6,23.6,74,2.572,315
1999-11-12,1999-11-12,0.7,30.2,22.4,75,0,316
1999-11-13,1999-11-13,1.8,30.7,24,76,4.1152,317
1999-11-14,1999-11-14,16.5,30.7,24.4,72,0,318
1999-11-15,1999-11-15,26.4,29.6,24,86,0,319
1999-11-16,1999-11-16,16.9,31.3,23.4,85,2.572,320
1999-11-17,1999-11-17,0.1,29.6,24.1,89,7.716,321
1999-11-18,1999-11-18,0.6,31.2,24.6,68,0,322
1999-11-19,1999-11-19,0.1,30.9,24,83,4.1152,323
1999-11-20,1999-11-20,0.0,31.2,23.9,78,0,324
1999-11-21,1999-11-21,0.3,30.6,25,80,7.716,325
1999-11-22,1999-11-22,91.6,30,24.7,81,5.144,326
1999-11-23,1999-11-23,45.6,28.3,22.9,94,5.144,327
1999-11-24,1999-11-24,1.1,27,23.6,80,7.716,328
1999-11-25,1999-11-25,5.8,29.7,23.6,80,7.2016,329
1999-11-26,1999-11-26,9.5,30.7,24.1,82,2.572,330
1999-11-27,1999-11-27,11.5,31.3,23.6,82,5.144,331
1999-11-28,1999-11-28,7.2,28.2,23.3,87,5.144,332
1999-11-29,1999-11-29,4.7,29.3,23.7,85,5.144,333
1999-11-30,1999-11-30,29.8,27.9,23.5,95,0,334
1999-12-01,1999-12-01,7.5,29.2,22.6,85,7.2016,335
1999-12-02,1999-12-02,15.7,29.8,24.8,83,4.1152,336
1999-12-03,1999-12-03,54.2,30.2,25,87,0,337
1999-12-04,1999-12-04,19.8,30.9,24.1,76,1.5432,338
1999-12-05,1999-12-05,70.6,30.4,24.5,90,1.0288,339
1999-12-06,1999-12-06,57.0,32.7,24.3,82,4.1152,340
1999-12-07,1999-12-07,3.6,30.4,23.1,94,5.144,341
1999-12-08,1999-12-08,9.1,30.6,24.3,80,5.144,342
1999-12-09,1999-12-09,15.8,30.2,22.5,85,5.144,343
1999-12-10,1999-12-10,20.6,31,23.2,84,0,344
1999-12-11,1999-12-11,14.6,29,23.2,77,0,345
1999-12-12,1999-12-12,0.5,30.4,24,86,3.0864,346
1999-12-13,1999-12-13,5.9,30,24.6,84,1.0288,347
1999-12-14,1999-12-14,40.6,30.8,24.3,82,4.1152,348
1999-12-15,1999-12-15,4.1,31.5,24.2,72,0,349
1999-12-16,1999-12-16,13.9,31.3,24.6,75,3.6008,350
1999-12-17,1999-12-17,25.9,30.4,24.4,73,3.0864,351
1999-12-18,1999-12-18,13.6,31.4,23.9,75,1.0288,352
1999-12-19,1999-12-19,11.1,32.1,25.3,81,3.0864,353
1999-12-20,1999-12-20,2.0,31.5,24.8,77,2.0576,354
1999-12-21,1999-12-21,3.0,31.5,25,72,4.1152,355
1999-12-22,1999-12-22,3.0,31.4,25,81,3.6008,356
1999-12-23,1999-12-23,0.0,31.3,25.8,75,3.0864,357
1999-12-24,1999-12-24,3.2,31.7,25.2,81,0,358
1999-12-25,1999-12-25,1.2,30.7,25,81,5.144,359
1999-12-26,1999-12-26,0.9,30.1,24.6,74,3.0864,360
1999-12-27,1999-12-27,0.0,29.3,24.6,72,5.144,361
1999-12-28,1999-12-28,0.0,29.7,25.1,65,4.1152,362
1999-12-29,1999-12-29,0.0,30.9,24.9,71,2.572,363
1999-12-30,1999-12-30,6.6,30.4,23.7,76,3.6008,364
1999-12-31,1999-12-31,0.0,30.8,23.1,77,5.144,365
2000-01-01,2000-01-01,4.5,31.2,25.6,69,5.144,1
2000-01-02,2000-01-02,29.0,31.2,25,69,5.144,2
2000-01-03,2000-01-03,0.0,31.6,23.6,65,2.0576,3
2000-01-04,2000-01-04,20.2,31.4,24.4,77,0,4
2000-01-05,2000-01-05,25.2,32.6,24.3,88,4.1152,5
2000-01-06,2000-01-06,10.6,31.4,24.3,82,5.144,6
2000-01-07,2000-01-07,0.0,33.1,25.5,77,0,7
2000-01-08,2000-01-08,0.0,33.4,25.8,80,0,8
2000-01-09,2000-01-09,62.2,32.4,25.7,74,3.6008,9
2000-01-10,2000-01-10,34.7,27.7,23.8,96,0,10
2000-01-11,2000-01-11,0.0,31.7,23.4,87,4.6296,11
2000-01-12,2000-01-12,5.9,32.1,25,83,0,12
2000-01-13,2000-01-13,7.4,31.5,23.3,75,2.572,13
2000-01-14,2000-01-14,16.0,31.7,25.4,81,3.0864,14
2000-01-15,2000-01-15,0.8,31.9,25.4,73,2.572,15
2000-01-16,2000-01-16,0.0,31.6,25.4,79,5.144,16
2000-01-17,2000-01-17,4.2,31.7,26.7,81,5.144,17
2000-01-18,2000-01-18,1.9,31.9,25.8,81,4.1152,18
2000-01-19,2000-01-19,1.6,30.9,26.6,76,7.716,19
2000-01-20,2000-01-20,1.6,31.2,26.3,87,5.144,20
2000-01-21,2000-01-21,2.6,31.8,26,74,7.2016,21
2000-01-22,2000-01-22,14.0,32,25.9,79,4.1152,22
2000-01-23,2000-01-23,28.7,31.9,24.6,81,4.1152,23
2000-01-24,2000-01-24,114.9,30.3,23.5,78,0,24
2000-01-25,2000-01-25,46.6,28.1,22.9,94,8.2304,25
2000-01-26,2000-01-26,18.2,31.6,24.4,88,10.288,26
2000-01-27,2000-01-27,0.4,31.5,23.6,77,3.6008,27
2000-01-28,2000-01-28,7.2,32.8,24.1,79,0,28
2000-01-29,2000-01-29,11.2,32.2,24.9,73,0,29
2000-01-30,2000-01-30,0.0,32.2,24.6,81,2.572,30
2000-01-31,2000-01-31,9.7,32,25.8,73,2.572,31
2000-02-01,2000-02-01,0.0,31.7,25.9,80,5.144,32
2000-02-02,2000-02-02,17.8,32.5,26.2,69,0,33
2000-02-03,2000-02-03,0.0,32.1,23.6,73,2.0576,34
2000-02-04,2000-02-04,1.2,32.5,24.2,75,0,35
2000-02-05,2000-02-05,0.0,31.3,24.8,83,0,36
2000-02-06,2000-02-06,9.4,31.9,25.6,75,3.6008,37
2000-02-07,2000-02-07,0.0,31,24.4,76,4.1152,38
2000-02-08,2000-02-08,40.4,31.3,23.6,77,0,39
2000-02-09,2000-02-09,1.1,32.2,23.3,81,0,40
2000-02-10,2000-02-10,3.2,31.7,24.4,76,2.572,41
2000-02-11,2000-02-11,7.7,30.7,24.6,86,0,42
2000-02-12,2000-02-12,5.6,30.2,23.1,79,0,43
2000-02-13,2000-02-13,0.0,29.7,24.2,91,0,44
2000-02-14,2000-02-14,34.5,28.5,24.6,84,0,45
2000-02-15,2000-02-15,0.0,31.2,23.8,93,2.0576,46
2000-02-16,2000-02-16,1.1,31.7,24.6,74,0,47
2000-02-17,2000-02-17,0.7,32.1,26.3,76,2.572,48
2000-02-18,2000-02-18,4.4,32.2,25.2,78,3.6008,49
2000-02-19,2000-02-19,15.2,31.2,25.1,80,0,50
2000-02-20,2000-02-20,2.6,29.2,24.5,90,0,51
2000-02-21,2000-02-21,4.0,30.9,23.5,78,0,52
2000-02-22,2000-02-22,14.2,31.5,24.7,81,3.6008,53
2000-02-23,2000-02-23,2.0,31.3,25.6,78,4.1152,54
2000-02-24,2000-02-24,4.8,31.2,26.3,79,6.1728,55
2000-02-25,2000-02-25,1.4,31.2,24.2,79,4.1152,56
2000-02-26,2000-02-26,2.0,32.3,24.1,75,0,57
2000-02-27,2000-02-27,0.0,31.7,24.7,78,1.5432,58
2000-02-28,2000-02-28,3.6,31.1,25.9,76,3.6008,59
2000-02-29,2000-02-29,1.4,31.9,25.4,74,0,60
2000-03-01,2000-03-01,4.3,32.1,24.6,77,3.0864,61
2000-03-02,2000-03-02,26.6,32.7,24.8,86,4.1152,62
2000-03-03,2000-03-03,0.1,32.6,23.7,84,5.6584,63
2000-03-04,2000-03-04,1.7,30.7,26.3,69,5.144,64
2000-03-05,2000-03-05,0.4,31.1,24.3,79,4.6296,65
2000-03-06,2000-03-06,5.5,30.7,24.9,85,0,66
2000-03-07,2000-03-07,10.0,30.9,25.9,85,0,67
2000-03-08,2000-03-08,0.0,31.6,25.7,71,2.572,68
2000-03-09,2000-03-09,0.2,32.7,25.7,86,0,69
2000-03-10,2000-03-10,7.9,31.7,25,86,2.572,70
2000-03-11,2000-03-11,9.8,27.9,23.3,92,5.144,71
2000-03-12,2000-03-12,11.2,30.7,23,76,0,72
2000-03-13,2000-03-13,0.0,32.7,24.3,73,0,73
2000-03-14,2000-03-14,3.0,31.6,25.5,73,2.572,74
2000-03-15,2000-03-15,25.8,31.7,26.4,81,2.0576,75
2000-03-16,2000-03-16,0.4,30.7,24.4,76,0,76
2000-03-17,2000-03-17,7.3,32.1,24.3,79,0,77
2000-03-18,2000-03-18,2.3,27.4,24.1,93,2.572,78
2000-03-19,2000-03-19,15.6,31.9,24.5,94,3.0864,79
2000-03-20,2000-03-20,8.6,31.1,24.3,82,0,80
2000-03-21,2000-03-21,1.8,30.8,23.4,74,2.572,81
2000-03-22,2000-03-22,0.8,30.5,24.9,82,0,82
2000-03-23,2000-03-23,0.0,32.6,25,81,0,83
2000-03-24,2000-03-24,1.8,32.3,25,78,0,84
2000-03-25,2000-03-25,0.0,31.7,24.2,80,0,85
2000-03-26,2000-03-26,41.3,31.1,24.8,81,0,86
2000-03-27,2000-03-27,1.8,31.2,23.4,80,2.0576,87
2000-03-28,2000-03-28,3.6,29.7,24,80,0,88
2000-03-29,2000-03-29,5.9,30.7,24.3,85,0,89
2000-03-30,2000-03-30,0.3,30.6,25,88,5.144,90
2000-03-31,2000-03-31,0.0,31.4,25.1,78,2.0576,91
2000-04-01,2000-04-01,0.0,31.5,25.6,79,0,92
2000-04-02,2000-04-02,60.7,31,24.9,78,0,93
2000-04-03,2000-04-03,0.6,29.2,23.7,96,0,94
2000-04-04,2000-04-04,63.6,30.9,24.6,82,0,95
2000-04-05,2000-04-05,67.2,28.9,23.1,85,4.1152,96
2000-04-06,2000-04-06,15.1,31.7,23.3,89,0,97
2000-04-07,2000-04-07,8.4,30,25.3,93,5.144,98
2000-04-08,2000-04-08,17.0,31.7,24.1,90,2.572,99
2000-04-09,2000-04-09,2.6,30.7,23.7,88,0,100
2000-04-10,2000-04-10,3.0,29.9,25,85,3.0864,101
2000-04-11,2000-04-11,38.5,29.7,25,86,5.144,102
2000-04-12,2000-04-12,48.7,29.2,24.3,86,5.144,103
2000-04-13,2000-04-13,40.8,30.7,24.7,94,0,104
2000-04-14,2000-04-14,2.5,31.4,24.7,88,1.0288,105
2000-04-15,2000-04-15,10.2,28.3,24.6,90,7.716,106
2000-04-16,2000-04-16,25.6,31.1,24.6,87,7.716,107
2000-04-17,2000-04-17,3.5,31.3,23.8,100,2.572,108
2000-04-18,2000-04-18,0.0,30.4,23.3,83,3.0864,109
2000-04-19,2000-04-19,45.0,30.1,24.5,87,2.572,110
2000-04-20,2000-04-20,1.9,31.1,23.6,85,3.0864,111
2000-04-21,2000-04-21,1.1,29.7,25.6,77,0,112
2000-04-22,2000-04-22,0.4,30.5,25,78,2.0576,113
2000-04-23,2000-04-23,0.9,30.7,26.2,79,4.1152,114
2000-04-24,2000-04-24,1.0,30.2,25.9,87,5.144,115
2000-04-25,2000-04-25,0.6,30.9,24.1,81,2.572,116
2000-04-26,2000-04-26,12.3,30.7,23.5,84,0,117
2000-04-27,2000-04-27,76.8,26.9,24.9,95,2.572,118
2000-04-28,2000-04-28,75.4,26.1,23.2,92,7.716,119
2000-04-29,2000-04-29,56.0,28.9,22.7,89,0,120
2000-04-30,2000-04-30,5.4,28.7,22.9,84,2.0576,121
2000-05-01,2000-05-01,61.2,28.2,24,96,0,122
2000-05-02,2000-05-02,17.2,27.7,22.9,98,0,123
2000-05-03,2000-05-03,1.7,30.1,23.1,86,0,124
2000-05-04,2000-05-04,102.4,27.2,24.2,92,0,125
2000-05-05,2000-05-05,0.0,28,24.1,83,4.1152,126
2000-05-06,2000-05-06,0.6,27.6,25.1,88,4.6296,127
2000-05-07,2000-05-07,0.0,29.3,24.1,77,0,128
2000-05-08,2000-05-08,1.0,29.6,25.1,82,0,129
2000-05-09,2000-05-09,0.0,28.8,25.1,78,6.1728,130
2000-05-10,2000-05-10,0.0,29.7,24.2,77,2.0576,131
2000-05-11,2000-05-11,0.0,30.4,24.9,74,4.1152,132
2000-05-12,2000-05-12,2.8,30.6,26.1,76,5.6584,133
2000-05-13,2000-05-13,23.7,30.2,24.8,80,2.572,134
2000-05-14,2000-05-14,0.0,29.7,23.6,91,0,135
2000-05-15,2000-05-15,0.3,30.6,24.3,76,0,136
2000-05-16,2000-05-16,0.8,30.2,23.7,82,2.572,137
2000-05-17,2000-05-17,26.2,29.3,24.2,86,2.572,138
2000-05-18,2000-05-18,2.0,27.6,24.1,84,5.6584,139
2000-05-19,2000-05-19,2.9,29,25.2,68,4.1152,140
2000-05-20,2000-05-20,0.0,29.7,25.2,80,5.144,141
2000-05-21,2000-05-21,0.0,30,24.8,83,4.1152,142
2000-05-22,2000-05-22,0.0,29.7,24.5,81,1.5432,143
2000-05-23,2000-05-23,0.0,30.5,23.9,82,0,144
2000-05-24,2000-05-24,79.8,29.4,23.3,88,0,145
2000-05-25,2000-05-25,17.6,26.5,21.6,92,0,146
2000-05-26,2000-05-26,0.0,28.3,22.4,88,4.1152,147
2000-05-27,2000-05-27,0.0,28.1,25.3,72,5.144,148
2000-05-28,2000-05-28,0.0,27.8,24.2,78,5.144,149
2000-05-29,2000-05-29,0.0,27.6,24.3,73,4.1152,150
2000-05-30,2000-05-30,0.0,27.3,22.6,64,1.0288,151
2000-05-31,2000-05-31,0.0,27.7,22,64,1.0288,152
2000-06-01,2000-06-01,0.0,29.1,21.8,79,0,153
2000-06-02,2000-06-02,0.0,28.7,24.6,74,3.6008,154
2000-06-03,2000-06-03,0.0,30.6,24.6,72,4.1152,155
2000-06-04,2000-06-04,0.0,29.7,23,74,0,156
2000-06-05,2000-06-05,0.1,29.5,23.6,77,0,157
2000-06-06,2000-06-06,0.4,29.7,23.9,76,0,158
2000-06-07,2000-06-07,6.0,28,24.2,88,3.0864,159
2000-06-08,2000-06-08,0.0,28.7,24.6,81,3.0864,160
2000-06-09,2000-06-09,0.0,27.7,24.6,72,7.716,161
2000-06-10,2000-06-10,0.0,27.6,24.6,71,5.144,162
2000-06-11,2000-06-11,0.0,27.8,23.3,73,6.6872,163
2000-06-12,2000-06-12,0.0,30.1,24.4,83,5.144,164
2000-06-13,2000-06-13,1.0,30.3,24.1,86,0,165
2000-06-14,2000-06-14,4.7,26,23.9,83,7.716,166
2000-06-15,2000-06-15,4.4,25.7,21.9,80,7.716,167
2000-06-16,2000-06-16,40.1,26.8,21.8,79,5.144,168
2000-06-17,2000-06-17,7.7,27.9,23.4,89,0,169
2000-06-18,2000-06-18,5.5,27.8,24.4,90,2.572,170
2000-06-19,2000-06-19,35.4,30.1,23.7,88,0,171
2000-06-20,2000-06-20,11.0,28.1,22.4,94,4.1152,172
2000-06-21,2000-06-21,12.6,29.1,23.5,90,0,173
2000-06-22,2000-06-22,0.0,29.5,22.6,87,2.572,174
2000-06-23,2000-06-23,0.0,29,24,82,2.0576,175
2000-06-24,2000-06-24,24.6,28.4,24.4,86,2.572,176
2000-06-25,2000-06-25,6.6,27.3,23,75,7.716,177
2000-06-26,2000-06-26,6.8,27.7,23.4,82,5.144,178
2000-06-27,2000-06-27,1.0,27.3,23.7,90,7.716,179
2000-06-28,2000-06-28,14.2,30.7,23.2,79,0,180
2000-06-29,2000-06-29,0.0,27.2,23.8,87,5.144,181
2000-06-30,2000-06-30,0.0,26.7,24.2,81,6.1728,182
2000-07-01,2000-07-01,0.0,26.7,21.2,71,1.5432,183
2000-07-02,2000-07-02,0.0,25.3,19.1,74,2.572,184
2000-07-03,2000-07-03,0.8,29.7,21.7,84,0,185
2000-07-04,2000-07-04,55.7,27.6,22.6,87,2.572,186
2000-07-05,2000-07-05,31.7,26.7,23.3,88,2.572,187
2000-07-06,2000-07-06,1.6,28.7,22.6,88,1.0288,188
2000-07-07,2000-07-07,0.7,26.8,23.1,90,4.1152,189
2000-07-08,2000-07-08,4.5,28.4,23.9,83,0,190
2000-07-09,2000-07-09,0.0,27.8,24.2,82,5.144,191
2000-07-10,2000-07-10,0.0,27.1,23.2,78,2.572,192
2000-07-11,2000-07-11,0.0,25.7,23.1,59,8.2304,193
2000-07-12,2000-07-12,0.0,26,23,74,5.144,194
2000-07-13,2000-07-13,0.0,27.5,22.9,73,1.5432,195
2000-07-14,2000-07-14,0.0,28.1,23.5,79,1.5432,196
2000-07-15,2000-07-15,20.4,30.9,22.7,77,0,197
2000-07-16,2000-07-16,5.7,27.8,22.9,97,0,198
2000-07-17,2000-07-17,0.0,29.7,22.7,92,0,199
2000-07-18,2000-07-18,14.9,28.4,22,83,0,200
2000-07-19,2000-07-19,16.9,27.7,23.2,87,3.0864,201
2000-07-20,2000-07-20,9.3,30.8,22.8,91,3.0864,202
2000-07-21,2000-07-21,0.0,27.2,23.6,82,4.1152,203
2000-07-22,2000-07-22,0.3,27.6,23,76,5.144,204
2000-07-23,2000-07-23,0.0,27.3,22.5,73,7.716,205
2000-07-24,2000-07-24,0.0,26.9,23.4,71,5.144,206
2000-07-25,2000-07-25,28.6,27.2,21.1,82,0,207
2000-07-26,2000-07-26,6.7,27.4,21.4,96,7.716,208
2000-07-27,2000-07-27,0.0,26.4,21.1,68,8.2304,209
2000-07-28,2000-07-28,0.0,26.3,22.9,58,5.144,210
2000-07-29,2000-07-29,1.1,27.7,23,73,2.572,211
2000-07-30,2000-07-30,0.0,28.7,22.1,73,5.144,212
2000-07-31,2000-07-31,0.0,28.8,23.3,78,2.572,213
2000-08-01,2000-08-01,0.4,26.7,23,73,2.572,214
2000-08-02,2000-08-02,4.9,26.3,23.2,80,4.6296,215
2000-08-03,2000-08-03,4.5,28,21.5,84,2.572,216
2000-08-04,2000-08-04,0.0,28,22.6,91,4.1152,217
2000-08-05,2000-08-05,0.2,26,23.5,82,4.1152,218
2000-08-06,2000-08-06,0.0,25.4,22.1,73,6.1728,219
2000-08-07,2000-08-07,0.0,27.6,23,74,5.144,220
2000-08-08,2000-08-08,45.7,26.2,23,83,10.288,221
2000-08-09,2000-08-09,17.3,25.1,21.1,96,5.144,222
2000-08-10,2000-08-10,0.0,27.8,22.4,84,5.144,223
2000-08-11,2000-08-11,0.0,27.9,23.5,75,9.2592,224
2000-08-12,2000-08-12,0.0,26.4,22.5,86,4.1152,225
2000-08-13,2000-08-13,3.0,26.6,22.8,74,3.0864,226
2000-08-14,2000-08-14,0.0,26.6,21.6,72,6.1728,227
2000-08-15,2000-08-15,0.7,26.5,22.9,79,7.716,228
2000-08-16,2000-08-16,0.7,26.3,22.1,84,7.716,229
2000-08-17,2000-08-17,0.0,26.4,22.9,73,5.144,230
2000-08-18,2000-08-18,0.0,29,21.6,69,0,231
2000-08-19,2000-08-19,0.7,26.9,24,77,0,232
2000-08-20,2000-08-20,0.0,28.8,23.5,87,2.572,233
2000-08-21,2000-08-21,1.3,29.5,22.3,75,0,234
2000-08-22,2000-08-22,0.0,29.4,21.5,85,0,235
2000-08-23,2000-08-23,1.6,29.1,21.1,82,2.572,236
2000-08-24,2000-08-24,3.4,27.7,24.5,82,3.0864,237
2000-08-25,2000-08-25,0.0,27.7,23.9,81,5.144,238
2000-08-26,2000-08-26,0.0,27.2,24.3,77,5.144,239
2000-08-27,2000-08-27,0.0,28.6,22.9,73,4.1152,240
2000-08-28,2000-08-28,0.0,29,21,86,2.572,241
2000-08-29,2000-08-29,0.0,28,24.1,68,4.1152,242
2000-08-30,2000-08-30,0.0,28.9,21,76,0,243
2000-08-31,2000-08-31,0.0,30.2,21.4,79,0,244
2000-09-01,2000-09-01,12.6,29.6,22,82,0,245
2000-09-02,2000-09-02,0.0,27.2,21.9,90,4.1152,246
2000-09-03,2000-09-03,0.0,28.9,23,79,5.144,247
2000-09-04,2000-09-04,3.7,30,23.1,79,3.0864,248
2000-09-05,2000-09-05,10.2,28.9,23.1,83,5.144,249
2000-09-06,2000-09-06,6.9,28.8,24.1,91,2.572,250
2000-09-07,2000-09-07,0.2,29.5,24.1,73,5.144,251
2000-09-08,2000-09-08,0.0,28.9,21.6,76,5.144,252
2000-09-09,2000-09-09,0.0,28.7,23.2,74,3.0864,253
2000-09-10,2000-09-10,0.0,29.5,22.5,72,1.5432,254
2000-09-11,2000-09-11,0.0,29.4,22.4,69,0,255
2000-09-12,2000-09-12,0.2,28.6,20.4,74,4.1152,256
2000-09-13,2000-09-13,46.3,27,24.5,90,4.1152,257
2000-09-14,2000-09-14,4.4,28.1,23.4,91,5.144,258
2000-09-15,2000-09-15,1.7,27.4,23.1,89,7.716,259
2000-09-16,2000-09-16,16.1,26.6,22.8,77,7.716,260
2000-09-17,2000-09-17,4.5,28.8,23.4,88,5.144,261
2000-09-18,2000-09-18,2.5,28.7,22.3,82,0,262
2000-09-19,2000-09-19,11.2,27.1,23.4,90,5.144,263
2000-09-20,2000-09-20,0.0,25.8,22.1,79,5.144,264
2000-09-21,2000-09-21,0.2,26.4,22.5,76,4.1152,265
2000-09-22,2000-09-22,1.7,27.5,22,86,5.144,266
2000-09-23,2000-09-23,11.5,27.5,22.2,77,6.6872,267
2000-09-24,2000-09-24,0.6,24.7,21.4,84,10.288,268
2000-09-25,2000-09-25,2.4,26.6,21.4,82,5.144,269
2000-09-26,2000-09-26,6.1,26.2,22.1,91,9.2592,270
2000-09-27,2000-09-27,18.5,27.1,21.9,86,6.6872,271
2000-09-28,2000-09-28,3.7,26.2,21.9,94,7.716,272
2000-09-29,2000-09-29,2.2,25.5,22,76,6.1728,273
2000-09-30,2000-09-30,0.0,27,22.9,73,5.144,274
2000-10-01,2000-10-01,24.7,27.7,23.7,77,7.716,275
2000-10-02,2000-10-02,33.9,27.9,22.2,79,6.1728,276
2000-10-03,2000-10-03,4.3,28.2,23.3,82,4.1152,277
2000-10-04,2000-10-04,0.0,28.4,24,84,6.1728,278
2000-10-05,2000-10-05,0.0,27.8,24.8,78,8.2304,279
2000-10-06,2000-10-06,2.2,27.3,24.1,67,10.288,280
2000-10-07,2000-10-07,2.8,27.3,23.3,90,7.2016,281
2000-10-08,2000-10-08,1.3,26.7,22.8,81,11.3168,282
2000-10-09,2000-10-09,8.5,25.8,22,80,9.2592,283
2000-10-10,2000-10-10,14.7,28.3,22.7,83,3.0864,284
2000-10-11,2000-10-11,74.2,28,23.3,82,2.572,285
2000-10-12,2000-10-12,11.6,29.4,22.4,85,1.0288,286
2000-10-13,2000-10-13,30.3,31.1,23.4,88,2.572,287
2000-10-14,2000-10-14,0.0,30,23.2,88,0,288
2000-10-15,2000-10-15,0.3,29.1,22,72,3.6008,289
2000-10-16,2000-10-16,0.0,28.2,23.2,85,5.144,290
2000-10-17,2000-10-17,0.7,27.4,23.2,74,6.1728,291
2000-10-18,2000-10-18,0.0,29.2,22.2,77,0,292
2000-10-19,2000-10-19,0.0,29.6,22.7,73,0,293
2000-10-20,2000-10-20,4.6,31.6,22.7,72,5.144,294
2000-10-21,2000-10-21,0.7,27.5,21.1,71,5.144,295
2000-10-22,2000-10-22,0.0,27.2,21.6,65,3.6008,296
2000-10-23,2000-10-23,7.3,28.7,21.7,71,5.144,297
2000-10-24,2000-10-24,29.2,24.4,23,87,0,298
2000-10-25,2000-10-25,1.7,26.6,20.3,83,9.2592,299
2000-10-26,2000-10-26,15.6,27.4,22.5,73,8.2304,300
2000-10-27,2000-10-27,4.7,26.7,22,85,7.716,301
2000-10-28,2000-10-28,0.0,27.5,22.2,84,2.572,302
2000-10-29,2000-10-29,0.2,29,24.2,79,3.6008,303
2000-10-30,2000-10-30,1.9,29.2,23.6,85,5.144,304
2000-10-31,2000-10-31,0.7,28.7,24.3,88,4.1152,305
2000-11-01,2000-11-01,2.2,28.7,24.2,75,2.0576,306
2000-11-02,2000-11-02,11.4,29.2,21.9,73,4.6296,307
2000-11-03,2000-11-03,20.9,29.7,22.7,69,1.0288,308
2000-11-04,2000-11-04,7.9,30.3,24,81,3.0864,309
2000-11-05,2000-11-05,8.8,31.2,24,77,0,310
2000-11-06,2000-11-06,0.0,30,23.3,82,4.1152,311
2000-11-07,2000-11-07,0.0,29.7,24.8,78,3.0864,312
2000-11-08,2000-11-08,3.1,30.4,23.2,68,4.1152,313
2000-11-09,2000-11-09,1.6,31.1,23.5,74,0,314
2000-11-10,2000-11-10,0.2,32.2,23.4,81,3.6008,315
2000-11-11,2000-11-11,0.0,28.9,24.6,82,3.0864,316
2000-11-12,2000-11-12,0.0,29.4,24.5,73,3.6008,317
2000-11-13,2000-11-13,1.1,28,24.8,80,6.1728,318
2000-11-14,2000-11-14,16.8,29.2,23.6,76,7.716,319
2000-11-15,2000-11-15,43.2,28.1,23.6,92,7.716,320
2000-11-16,2000-11-16,1.5,26.8,22.9,88,0,321
2000-11-17,2000-11-17,2.6,26.1,23.5,91,7.716,322
2000-11-18,2000-11-18,0.0,27,23.2,79,8.2304,323
2000-11-19,2000-11-19,0.0,28,23.6,76,5.144,324
2000-11-20,2000-11-20,0.0,28.1,23.7,69,9.2592,325
2000-11-21,2000-11-21,0.0,29.1,23.4,65,1.5432,326
2000-11-22,2000-11-22,3.9,29,24.9,90,1.5432,327
2000-11-23,2000-11-23,11.0,30,23.8,79,0,328
2000-11-24,2000-11-24,6.1,30,23.7,74,1.0288,329
2000-11-25,2000-11-25,7.2,31.1,24.2,77,0,330
2000-11-26,2000-11-26,9.2,29.4,24.2,94,0,331
2000-11-27,2000-11-27,10.9,30.4,24.4,85,0,332
2000-11-28,2000-11-28,6.9,30.2,23.8,78,0,333
2000-11-29,2000-11-29,56.4,30.4,24.4,81,0,334
2000-11-30,2000-11-30,18.4,28.8,23.9,88,0,335
2000-12-01,2000-12-01,39.9,29.4,23.8,95,0,336
2000-12-02,2000-12-02,10.1,30.9,23.3,84,0,337
2000-12-03,2000-12-03,10.8,30.6,24.4,75,2.572,338
2000-12-04,2000-12-04,49.0,30.7,24.4,80,3.6008,339
2000-12-05,2000-12-05,3.1,29.2,23.3,96,0,340
2000-12-06,2000-12-06,42.6,27.8,23.7,96,0,341
2000-12-07,2000-12-07,17.6,30.5,23.6,87,0,342
2000-12-08,2000-12-08,35.0,30.7,24.3,87,5.144,343
2000-12-09,2000-12-09,8.2,30.5,24.1,94,0,344
2000-12-10,2000-12-10,28.6,27,23.8,95,0,345
2000-12-11,2000-12-11,15.3,28.2,23.2,92,0,346
2000-12-12,2000-12-12,31.1,29.1,23.3,79,5.144,347
2000-12-13,2000-12-13,0.0,30.6,24.6,82,0,348
2000-12-14,2000-12-14,0.0,29.2,24.4,72,3.0864,349
2000-12-15,2000-12-15,4.4,29.4,23.2,76,3.6008,350
2000-12-16,2000-12-16,0.0,28.9,22.4,76,3.6008,351
2000-12-17,2000-12-17,0.0,29.9,21.4,72,2.0576,352
2000-12-18,2000-12-18,2.6,30.3,22.7,69,0,353
2000-12-19,2000-12-19,23.2,31.1,24,89,0,354
2000-12-20,2000-12-20,10.9,32.6,24.3,85,0,355
2000-12-21,2000-12-21,38.9,31.5,24.5,82,0,356
2000-12-22,2000-12-22,6.7,31.4,23,78,0,357
2000-12-23,2000-12-23,0.0,29.3,23.3,72,6.1728,358
2000-12-24,2000-12-24,0.0,29.5,24.1,61,5.144,359
2000-12-25,2000-12-25,2.9,30.4,24.4,64,4.1152,360
2000-12-26,2000-12-26,0.0,30.3,24.7,74,5.144,361
2000-12-27,2000-12-27,0.0,30.2,25,76,9.2592,362
2000-12-28,2000-12-28,7.8,30,25.2,72,5.144,363
2000-12-29,2000-12-29,2.2,30.5,23.7,83,4.1152,364
2000-12-30,2000-12-30,2.0,30.2,23.9,81,4.6296,365
2000-12-31,2000-12-31,0.0,30.3,25.2,76,5.144,366
2001-01-01,2001-01-01,0.0,30.9,23.1,69,1.5432,1
2001-01-02,2001-01-02,1.3,30.9,24.7,68,2.572,2
2001-01-03,2001-01-03,25.4,31,25,96,4.1152,3
2001-01-04,2001-01-04,9.2,31.4,24.5,80,2.572,4
2001-01-05,2001-01-05,0.0,31.1,25.2,77,3.6008,5
2001-01-06,2001-01-06,0.6,31.9,24.4,73,0,6
2001-01-07,2001-01-07,0.1,33.4,24.1,80,0,7
2001-01-08,2001-01-08,0.6,33.8,26.2,68,0,8
2001-01-09,2001-01-09,15.4,30.9,24.5,79,0,9
2001-01-10,2001-01-10,0.0,32.3,25.4,84,0,10
2001-01-11,2001-01-11,0.4,32.5,26.1,73,0,11
2001-01-12,2001-01-12,3.8,32.2,25.5,77,0,12
2001-01-13,2001-01-13,4.9,32.1,25.9,74,3.0864,13
2001-01-14,2001-01-14,10.3,30.3,24.5,74,2.572,14
2001-01-15,2001-01-15,87.8,32.5,25.1,83,0,15
2001-01-16,2001-01-16,17.9,32.5,23.5,88,0,16
2001-01-17,2001-01-17,10.1,32.2,23.9,81,5.6584,17
2001-01-18,2001-01-18,0.0,31.5,24.1,80,0,18
2001-01-19,2001-01-19,3.6,30,25.5,74,2.572,19
2001-01-20,2001-01-20,10.7,31.5,23.5,77,2.0576,20
2001-01-21,2001-01-21,3.8,31.9,24.5,83,2.572,21
2001-01-22,2001-01-22,51.4,31.1,25,72,2.572,22
2001-01-23,2001-01-23,55.7,29,23.4,86,0,23
2001-01-24,2001-01-24,7.3,30.6,24,79,2.572,24
2001-01-25,2001-01-25,0.0,31,23.6,73,1.5432,25
2001-01-26,2001-01-26,1.9,30.5,23.6,86,0,26
2001-01-27,2001-01-27,0.0,31.5,24.1,80,3.0864,27
2001-01-28,2001-01-28,0.0,32.5,24.4,80,2.572,28
2001-01-29,2001-01-29,39.1,31.5,24.1,76,0,29
2001-01-30,2001-01-30,19.1,32,24,84,0,30
2001-01-31,2001-01-31,0.0,32.1,22.9,77,2.572,31
2001-02-01,2001-02-01,0.0,31.9,25.2,76,2.0576,32
2001-02-02,2001-02-02,0.0,31.8,25.6,75,3.0864,33
2001-02-03,2001-02-03,0.8,32,25.8,81,2.0576,34
2001-02-04,2001-02-04,27.8,29.7,25.2,88,0,35
2001-02-05,2001-02-05,5.8,31.5,23.9,75,0,36
2001-02-06,2001-02-06,0.0,31.6,23.8,73,0,37
2001-02-07,2001-02-07,0.2,32.7,24.5,71,0,38
2001-02-08,2001-02-08,0.8,32.4,25.6,82,0,39
2001-02-09,2001-02-09,13.5,32,24.1,69,1.5432,40
2001-02-10,2001-02-10,0.0,32,25.4,71,2.572,41
2001-02-11,2001-02-11,0.0,32,26.4,76,5.144,42
2001-02-12,2001-02-12,8.8,31.6,25,73,0,43
2001-02-13,2001-02-13,0.0,31.7,24.5,73,0,44
2001-02-14,2001-02-14,0.9,32,24.3,75,0,45
2001-02-15,2001-02-15,0.8,31.6,25,81,0,46
2001-02-16,2001-02-16,1.5,30,24.8,77,0,47
2001-02-17,2001-02-17,0.0,32.4,23.5,75,0,48
2001-02-18,2001-02-18,60.3,31.4,26.1,73,1.5432,49
2001-02-19,2001-02-19,30.4,31.9,25,71,2.0576,50
2001-02-20,2001-02-20,16.0,32.1,25.4,75,1.5432,51
2001-02-21,2001-02-21,3.0,30.9,25.5,66,5.144,52
2001-02-22,2001-02-22,12.9,31,25.2,81,5.6584,53
2001-02-23,2001-02-23,12.4,30.9,24.8,89,5.144,54
2001-02-24,2001-02-24,5.8,32.1,24.9,81,0,55
2001-02-25,2001-02-25,4.0,32.6,24.4,94,4.1152,56
2001-02-26,2001-02-26,18.2,29.4,24.9,83,1.5432,57
2001-02-27,2001-02-27,138.7,30.5,23.5,83,8.7448,58
2001-02-28,2001-02-28,7.7,31.1,23.5,95,6.1728,59
2001-03-01,2001-03-01,38.8,31.9,24.4,89,1.5432,60
2001-03-02,2001-03-02,4.0,30.5,24.4,89,3.66,61
2001-03-03,2001-03-03,0.0,31.6,26.4,74,3.0864,62
2001-03-04,2001-03-04,0.0,32.8,26.1,73,2.572,63
2001-03-05,2001-03-05,0.0,31.1,24.5,78,0,64
2001-03-06,2001-03-06,2.5,31.5,25.7,75,2.572,65
2001-03-07,2001-03-07,0.0,31.1,25.5,86,5.6584,66
2001-03-08,2001-03-08,0.0,31,26.3,90,5.144,67
2001-03-09,2001-03-09,1.4,31.4,26.2,73,4.6296,68
2001-03-10,2001-03-10,12.4,30.4,25.4,77,6.1728,69
2001-03-11,2001-03-11,0.5,30,24.5,89,4.1152,70
2001-03-12,2001-03-12,12.1,30.5,25.6,91,3.0864,71
2001-03-13,2001-03-13,0.5,31.5,25.4,77,2.572,72
2001-03-14,2001-03-14,29.0,31.6,25,81,1.5432,73
2001-03-15,2001-03-15,5.8,31.5,25.5,74,0,74
2001-03-16,2001-03-16,59.2,31,24.4,87,0,75
2001-03-17,2001-03-17,3.3,30.1,23.4,93,3.0864,76
2001-03-18,2001-03-18,2.1,31,24.1,81,5.6584,77
2001-03-19,2001-03-19,39.1,31.6,26,77,0,78
2001-03-20,2001-03-20,0.0,29.6,23.1,77,1.5432,79
2001-03-21,2001-03-21,0.0,29.9,26,62,8.7448,80
2001-03-22,2001-03-22,40.9,29.5,25.9,75,3.0864,81
2001-03-23,2001-03-23,3.1,31.4,24.5,87,3.6008,82
2001-03-24,2001-03-24,28.2,30.4,25,79,0,83
2001-03-25,2001-03-25,50.4,31.1,23.5,84,2.0576,84
2001-03-26,2001-03-26,0.0,29,22.5,90,1.5432,85
2001-03-27,2001-03-27,9.6,31.1,24,80,2.0576,86
2001-03-28,2001-03-28,2.4,31.5,23.1,84,3.0864,87
2001-03-29,2001-03-29,11.3,30.9,24.6,81,0,88
2001-03-30,2001-03-30,21.0,29.3,23.9,73,0,89
2001-03-31,2001-03-31,1.1,31.1,24,71,0,90
2001-04-01,2001-04-01,22.7,30.7,24.4,78,1.5432,91
2001-04-02,2001-04-02,58.2,31,23.9,79,2.572,92
2001-04-03,2001-04-03,0.3,31.1,23.6,80,3.0864,93
2001-04-04,2001-04-04,0.6,31.5,25,74,1.5432,94
2001-04-05,2001-04-05,14.0,31.5,25.5,75,0,95
2001-04-06,2001-04-06,9.9,30.6,25.9,73,7.2016,96
2001-04-07,2001-04-07,78.5,28.2,25,91,1.5432,97
2001-04-08,2001-04-08,0.0,32.4,23.6,83,0,98
2001-04-09,2001-04-09,0.0,32.2,24.8,86,0,99
2001-04-10,2001-04-10,1.9,31.9,24.4,86,0,100
2001-04-11,2001-04-11,0.3,31,25,79,0,101
2001-04-12,2001-04-12,0.3,30.9,25,84,2.572,102
2001-04-13,2001-04-13,1.1,31,26,76,4.6296,103
2001-04-14,2001-04-14,13.2,31.1,25.6,85,3.6008,104
2001-04-15,2001-04-15,4.0,30.4,26.1,80,5.144,105
2001-04-16,2001-04-16,22.5,31,25.5,77,1.0288,106
2001-04-17,2001-04-17,3.6,32.4,24.1,80,0,107
2001-04-18,2001-04-18,32.7,32.4,24.6,89,3.6008,108
2001-04-19,2001-04-19,13.5,30.9,24.1,88,1.5432,109
2001-04-20,2001-04-20,6.9,31.6,25.5,83,0,110
2001-04-21,2001-04-21,40.3,29,25.1,90,1.5432,111
2001-04-22,2001-04-22,12.6,28.5,24,94,0,112
2001-04-23,2001-04-23,12.6,28.5,23.6,88,5.6584,113
2001-04-24,2001-04-24,9.6,29.5,24,81,7.716,114
2001-04-25,2001-04-25,1.9,29.4,24.5,70,7.716,115
2001-04-26,2001-04-26,26.7,29.2,25.8,77,7.716,116
2001-04-27,2001-04-27,3.8,31,23.8,86,8.7448,117
2001-04-28,2001-04-28,0.6,29.9,24.5,77,6.6872,118
2001-04-29,2001-04-29,1.1,30.9,25.6,83,3.0864,119
2001-04-30,2001-04-30,0.1,30.4,25.6,82,5.144,120
2001-05-01,2001-05-01,0.9,30.4,26,81,4.6296,121
2001-05-02,2001-05-02,0.0,29.7,26.1,77,5.144,122
2001-05-03,2001-05-03,0.0,30,26,76,4.1152,123
2001-05-04,2001-05-04,0.0,30.4,24,82,0,124
2001-05-05,2001-05-05,1.0,30.2,25,78,2.572,125
2001-05-06,2001-05-06,26.8,31.5,25.4,80,1.0288,126
2001-05-07,2001-05-07,5.6,29.9,24.3,93,3.6008,127
2001-05-08,2001-05-08,3.6,28,24,80,0,128
2001-05-09,2001-05-09,0.0,30.9,25.5,72,0,129
2001-05-10,2001-05-10,0.0,30.5,24.5,81,2.572,130
2001-05-11,2001-05-11,0.0,30.2,25.6,77,2.572,131
2001-05-12,2001-05-12,3.0,30.3,24.2,83,0,132
2001-05-13,2001-05-13,4.0,29.4,24.3,93,3.6008,133
2001-05-14,2001-05-14,1.0,28,25.1,90,2.572,134
2001-05-15,2001-05-15,2.4,28.4,25,77,4.6296,135
2001-05-16,2001-05-16,14.0,26.2,24,92,7.716,136
2001-05-17,2001-05-17,0.0,27.9,23.8,64,9.2592,137
2001-05-18,2001-05-18,0.0,27.8,24,88,10.288,138
2001-05-19,2001-05-19,0.0,27.5,23.9,51,7.2016,139
2001-05-20,2001-05-20,0.0,27.6,23.9,64,9.2592,140
2001-05-21,2001-05-21,0.0,27.8,22.5,73,6.6872,141
2001-05-22,2001-05-22,0.0,28.9,23.4,73,6.1728,142
2001-05-23,2001-05-23,0.0,28,22.1,80,0,143
2001-05-24,2001-05-24,0.0,29.4,21.5,73,1.5432,144
2001-05-25,2001-05-25,4.9,30.5,23.9,77,1.5432,145
2001-05-26,2001-05-26,0.0,29.9,24.6,82,2.572,146
2001-05-27,2001-05-27,2.4,29,24.7,75,5.144,147
2001-05-28,2001-05-28,7.1,28.1,24.4,84,2.572,148
2001-05-29,2001-05-29,0.0,28.5,24.4,77,3.6008,149
2001-05-30,2001-05-30,5.1,29.9,25.5,84,0,150
2001-05-31,2001-05-31,0.0,28.9,22.6,84,0,151
2001-06-01,2001-06-01,42.2,31,23.8,85,0,152
2001-06-02,2001-06-02,5.2,26.9,23.2,96,7.716,153
2001-06-03,2001-06-03,24.4,25.6,23.4,83,9.2592,154
2001-06-04,2001-06-04,9.1,26.5,22.6,89,9.2592,155
2001-06-05,2001-06-05,5.2,28.2,24,84,9.2592,156
2001-06-06,2001-06-06,4.8,27.5,24.5,83,7.716,157
2001-06-07,2001-06-07,0.5,27.2,24,91,9.7736,158
2001-06-08,2001-06-08,0.9,27.1,23.5,78,6.6872,159
2001-06-09,2001-06-09,0.0,26.5,22.5,50,7.2016,160
2001-06-10,2001-06-10,0.0,26.7,22.6,80,6.1728,161
2001-06-11,2001-06-11,0.0,28,23,72,3.6008,162
2001-06-12,2001-06-12,14.7,30.2,23.5,86,0,163
2001-06-13,2001-06-13,0.8,28.1,23,79,2.0576,164
2001-06-14,2001-06-14,0.2,29.9,22.6,79,7.2016,165
2001-06-15,2001-06-15,0.0,28.6,22.5,73,3.6008,166
2001-06-16,2001-06-16,0.0,28.5,20.7,72,0,167
2001-06-17,2001-06-17,0.0,27.9,20.5,68,2.0576,168
2001-06-18,2001-06-18,0.0,27,21.1,69,3.0864,169
2001-06-19,2001-06-19,0.0,26.6,22.5,61,0,170
2001-06-20,2001-06-20,3.3,26.8,22.1,75,4.6296,171
2001-06-21,2001-06-21,0.4,25.8,22.4,83,0,172
2001-06-22,2001-06-22,1.8,28,23.1,81,6.1728,173
2001-06-23,2001-06-23,33.2,27.9,24.5,79,5.144,174
2001-06-24,2001-06-24,12.8,28,23.6,87,6.6872,175
2001-06-25,2001-06-25,5.8,25.4,24,96,8.2304,176
2001-06-26,2001-06-26,0.7,26.9,23.1,83,10.288,177
2001-06-27,2001-06-27,5.4,26.4,23.8,87,8.2304,178
2001-06-28,2001-06-28,3.4,26,23,83,7.716,179
2001-06-29,2001-06-29,0.9,26.4,22,71,10.288,180
2001-06-30,2001-06-30,15.5,25,22,82,9.2592,181
2001-07-01,2001-07-01,17.8,26.6,22.5,96,9.2592,182
2001-07-02,2001-07-02,0.7,26.3,22.9,99,5.6584,183
2001-07-03,2001-07-03,0.0,27.5,22.9,82,4.1152,184
2001-07-04,2001-07-04,0.0,28.5,23.5,84,0,185
2001-07-05,2001-07-05,6.2,29.9,23.5,86,0,186
2001-07-06,2001-07-06,0.1,29.9,25,97,2.572,187
2001-07-07,2001-07-07,0.0,28.6,22.2,94,1.5432,188
2001-07-08,2001-07-08,0.0,27.7,21.9,91,3.6008,189
2001-07-09,2001-07-09,0.0,28,24.5,85,5.144,190
2001-07-10,2001-07-10,0.0,29.5,24.4,84,1.5432,191
2001-07-11,2001-07-11,7.2,29.5,23.5,86,0,192
2001-07-12,2001-07-12,0.0,28.2,23.6,88,1.5432,193
2001-07-13,2001-07-13,0.4,26,22,57,8.2304,194
2001-07-14,2001-07-14,0.6,26.5,22.5,67,8.2304,195
2001-07-15,2001-07-15,0.0,26.5,21,71,5.144,196
2001-07-16,2001-07-16,0.0,28.2,22.5,79,2.0576,197
2001-07-17,2001-07-17,0.0,28.2,23.5,76,4.1152,198
2001-07-18,2001-07-18,26.9,29.5,21.5,81,2.0576,199
2001-07-19,2001-07-19,2.1,25,22,86,6.1728,200
2001-07-20,2001-07-20,0.0,28.1,22,99,0,201
2001-07-21,2001-07-21,3.0,27.2,22.4,91,1.0288,202
2001-07-22,2001-07-22,1.7,25.1,22.1,94,3.0864,203
2001-07-23,2001-07-23,2.4,25.9,23,91,5.6584,204
2001-07-24,2001-07-24,7.2,25.6,23.3,92,5.6584,205
2001-07-25,2001-07-25,0.0,24.4,22.1,82,10.288,206
2001-07-26,2001-07-26,0.0,24.9,21.6,52,7.716,207
2001-07-27,2001-07-27,0.0,25.5,21,54,8.7448,208
2001-07-28,2001-07-28,0.0,26,22.5,67,9.2592,209
2001-07-29,2001-07-29,0.7,26.5,21.5,66,8.7448,210
2001-07-30,2001-07-30,2.7,27,20.6,73,3.6008,211
2001-07-31,2001-07-31,2.7,27.1,22.1,75,4.6296,212
2001-08-01,2001-08-01,2.1,27.1,22.8,88,3.6008,213
2001-08-02,2001-08-02,11.2,28.3,23.1,91,0,214
2001-08-03,2001-08-03,0.0,28,23.4,89,3.0864,215
2001-08-04,2001-08-04,1.1,27.5,24,85,0,216
2001-08-05,2001-08-05,2.5,27,24.2,83,6.6872,217
2001-08-06,2001-08-06,0.0,27.5,24,84,3.0864,218
2001-08-07,2001-08-07,1.9,26.5,24.4,87,7.2016,219
2001-08-08,2001-08-08,0.0,28.1,24,74,6.1728,220
2001-08-09,2001-08-09,0.0,26.6,24.2,79,6.1728,221
2001-08-10,2001-08-10,0.0,28.1,23.6,83,0,222
2001-08-11,2001-08-11,0.0,26,22.6,64,8.7448,223
2001-08-12,2001-08-12,0.0,25.5,22,75,7.716,224
2001-08-13,2001-08-13,0.0,26,21.9,64,7.716,225
2001-08-14,2001-08-14,0.8,26.2,23,78,5.6584,226
2001-08-15,2001-08-15,9.9,26.4,22.5,89,3.6008,227
2001-08-16,2001-08-16,77.5,26.4,21,92,5.6584,228
2001-08-17,2001-08-17,11.2,25,20.4,95,9.2592,229
2001-08-18,2001-08-18,0.0,24.8,18,54,3.0864,230
2001-08-19,2001-08-19,0.0,25.4,19.5,56,1.5432,231
2001-08-20,2001-08-20,0.0,26.6,20.7,67,7.2016,232
2001-08-21,2001-08-21,0.0,26.9,22.6,73,4.1152,233
2001-08-22,2001-08-22,0.0,27.2,22.6,70,6.6872,234
2001-08-23,2001-08-23,0.0,27.2,23.8,76,3.6008,235
2001-08-24,2001-08-24,0.1,27.5,23.4,72,3.0864,236
2001-08-25,2001-08-25,4.9,27.4,23,77,4.1152,237
2001-08-26,2001-08-26,3.9,28.6,22.4,79,5.144,238
2001-08-27,2001-08-27,0.0,28.5,22.6,87,2.572,239
2001-08-28,2001-08-28,0.0,29,23.5,74,4.1152,240
2001-08-29,2001-08-29,0.0,29.1,22,74,2.0576,241
2001-08-30,2001-08-30,0.0,29,24,86,0,242
2001-08-31,2001-08-31,0.0,32.9,24,77,0,243
2001-09-01,2001-09-01,0.0,31.1,23.9,78,2.0576,244
2001-09-02,2001-09-02,0.0,31.1,24,67,4.6296,245
2001-09-03,2001-09-03,0.0,26.8,23.5,65,5.144,246
2001-09-04,2001-09-04,0.0,26.5,21.5,64,3.6008,247
2001-09-05,2001-09-05,0.0,27,21.5,70,4.1152,248
2001-09-06,2001-09-06,0.0,27,22.5,69,2.572,249
2001-09-07,2001-09-07,1.0,26.5,22,71,5.6584,250
2001-09-08,2001-09-08,5.0,26.7,22,86,6.6872,251
2001-09-09,2001-09-09,0.0,28.3,23.5,81,3.0864,252
2001-09-10,2001-09-10,0.0,28.9,24.5,75,5.144,253
2001-09-11,2001-09-11,0.0,28.1,23.9,77,7.716,254
2001-09-12,2001-09-12,0.0,28.5,24,78,3.6008,255
2001-09-13,2001-09-13,0.0,28.7,24,78,7.716,256
2001-09-14,2001-09-14,1.5,27.9,23.5,80,6.6872,257
2001-09-15,2001-09-15,0.0,27.8,22.5,75,6.6872,258
2001-09-16,2001-09-16,0.0,27.7,23,65,4.6296,259
2001-09-17,2001-09-17,0.0,28.5,23.4,64,5.144,260
2001-09-18,2001-09-18,0.0,28.5,24,73,2.572,261
2001-09-19,2001-09-19,1.9,28.1,23.9,72,6.6872,262
2001-09-20,2001-09-20,9.0,30.1,24,72,4.1152,263
2001-09-21,2001-09-21,47.7,26.5,24,86,5.6584,264
2001-09-22,2001-09-22,0.0,28.9,22.5,86,2.0576,265
2001-09-23,2001-09-23,0.0,29.1,23.5,80,0,266
2001-09-24,2001-09-24,0.8,29,23.5,77,0,267
2001-09-25,2001-09-25,0.9,27.2,22,74,8.2304,268
2001-09-26,2001-09-26,0.0,27.2,22,79,8.2304,269
2001-09-27,2001-09-27,1.2,27.6,22.8,72,4.6296,270
2001-09-28,2001-09-28,0.2,29,22.6,75,7.716,271
2001-09-29,2001-09-29,0.3,27.7,23.9,74,7.716,272
2001-09-30,2001-09-30,0.0,27.2,23.8,74,8.7448,273
2001-10-01,2001-10-01,46.1,27.5,23.6,76,8.7448,274
2001-10-02,2001-10-02,22.1,25,22,89,9.2592,275
2001-10-03,2001-10-03,5.1,28,20.1,96,0,276
2001-10-04,2001-10-04,0.0,29.5,20.4,81,2.572,277
2001-10-05,2001-10-05,0.0,30.6,23.5,80,0,278
2001-10-06,2001-10-06,0.2,31,23.9,73,2.0576,279
2001-10-07,2001-10-07,0.0,29.6,25,72,2.572,280
2001-10-08,2001-10-08,0.0,28.5,23.9,74,5.144,281
2001-10-09,2001-10-09,0.0,28.6,24,77,5.144,282
2001-10-10,2001-10-10,0.0,28.9,22.9,64,3.6008,283
2001-10-11,2001-10-11,0.0,30.6,22.5,66,2.572,284
2001-10-12,2001-10-12,0.0,28.2,22.5,78,5.6584,285
2001-10-13,2001-10-13,0.0,27.6,23.5,65,6.1728,286
2001-10-14,2001-10-14,0.0,28.5,22.9,60,5.144,287
2001-10-15,2001-10-15,0.0,28.1,23,54,5.144,288
2001-10-16,2001-10-16,0.6,27.9,22.9,72,6.6872,289
2001-10-17,2001-10-17,12.6,28.9,24,79,4.1152,290
2001-10-18,2001-10-18,3.7,29.1,23.7,85,3.6008,291
2001-10-19,2001-10-19,0.0,29.9,24.1,81,3.0864,292
2001-10-20,2001-10-20,0.0,29.4,24.4,73,6.1728,293
2001-10-21,2001-10-21,0.7,29.1,24,68,5.6584,294
2001-10-22,2001-10-22,15.6,28.8,24.9,85,0,295
2001-10-23,2001-10-23,0.0,30.9,24,74,3.0864,296
2001-10-24,2001-10-24,0.0,28,24.1,77,6.1728,297
2001-10-25,2001-10-25,0.0,27.4,22.6,74,4.1152,298
2001-10-26,2001-10-26,0.0,27.6,22.8,58,6.6872,299
2001-10-27,2001-10-27,0.0,28,22.8,53,5.6584,300
2001-10-28,2001-10-28,0.1,29.1,22.6,58,4.1152,301
2001-10-29,2001-10-29,0.0,29.4,23.2,65,5.6584,302
2001-10-30,2001-10-30,0.0,29.6,23.9,67,0,303
2001-10-31,2001-10-31,0.2,31,24.1,68,3.6008,304
2001-11-01,2001-11-01,34.0,29.4,24,89,4.1152,305
2001-11-02,2001-11-02,0.0,30.1,23.4,82,4.1152,306
2001-11-03,2001-11-03,0.0,29.6,25,76,3.6008,307
2001-11-04,2001-11-04,0.2,30.2,25.1,74,4.6296,308
2001-11-05,2001-11-05,32.6,29.2,25.6,78,6.1728,309
2001-11-06,2001-11-06,0.1,30.4,23,80,3.0864,310
2001-11-07,2001-11-07,53.5,31.4,23.9,75,2.572,311
2001-11-08,2001-11-08,1.1,31.9,23.6,96,4.1152,312
2001-11-09,2001-11-09,0.0,29.5,23.4,74,5.144,313
2001-11-10,2001-11-10,1.1,29.4,24.9,72,6.6872,314
2001-11-11,2001-11-11,0.3,29.4,24.2,71,6.6872,315
2001-11-12,2001-11-12,0.0,29.5,24.4,70,6.6872,316
2001-11-13,2001-11-13,0.7,29.5,25.2,78,4.6296,317
2001-11-14,2001-11-14,0.0,29.4,24.4,72,4.1152,318
2001-11-15,2001-11-15,0.0,30.5,24.1,76,0,319
2001-11-16,2001-11-16,0.0,30.6,23.2,69,4.6296,320
2001-11-17,2001-11-17,0.0,30.6,23.6,73,3.0864,321
2001-11-18,2001-11-18,0.4,30.6,24.4,81,6.1728,322
2001-11-19,2001-11-19,8.0,28.4,25.6,88,3.0864,323
2001-11-20,2001-11-20,5.6,29.5,24.7,79,4.6296,324
2001-11-21,2001-11-21,0.0,28.5,25.4,77,7.716,325
2001-11-22,2001-11-22,0.0,29.9,24.6,59,6.1728,326
2001-11-23,2001-11-23,0.0,31.3,24.4,62,0,327
2001-11-24,2001-11-24,0.3,31.4,24,75,0,328
2001-11-25,2001-11-25,0.3,31.5,23.6,89,2.572,329
2001-11-26,2001-11-26,0.0,31,23.4,77,0,330
2001-11-27,2001-11-27,0.4,29.4,25.2,63,6.1728,331
2001-11-28,2001-11-28,0.0,29.6,23.2,67,4.6296,332
2001-11-29,2001-11-29,0.0,30.6,23.9,80,3.6008,333
2001-11-30,2001-11-30,0.0,31.1,23.6,69,0,334
2001-12-01,2001-12-01,25.7,31.7,23.9,67,2.572,335
2001-12-02,2001-12-02,0.9,30.9,23.4,74,2.572,336
2001-12-03,2001-12-03,0.0,29.6,24.6,68,6.6872,337
2001-12-04,2001-12-04,3.3,29.6,25.4,71,6.1728,338
2001-12-05,2001-12-05,1.1,29.9,24,88,2.572,339
2001-12-06,2001-12-06,18.3,30.9,24.9,81,6.1728,340
2001-12-07,2001-12-07,4.7,29.9,21.4,78,4.1152,341
2001-12-08,2001-12-08,2.9,29.6,23.6,74,5.144,342
2001-12-09,2001-12-09,23.3,28.5,24.5,97,5.144,343
2001-12-10,2001-12-10,0.3,31.5,23.2,78,1.5432,344
2001-12-11,2001-12-11,3.7,29.4,25,86,3.6008,345
2001-12-12,2001-12-12,0.3,29.9,25,88,2.572,346
2001-12-13,2001-12-13,55.9,31.4,24.8,73,4.1152,347
2001-12-14,2001-12-14,18.5,31.9,23.8,75,1.5432,348
2001-12-15,2001-12-15,4.6,32.6,24.5,80,1.5432,349
2001-12-16,2001-12-16,0.0,32.1,25.8,86,3.6008,350
2001-12-17,2001-12-17,0.0,31.2,26.1,79,4.1152,351
2001-12-18,2001-12-18,0.0,30.9,24.4,74,5.144,352
2001-12-19,2001-12-19,0.0,31.5,24,68,3.0864,353
2001-12-20,2001-12-20,45.3,31.4,24.3,69,3.6008,354
2001-12-21,2001-12-21,33.6,29.7,23.4,78,0,355
2001-12-22,2001-12-22,41.4,30.1,24.5,79,0,356
2001-12-23,2001-12-23,1.5,29.3,24.4,97,0,357
2001-12-24,2001-12-24,1.3,31,25.4,84,5.144,358
2001-12-25,2001-12-25,1.6,30.6,25.6,88,6.1728,359
2001-12-26,2001-12-26,3.4,30.6,26.6,84,6.6872,360
2001-12-27,2001-12-27,6.1,31.1,26.1,82,7.2016,361
2001-12-28,2001-12-28,0.0,31,25.5,77,6.6872,362
2001-12-29,2001-12-29,0.3,31,25.5,80,8.2304,363
2001-12-30,2001-12-30,4.2,30.7,26.1,86,7.716,364
2001-12-31,2001-12-31,0.0,31.5,25.2,88,6.6872,365
2002-01-01,2002-01-01,0.0,32.1,25.9,72,4.1152,1
2002-01-02,2002-01-02,4.2,32,26.1,70,3.6008,2
2002-01-03,2002-01-03,11.1,31.2,25.5,74,3.6008,3
2002-01-04,2002-01-04,0.0,31.6,25,77,3.0864,4
2002-01-05,2002-01-05,0.2,32.1,25.6,74,2.0576,5
2002-01-06,2002-01-06,31.8,32.7,26.4,81,0,6
2002-01-07,2002-01-07,5.2,32.8,24,80,0,7
2002-01-08,2002-01-08,13.7,32,24.5,82,3.0864,8
2002-01-09,2002-01-09,0.0,32,25.4,87,0,9
2002-01-10,2002-01-10,0.0,33,25.4,81,0,10
2002-01-11,2002-01-11,51.9,32.9,25.7,70,3.6008,11
2002-01-12,2002-01-12,100.0,32.6,23.5,91,3.6008,12
2002-01-13,2002-01-13,29.6,28.6,24.2,93,0,13
2002-01-14,2002-01-14,31.5,32.1,24.9,95,0,14
2002-01-15,2002-01-15,1.4,31.9,24.1,77,2.0576,15
2002-01-16,2002-01-16,57.9,32,25.1,84,1.5432,16
2002-01-17,2002-01-17,2.3,32.1,24.1,81,0,17
2002-01-18,2002-01-18,0.0,32,24.5,73,0,18
2002-01-19,2002-01-19,4.7,31.5,26,74,3.6008,19
2002-01-20,2002-01-20,16.5,31,25.9,82,6.6872,20
2002-01-21,2002-01-21,21.7,30.6,25.6,74,0,21
2002-01-22,2002-01-22,2.5,32.1,24.8,86,1.5432,22
2002-01-23,2002-01-23,1.8,31,26.2,74,0,23
2002-01-24,2002-01-24,9.4,32.7,25.9,71,3.0864,24
2002-01-25,2002-01-25,0.0,31.6,25.4,74,2.572,25
2002-01-26,2002-01-26,52.4,32.1,26.1,74,1.5432,26
2002-01-27,2002-01-27,38.7,32.5,24.6,68,0,27
2002-01-28,2002-01-28,6.7,31.6,24.9,75,0,28
2002-01-29,2002-01-29,1.0,32,25.6,74,0,29
2002-01-30,2002-01-30,0.6,33,24.5,81,0,30
2002-01-31,2002-01-31,9.0,32,25,81,3.6008,31
2002-02-01,2002-02-01,4.9,32.1,25.4,93,2.572,32
2002-02-02,2002-02-02,19.1,31.6,25.2,80,3.0864,33
2002-02-03,2002-02-03,22.5,32.1,24.9,86,0,34
2002-02-04,2002-02-04,28.2,32,25.6,87,3.0864,35
2002-02-05,2002-02-05,0.2,32,25,83,0,36
2002-02-06,2002-02-06,7.2,31.1,25.4,79,0,37
2002-02-07,2002-02-07,1.2,31.6,24.7,80,2.572,38
2002-02-08,2002-02-08,20.8,32.4,24.4,84,0,39
2002-02-09,2002-02-09,1.2,32.2,24,79,4.1152,40
2002-02-10,2002-02-10,16.9,32,26.1,76,2.572,41
2002-02-11,2002-02-11,14.7,32,24.9,73,4.1152,42
2002-02-12,2002-02-12,2.4,32.2,25.9,82,4.1152,43
2002-02-13,2002-02-13,0.0,32.1,26.6,79,3.0864,44
2002-02-14,2002-02-14,0.0,32.7,26.5,80,3.6008,45
2002-02-15,2002-02-15,0.0,32.1,27,70,2.0576,46
2002-02-16,2002-02-16,0.8,32,27,76,2.572,47
2002-02-17,2002-02-17,7.8,32.1,27.5,75,5.144,48
2002-02-18,2002-02-18,7.4,32.1,27,74,2.572,49
2002-02-19,2002-02-19,18.2,32.6,27,84,5.144,50
2002-02-20,2002-02-20,39.4,31.9,24.9,82,0,51
2002-02-21,2002-02-21,3.2,28.2,24.2,100,0,52
2002-02-22,2002-02-22,110.7,29.8,24.5,97,2.0576,53
2002-02-23,2002-02-23,58.2,27.6,24.4,96,2.0576,54
2002-02-24,2002-02-24,22.9,29.6,24.4,95,0,55
2002-02-25,2002-02-25,0.0,32.4,24.5,80,0,56
2002-02-26,2002-02-26,3.7,32.4,24.4,73,0,57
2002-02-27,2002-02-27,4.1,32.6,25.5,76,0,58
2002-02-28,2002-02-28,43.9,32.4,25.1,77,0,59
2002-03-01,2002-03-01,4.5,32.4,24,77,0,60
2002-03-02,2002-03-02,1.0,31,24.9,81,0,61
2002-03-03,2002-03-03,1.1,31,25,65,2.0576,62
2002-03-04,2002-03-04,24.4,31.9,25.5,75,2.0576,63
2002-03-05,2002-03-05,2.2,31,25,84,0,64
2002-03-06,2002-03-06,0.0,32.2,25,79,0,65
2002-03-07,2002-03-07,21.5,31.6,24.2,75,1.5432,66
2002-03-08,2002-03-08,45.4,32.5,25.5,84,3.6008,67
2002-03-09,2002-03-09,21.3,31.5,25,86,6.6872,68
2002-03-10,2002-03-10,135.4,31,24.9,87,8.7448,69
2002-03-11,2002-03-11,8.3,31.5,24,83,6.6872,70
2002-03-12,2002-03-12,0.0,33,26,75,0,71
2002-03-13,2002-03-13,0.0,32.3,26,79,2.572,72
2002-03-14,2002-03-14,1.5,32.7,26.5,82,3.0864,73
2002-03-15,2002-03-15,0.8,32.8,26.7,77,1.5432,74
2002-03-16,2002-03-16,0.0,32.9,26,77,0,75
2002-03-17,2002-03-17,0.6,33,26.4,76,0,76
2002-03-18,2002-03-18,0.0,31,25.2,79,6.6872,77
2002-03-19,2002-03-19,5.3,28.5,23,68,7.716,78
2002-03-20,2002-03-20,2.9,30.2,24.1,79,3.6008,79
2002-03-21,2002-03-21,4.1,32.4,26,74,3.6008,80
2002-03-22,2002-03-22,0.0,31,25.9,83,6.6872,81
2002-03-23,2002-03-23,0.0,31.7,25.6,76,3.0864,82
2002-03-24,2002-03-24,0.0,32.8,24.5,81,0,83
2002-03-25,2002-03-25,0.0,32.1,25.2,77,0,84
2002-03-26,2002-03-26,0.0,32,25.1,81,0,85
2002-03-27,2002-03-27,4.0,31.5,24.9,74,0,86
2002-03-28,2002-03-28,16.6,31,25.2,79,0,87
2002-03-29,2002-03-29,104.2,32.4,25.2,83,0,88
2002-03-30,2002-03-30,0.0,32.1,24.1,89,3.0864,89
2002-03-31,2002-03-31,0.0,32.1,24.9,75,2.0576,90
2002-04-01,2002-04-01,45.9,31.5,26,79,2.572,91
2002-04-02,2002-04-02,4.1,31.5,24.5,74,0,92
2002-04-03,2002-04-03,0.0,31.9,24.6,81,0,93
2002-04-04,2002-04-04,0.0,32,26,75,2.0576,94
2002-04-05,2002-04-05,0.6,31.5,25.5,77,0,95
2002-04-06,2002-04-06,0.0,31.4,24.5,70,0,96
2002-04-07,2002-04-07,6.5,33,25.5,79,0,97
2002-04-08,2002-04-08,6.1,31.5,25,88,0,98
2002-04-09,2002-04-09,0.0,31.5,24.5,77,0,99
2002-04-10,2002-04-10,35.0,31.7,24,79,3.6008,100
2002-04-11,2002-04-11,16.1,30.5,23.9,86,5.144,101
2002-04-12,2002-04-12,0.9,30,24,90,2.0576,102
2002-04-13,2002-04-13,10.4,32,24.1,78,2.572,103
2002-04-14,2002-04-14,7.7,30.5,24.5,79,3.0864,104
2002-04-15,2002-04-15,8.1,30.5,24.4,86,3.6008,105
2002-04-16,2002-04-16,8.8,29.5,26,86,7.716,106
2002-04-17,2002-04-17,7.7,29.4,25,81,8.7448,107
2002-04-18,2002-04-18,0.1,28.5,24.6,79,6.6872,108
2002-04-19,2002-04-19,0.0,29.6,25,62,8.7448,109
2002-04-20,2002-04-20,0.0,29.5,25,65,6.6872,110
2002-04-21,2002-04-21,0.8,28.2,24.2,79,8.2304,111
2002-04-22,2002-04-22,0.0,29.2,25,84,1.5432,112
2002-04-23,2002-04-23,0.6,31.2,25,73,0,113
2002-04-24,2002-04-24,30.6,31.5,26,80,3.6008,114
2002-04-25,2002-04-25,32.2,30,25,81,7.716,115
2002-04-26,2002-04-26,24.1,30,24,85,8.2304,116
2002-04-27,2002-04-27,5.2,30.2,25.1,93,6.1728,117
2002-04-28,2002-04-28,0.0,30,25.2,81,1.5432,118
2002-04-29,2002-04-29,2.4,29.5,25.5,86,3.0864,119
2002-04-30,2002-04-30,0.1,29,26.5,81,6.1728,120
2002-05-01,2002-05-01,0.0,31,26,81,3.0864,121
2002-05-02,2002-05-02,9.5,31.6,25.9,85,0,122
2002-05-03,2002-05-03,8.5,30,25,84,0,123
2002-05-04,2002-05-04,6.0,27.5,25,88,8.7448,124
2002-05-05,2002-05-05,1.8,28.5,24.6,73,8.7448,125
2002-05-06,2002-05-06,2.9,28.6,24.1,77,8.2304,126
2002-05-07,2002-05-07,11.1,27.5,25,81,6.1728,127
2002-05-08,2002-05-08,2.9,28,25.5,92,7.716,128
2002-05-09,2002-05-09,1.5,27.7,24.9,88,6.1728,129
2002-05-10,2002-05-10,21.6,31.1,25.3,82,0,130
2002-05-11,2002-05-11,2.0,32.1,24.1,84,2.572,131
2002-05-12,2002-05-12,6.3,29.5,25,89,0,132
2002-05-13,2002-05-13,0.2,31.5,24.5,71,0,133
2002-05-14,2002-05-14,0.0,30.7,25.5,94,0,134
2002-05-15,2002-05-15,0.1,29.9,26,84,5.144,135
2002-05-16,2002-05-16,0.5,29,25.5,87,6.1728,136
2002-05-17,2002-05-17,0.0,28.7,26,84,6.1728,137
2002-05-18,2002-05-18,0.0,29.2,25.6,70,3.6008,138
2002-05-19,2002-05-19,0.0,29.2,24.5,81,5.144,139
2002-05-20,2002-05-20,0.0,28.5,24.8,69,5.6584,140
2002-05-21,2002-05-21,1.2,28.5,23.6,61,3.6008,141
2002-05-22,2002-05-22,0.0,29.4,22.9,74,2.0576,142
2002-05-23,2002-05-23,0.0,29.4,24.7,84,4.6296,143
2002-05-24,2002-05-24,0.0,29.4,24.2,79,4.6296,144
2002-05-25,2002-05-25,4.4,28.5,24.4,72,4.1152,145
2002-05-26,2002-05-26,0.2,28.4,24.4,91,3.0864,146
2002-05-27,2002-05-27,0.4,28.8,25,81,2.572,147
2002-05-28,2002-05-28,3.2,29,25.2,78,4.6296,148
2002-05-29,2002-05-29,7.6,27.9,25,94,8.2304,149
2002-05-30,2002-05-30,7.4,28.6,24.3,87,2.572,150
2002-05-31,2002-05-31,0.1,29.9,24.5,89,2.572,151
2002-06-01,2002-06-01,2.6,30.6,23.8,87,0,152
2002-06-02,2002-06-02,2.4,30.4,23.4,83,0,153
2002-06-03,2002-06-03,0.0,28.1,24.1,74,4.6296,154
2002-06-04,2002-06-04,0.1,27.5,24.8,68,7.2016,155
2002-06-05,2002-06-05,0.0,26.4,23.8,75,9.2592,156
2002-06-06,2002-06-06,0.0,27.6,24,67,7.2016,157
2002-06-07,2002-06-07,0.0,27.4,23.3,73,8.7448,158
2002-06-08,2002-06-08,0.0,27.9,23.1,64,6.6872,159
2002-06-09,2002-06-09,0.0,27.6,24.1,67,8.7448,160
2002-06-10,2002-06-10,0.0,28.9,23.7,79,3.0864,161
2002-06-11,2002-06-11,0.0,29.2,24.6,73,1.5432,162
2002-06-12,2002-06-12,0.0,28.5,25.4,73,5.6584,163
2002-06-13,2002-06-13,0.7,28.4,24.6,77,6.6872,164
2002-06-14,2002-06-14,0.0,28.6,25,86,5.6584,165
2002-06-15,2002-06-15,0.7,28.7,25.3,74,3.6008,166
2002-06-16,2002-06-16,2.2,29,24.4,82,6.1728,167
2002-06-17,2002-06-17,0.2,28.5,25,86,5.6584,168
2002-06-18,2002-06-18,0.0,28.7,24.8,78,9.2592,169
2002-06-19,2002-06-19,5.6,28.4,25,70,6.1728,170
2002-06-20,2002-06-20,0.0,29.1,23,72,0,171
2002-06-21,2002-06-21,0.0,29.9,22.2,86,1.0288,172
2002-06-22,2002-06-22,0.4,28.6,24.2,72,3.0864,173
2002-06-23,2002-06-23,0.0,28.3,23.3,82,1.5432,174
2002-06-24,2002-06-24,24.6,28,23.1,78,1.5432,175
2002-06-25,2002-06-25,16.7,25.1,22.6,89,7.2016,176
2002-06-26,2002-06-26,0.0,27,22.7,81,7.716,177
2002-06-27,2002-06-27,2.5,27.9,24,74,6.6872,178
2002-06-28,2002-06-28,0.0,28,24,95,0,179
2002-06-29,2002-06-29,1.3,29.4,23.1,83,0,180
2002-06-30,2002-06-30,0.0,30,24.1,90,0,181
2002-07-01,2002-07-01,4.7,28,23,84,0,182
2002-07-02,2002-07-02,27.5,25.5,24.2,99,0,183
2002-07-03,2002-07-03,17.4,25.1,22.6,89,7.716,184
2002-07-04,2002-07-04,1.6,26.7,22.2,88,8.2304,185
2002-07-05,2002-07-05,0.0,29.6,23.9,86,0,186
2002-07-06,2002-07-06,2.6,30,23.5,86,0,187
2002-07-07,2002-07-07,0.0,30,23,82,2.572,188
2002-07-08,2002-07-08,0.2,30.1,22.8,91,0,189
2002-07-09,2002-07-09,7.3,26.5,23.9,83,7.716,190
2002-07-10,2002-07-10,12.6,25.9,23,96,6.6872,191
2002-07-11,2002-07-11,34.2,27.8,23.4,95,5.6584,192
2002-07-12,2002-07-12,74.5,28.4,22.4,92,9.2592,193
2002-07-13,2002-07-13,0.0,25.9,22.2,86,3.6008,194
2002-07-14,2002-07-14,0.0,26.2,22.9,86,2.572,195
2002-07-15,2002-07-15,0.1,25.9,22.6,65,3.0864,196
2002-07-16,2002-07-16,0.0,26.6,21.3,82,3.0864,197
2002-07-17,2002-07-17,0.0,27.5,23.4,77,5.144,198
2002-07-18,2002-07-18,0.0,27.1,24.5,72,6.6872,199
2002-07-19,2002-07-19,0.0,26.7,23.3,61,7.2016,200
2002-07-20,2002-07-20,0.8,26.9,23.1,65,7.716,201
2002-07-21,2002-07-21,7.9,27.4,22.6,69,8.7448,202
2002-07-22,2002-07-22,40.7,27.4,22.4,86,3.0864,203
2002-07-23,2002-07-23,0.1,28.4,22.4,89,2.0576,204
2002-07-24,2002-07-24,0.0,28.6,24.1,78,0,205
2002-07-25,2002-07-25,2.7,28.9,24.1,78,3.6008,206
2002-07-26,2002-07-26,10.3,30.1,23.9,86,0,207
2002-07-27,2002-07-27,12.2,28.7,23.5,97,0,208
2002-07-28,2002-07-28,0.2,26.1,21.6,95,0,209
2002-07-29,2002-07-29,0.0,26.1,21.7,61,3.0864,210
2002-07-30,2002-07-30,0.0,24.6,22.5,65,7.716,211
2002-07-31,2002-07-31,0.0,25.9,22.4,57,6.6872,212
2002-08-01,2002-08-01,0.0,26.5,22,59,8.2304,213
2002-08-02,2002-08-02,0.0,27,23.5,64,9.2592,214
2002-08-03,2002-08-03,0.0,28,22.7,63,7.2016,215
2002-08-04,2002-08-04,0.0,27,23.6,68,7.716,216
2002-08-05,2002-08-05,0.0,27,23,65,7.2016,217
2002-08-06,2002-08-06,0.0,27.5,20.6,76,3.6008,218
2002-08-07,2002-08-07,0.0,28.1,20.5,78,1.5432,219
2002-08-08,2002-08-08,0.0,27.2,23,84,3.6008,220
2002-08-09,2002-08-09,4.3,25,22.5,83,5.6584,221
2002-08-10,2002-08-10,13.3,23.3,20.6,92,7.2016,222
2002-08-11,2002-08-11,35.9,22.1,20.1,93,9.2592,223
2002-08-12,2002-08-12,12.1,25,20.3,94,7.2016,224
2002-08-13,2002-08-13,1.6,27.1,21.5,78,3.0864,225
2002-08-14,2002-08-14,0.5,27.4,22.4,86,4.1152,226
2002-08-15,2002-08-15,0.0,27.9,24.4,81,2.572,227
2002-08-16,2002-08-16,24.2,31,19.6,76,0,228
2002-08-17,2002-08-17,2.4,23.2,22,99,4.1152,229
2002-08-18,2002-08-18,1.9,24.4,20.1,86,2.572,230
2002-08-19,2002-08-19,37.8,22.2,20,95,5.144,231
2002-08-20,2002-08-20,29.3,23,20.5,99,7.716,232
2002-08-21,2002-08-21,7.7,23.4,20.9,94,6.6872,233
2002-08-22,2002-08-22,2.0,24.4,20.4,87,8.2304,234
2002-08-23,2002-08-23,0.0,26.2,20.5,63,7.2016,235
2002-08-24,2002-08-24,0.0,,21.5,57,7.716,236
2002-08-25,2002-08-25,0.0,,,,,237
2002-08-26,2002-08-26,0.0,27.6,,,,238
2002-08-27,2002-08-27,0.0,28.7,22,75,2.572,239
2002-08-28,2002-08-28,0.0,31.5,23.3,84,1.5432,240
2002-08-29,2002-08-29,0.0,23.9,22.6,85,7.716,241
2002-08-30,2002-08-30,13.2,26.1,20.5,66,6.1728,242
2002-08-31,2002-08-31,20.8,24.1,21.3,97,5.6584,243
2002-09-01,2002-09-01,14.6,25,21.5,100,7.2016,244
2002-09-02,2002-09-02,0.2,27.4,22.5,95,6.1728,245
2002-09-03,2002-09-03,0.3,26.9,24.1,86,6.1728,246
2002-09-04,2002-09-04,0.0,27,23.6,80,8.2304,247
2002-09-05,2002-09-05,0.0,26.5,23.5,73,10.288,248
2002-09-06,2002-09-06,0.0,26.3,22.6,61,8.7448,249
2002-09-07,2002-09-07,0.0,27,22.6,71,6.6872,250
2002-09-08,2002-09-08,0.0,27.4,23,76,0,251
2002-09-09,2002-09-09,0.0,28.6,23,72,2.572,252
2002-09-10,2002-09-10,6.5,28.8,22.6,73,2.572,253
2002-09-11,2002-09-11,0.5,27.3,23.9,90,5.6584,254
2002-09-12,2002-09-12,1.2,31,24.2,83,3.6008,255
2002-09-13,2002-09-13,19.7,28.2,23.4,82,3.6008,256
2002-09-14,2002-09-14,6.8,26.4,22.9,85,6.6872,257
2002-09-15,2002-09-15,0.1,25.4,22.5,88,10.288,258
2002-09-16,2002-09-16,31.4,25.4,22.1,70,10.8024,259
2002-09-17,2002-09-17,32.7,22.8,20.9,97,5.6584,260
2002-09-18,2002-09-18,4.5,26.1,20.8,95,10.288,261
2002-09-19,2002-09-19,0.0,29,22.1,85,0,262
2002-09-20,2002-09-20,0.0,27.3,21,60,3.6008,263
2002-09-21,2002-09-21,0.0,27.5,21.9,74,3.6008,264
2002-09-22,2002-09-22,0.8,27,22.9,77,5.144,265
2002-09-23,2002-09-23,8.2,26.1,23.6,91,7.2016,266
2002-09-24,2002-09-24,24.2,27,23.9,91,4.1152,267
2002-09-25,2002-09-25,8.5,29.3,24.1,92,4.1152,268
2002-09-26,2002-09-26,4.4,25.4,22.7,95,5.144,269
2002-09-27,2002-09-27,0.0,26.5,22.5,69,10.8024,270
2002-09-28,2002-09-28,0.0,27,22.8,63,10.288,271
2002-09-29,2002-09-29,0.2,27.3,22.9,67,9.2592,272
2002-09-30,2002-09-30,0.0,28.5,23.5,75,9.7736,273
2002-10-01,2002-10-01,0.0,28.7,24.4,78,3.6008,274
2002-10-02,2002-10-02,0.0,28,23.7,73,0,275
2002-10-03,2002-10-03,2.1,27.8,24.2,77,6.1728,276
2002-10-04,2002-10-04,0.4,27.6,23,86,5.144,277
2002-10-05,2002-10-05,1.0,27.1,23.1,82,8.2304,278
2002-10-06,2002-10-06,9.4,27.4,22.8,77,7.2016,279
2002-10-07,2002-10-07,2.1,24,21.6,89,10.288,280
2002-10-08,2002-10-08,8.8,24.5,21.3,81,1.5432,281
2002-10-09,2002-10-09,0.0,25.8,20.2,78,9.2592,282
2002-10-10,2002-10-10,0.1,24.9,22,52,10.288,283
2002-10-11,2002-10-11,0.8,25.9,21.4,70,10.288,284
2002-10-12,2002-10-12,2.3,27.4,21.2,75,9.7736,285
2002-10-13,2002-10-13,1.0,28.8,22.6,74,6.1728,286
2002-10-14,2002-10-14,2.1,27.1,23.3,83,8.2304,287
2002-10-15,2002-10-15,0.7,27.1,23.4,86,3.6008,288
2002-10-16,2002-10-16,1.6,27.4,24,82,9.7736,289
2002-10-17,2002-10-17,4.0,29.4,23.5,77,10.288,290
2002-10-18,2002-10-18,23.0,28.5,23.6,84,8.2304,291
2002-10-19,2002-10-19,1.3,27.2,23.6,96,3.6008,292
2002-10-20,2002-10-20,0.0,27.8,23.1,75,9.7736,293
2002-10-21,2002-10-21,0.0,27.7,24.3,78,7.716,294
2002-10-22,2002-10-22,0.0,30.4,24.4,77,7.2016,295
2002-10-23,2002-10-23,8.7,32.9,23.4,70,1.5432,296
2002-10-24,2002-10-24,0.0,30,24.3,90,0,297
2002-10-25,2002-10-25,0.0,32.4,26.1,77,2.572,298
2002-10-26,2002-10-26,0.0,27.2,24.1,70,3.6008,299
2002-10-27,2002-10-27,0.0,28.2,23,74,6.1728,300
2002-10-28,2002-10-28,0.0,29.9,23.5,72,3.6008,301
2002-10-29,2002-10-29,0.6,31.3,24.4,72,3.6008,302
2002-10-30,2002-10-30,20.9,30,24.2,92,3.6008,303
2002-10-31,2002-10-31,3.1,28.9,24.5,93,3.6008,304
2002-11-01,2002-11-01,0.1,27,23.9,82,7.716,305
2002-11-02,2002-11-02,3.6,28.5,24.7,81,10.288,306
2002-11-03,2002-11-03,0.2,29.7,23.9,84,3.6008,307
2002-11-04,2002-11-04,14.8,25.7,24.5,87,5.144,308
2002-11-05,2002-11-05,0.5,27.4,23,97,6.6872,309
2002-11-06,2002-11-06,0.1,30,24.4,84,5.144,310
2002-11-07,2002-11-07,13.2,30,25.6,84,4.1152,311
2002-11-08,2002-11-08,1.6,30.3,24.1,81,4.1152,312
2002-11-09,2002-11-09,5.7,28.5,25.8,86,5.144,313
2002-11-10,2002-11-10,8.8,29.5,24.4,89,6.1728,314
2002-11-11,2002-11-11,6.7,27.9,24.7,85,7.2016,315
2002-11-12,2002-11-12,8.4,26.3,24,94,5.6584,316
2002-11-13,2002-11-13,81.3,25.6,24.1,97,5.6584,317
2002-11-14,2002-11-14,30.2,27.8,22.8,87,6.6872,318
2002-11-15,2002-11-15,12.0,27,23.5,96,10.288,319
2002-11-16,2002-11-16,0.0,28.3,23.5,75,7.2016,320
2002-11-17,2002-11-17,1.7,29,24.2,77,4.6296,321
2002-11-18,2002-11-18,5.8,29.7,24,79,6.6872,322
2002-11-19,2002-11-19,1.1,27.7,24.8,86,7.716,323
2002-11-20,2002-11-20,5.7,28.4,25.2,96,2.572,324
2002-11-21,2002-11-21,7.2,27.9,24.3,82,9.2592,325
2002-11-22,2002-11-22,0.0,26.5,23,80,8.2304,326
2002-11-23,2002-11-23,0.0,27.4,23.1,80,7.716,327
2002-11-24,2002-11-24,1.7,28.1,23.6,77,5.6584,328
2002-11-25,2002-11-25,0.3,28.8,23.4,80,7.2016,329
2002-11-26,2002-11-26,0.2,29,23.6,85,8.7448,330
2002-11-27,2002-11-27,0.0,27.5,24.3,75,5.6584,331
2002-11-28,2002-11-28,0.0,27.3,23,75,6.6872,332
2002-11-29,2002-11-29,0.0,27.5,23.7,70,6.6872,333
2002-11-30,2002-11-30,0.1,27,22.2,80,4.6296,334
2002-12-01,2002-12-01,1.5,28.4,23,66,7.2016,335
2002-12-02,2002-12-02,0.0,28.7,23,77,6.6872,336
2002-12-03,2002-12-03,2.5,26.4,24,89,11.8312,337
2002-12-04,2002-12-04,6.2,30.4,24.5,93,2.572,338
2002-12-05,2002-12-05,2.4,31.6,24.2,85,0,339
2002-12-06,2002-12-06,3.4,29.9,24.6,87,3.6008,340
2002-12-07,2002-12-07,0.7,29.4,24.1,89,5.144,341
2002-12-08,2002-12-08,2.3,28,24.1,88,6.6872,342
2002-12-09,2002-12-09,0.0,30,24.5,79,3.6008,343
2002-12-10,2002-12-10,0.0,29.3,24.6,70,6.1728,344
2002-12-11,2002-12-11,37.0,29.4,24.6,66,4.6296,345
2002-12-12,2002-12-12,0.3,29.5,23.2,95,2.572,346
2002-12-13,2002-12-13,0.0,29.5,25,67,8.7448,347
2002-12-14,2002-12-14,1.6,29,24.6,60,8.7448,348
2002-12-15,2002-12-15,0.7,27.6,23.7,97,10.8024,349
2002-12-16,2002-12-16,9.4,29.3,25.4,92,5.144,350
2002-12-17,2002-12-17,9.6,30.4,25.5,94,5.6584,351
2002-12-18,2002-12-18,9.5,32.1,23.6,83,0,352
2002-12-19,2002-12-19,0.0,32.7,24.4,81,0,353
2002-12-20,2002-12-20,12.1,31.1,24,81,2.0576,354
2002-12-21,2002-12-21,31.6,29.5,25.5,91,3.0864,355
2002-12-22,2002-12-22,0.2,29.5,24.3,82,6.6872,356
2002-12-23,2002-12-23,1.1,29.6,25.7,84,6.1728,357
2002-12-24,2002-12-24,1.0,30.4,25,84,7.716,358
2002-12-25,2002-12-25,0.6,30,25.9,90,6.1728,359
2002-12-26,2002-12-26,18.3,31,25.6,92,4.1152,360
2002-12-27,2002-12-27,4.7,30.1,25.4,89,4.6296,361
2002-12-28,2002-12-28,0.8,29.7,25.1,76,4.6296,362
2002-12-29,2002-12-29,4.8,29.4,25,81,4.6296,363
2002-12-30,2002-12-30,2.2,29.1,24.3,88,6.6872,364
2002-12-31,2002-12-31,7.0,29.9,24.9,89,4.6296,365
2003-01-01,2003-01-01,4.7,32.4,24.7,75,0,1
2003-01-02,2003-01-02,1.1,32.1,26,80,1.5432,2
2003-01-03,2003-01-03,0.2,31.9,25,86,1.5432,3
2003-01-04,2003-01-04,0.0,32.1,22.4,72,0,4
2003-01-05,2003-01-05,0.0,30.5,22.6,70,1.5432,5
2003-01-06,2003-01-06,4.9,30.1,23.5,83,0,6
2003-01-07,2003-01-07,0.2,31.1,24.6,86,0,7
2003-01-08,2003-01-08,1.1,32.9,25.1,92,0,8
2003-01-09,2003-01-09,0.0,33.3,26.5,82,2.0576,9
2003-01-10,2003-01-10,6.2,33.4,25.6,82,0,10
2003-01-11,2003-01-11,19.1,32.5,25.6,79,2.572,11
2003-01-12,2003-01-12,47.9,31.8,26.5,75,4.1152,12
2003-01-13,2003-01-13,79.1,27.5,24.4,100,3.0864,13
2003-01-14,2003-01-14,0.3,32,25.1,92,6.1728,14
2003-01-15,2003-01-15,3.0,33,25.6,83,3.0864,15
2003-01-16,2003-01-16,2.7,33.7,25.2,95,0,16
2003-01-17,2003-01-17,4.0,29.5,25.6,92,0,17
2003-01-18,2003-01-18,0.0,30.4,24.1,80,2.0576,18
2003-01-19,2003-01-19,32.3,30.2,26.5,78,4.6296,19
2003-01-20,2003-01-20,26.7,31.3,26,97,0,20
2003-01-21,2003-01-21,0.0,31,26.5,83,5.144,21
2003-01-22,2003-01-22,8.2,29.5,26.7,86,5.6584,22
2003-01-23,2003-01-23,60.5,29.3,25,97,0,23
2003-01-24,2003-01-24,65.4,31.5,24.8,79,3.0864,24
2003-01-25,2003-01-25,15.3,32,24.8,84,0,25
2003-01-26,2003-01-26,42.3,31.6,25.3,82,0,26
2003-01-27,2003-01-27,0.5,30,25.2,98,0,27
2003-01-28,2003-01-28,0.0,30.5,26.3,84,5.6584,28
2003-01-29,2003-01-29,0.7,30.3,25.8,81,3.0864,29
2003-01-30,2003-01-30,0.5,30.3,26,92,3.0864,30
2003-01-31,2003-01-31,0.0,30.7,25.5,71,3.6008,31
2003-02-01,2003-02-01,0.0,30.3,25.9,72,4.6296,32
2003-02-02,2003-02-02,0.0,30.2,24.6,65,6.6872,33
2003-02-03,2003-02-03,0.0,30.3,25.5,62,5.6584,34
2003-02-04,2003-02-04,0.0,30,25,67,7.2016,35
2003-02-05,2003-02-05,2.2,29.5,25.1,68,8.2304,36
2003-02-06,2003-02-06,2.6,30.4,24.5,84,9.2592,37
2003-02-07,2003-02-07,27.7,29.8,25.7,96,2.572,38
2003-02-08,2003-02-08,11.9,30.5,25.2,78,5.6584,39
2003-02-09,2003-02-09,1.8,31,25,85,6.1728,40
2003-02-10,2003-02-10,0.2,31,26.6,80,6.1728,41
2003-02-11,2003-02-11,0.0,30.5,25.7,76,5.144,42
2003-02-12,2003-02-12,0.0,30,25.5,72,3.6008,43
2003-02-13,2003-02-13,0.0,30.5,23.8,69,3.6008,44
2003-02-14,2003-02-14,0.0,30,24.4,77,3.0864,45
2003-02-15,2003-02-15,0.0,30.5,25,71,3.0864,46
2003-02-16,2003-02-16,0.0,30.4,25.9,62,5.6584,47
2003-02-17,2003-02-17,0.0,30,25.7,68,5.144,48
2003-02-18,2003-02-18,0.3,31.2,25.3,70,3.6008,49
2003-02-19,2003-02-19,0.1,31.8,26.2,75,0.5144,50
2003-02-20,2003-02-20,3.9,30.5,24.9,81,4.6296,51
2003-02-21,2003-02-21,0.0,31.3,26.3,71,3.0864,52
2003-02-22,2003-02-22,18.1,32.3,25.6,76,3.0864,53
2003-02-23,2003-02-23,50.0,30.6,23.3,81,3.0864,54
2003-02-24,2003-02-24,0.0,31.8,24,77,0,55
2003-02-25,2003-02-25,0.0,31.5,24.6,73,0,56
2003-02-26,2003-02-26,0.0,32.3,24.9,77,0,57
2003-02-27,2003-02-27,0.0,32.4,25.5,74,2.572,58
2003-02-28,2003-02-28,6.3,32.4,25,74,0,59
2003-03-01,2003-03-01,26.5,31.3,24.5,79,0,60
2003-03-02,2003-03-02,4.2,28.9,24,97,0,61
2003-03-03,2003-03-03,0.0,29.5,24.5,90,0,62
2003-03-04,2003-03-04,0.0,32.5,25.3,88,0,63
2003-03-05,2003-03-05,7.4,32.5,25.5,73,0,64
2003-03-06,2003-03-06,15.4,31.8,25,79,0,65
2003-03-07,2003-03-07,16.8,32.2,25.2,79,0.5144,66
2003-03-08,2003-03-08,20.5,30.6,26.4,90,0.5144,67
2003-03-09,2003-03-09,44.5,31.5,26.5,80,0,68
2003-03-10,2003-03-10,24.8,28.8,24.6,95,4.1152,69
2003-03-11,2003-03-11,28.1,29.7,24,77,0,70
2003-03-12,2003-03-12,32.4,33.1,23.8,72,0,71
2003-03-13,2003-03-13,19.3,30.2,24.5,93,2.0576,72
2003-03-14,2003-03-14,5.4,32.5,25.7,84,1.5432,73
2003-03-15,2003-03-15,0.0,32.3,25,87,2.0576,74
2003-03-16,2003-03-16,25.8,33.2,26,81,0,75
2003-03-17,2003-03-17,0.0,33.5,24.7,81,0,76
2003-03-18,2003-03-18,9.8,31.4,24.8,83,0,77
2003-03-19,2003-03-19,0.0,31.7,24.7,77,3.0864,78
2003-03-20,2003-03-20,0.0,32.3,25.3,78,1.0288,79
2003-03-21,2003-03-21,0.0,32.6,25.2,77,0,80
2003-03-22,2003-03-22,0.0,31,25.3,75,3.6008,81
2003-03-23,2003-03-23,0.0,31.6,24.5,72,0,82
2003-03-24,2003-03-24,2.8,31.5,23.5,68,0,83
2003-03-25,2003-03-25,0.0,30.6,23.8,89,0,84
2003-03-26,2003-03-26,1.6,31.6,25.8,78,1.5432,85
2003-03-27,2003-03-27,79.6,32,25.5,74,2.572,86
2003-03-28,2003-03-28,0.1,31,22.7,73,1.5432,87
2003-03-29,2003-03-29,14.6,30.7,26.5,78,3.6008,88
2003-03-30,2003-03-30,5.0,31.7,26,77,2.572,89
2003-03-31,2003-03-31,2.4,30.8,25.7,81,3.0864,90
2003-04-01,2003-04-01,4.7,31.2,25.6,79,4.6296,91
2003-04-02,2003-04-02,7.0,31.6,26.3,78,4.6296,92
2003-04-03,2003-04-03,14.1,29.7,24.1,81,6.6872,93
2003-04-04,2003-04-04,3.8,30.6,25.3,81,6.6872,94
2003-04-05,2003-04-05,3.6,30.3,25.3,78,3.6008,95
2003-04-06,2003-04-06,18.0,29.3,25.1,97,4.1152,96
2003-04-07,2003-04-07,11.8,31.2,25.3,87,0,97
2003-04-08,2003-04-08,0.3,33.5,25.4,75,0,98
2003-04-09,2003-04-09,50.2,30.4,26.5,85,0,99
2003-04-10,2003-04-10,5.4,32.4,24.1,89,5.144,100
2003-04-11,2003-04-11,0.1,29.9,24.9,92,1.0288,101
2003-04-12,2003-04-12,49.4,30,25.8,79,5.144,102
2003-04-13,2003-04-13,0.1,30,24,90,3.6008,103
2003-04-14,2003-04-14,0.0,31,25.9,78,2.572,104
2003-04-15,2003-04-15,0.0,32.1,24.2,75,1.5432,105
2003-04-16,2003-04-16,0.0,31.5,25,77,0,106
2003-04-17,2003-04-17,0.0,32,22.8,68,0,107
2003-04-18,2003-04-18,15.2,30.7,24.3,75,3.6008,108
2003-04-19,2003-04-19,0.8,30.3,25.3,86,4.1152,109
2003-04-20,2003-04-20,0.4,30.1,26.3,73,7.716,110
2003-04-21,2003-04-21,14.1,30.7,26.5,82,3.0864,111
2003-04-22,2003-04-22,0.2,30.8,23.9,81,0,112
2003-04-23,2003-04-23,0.3,30.7,25.7,85,3.6008,113
2003-04-24,2003-04-24,1.9,31.2,26,75,4.6296,114
2003-04-25,2003-04-25,0.0,31.8,24.8,76,0,115
2003-04-26,2003-04-26,13.4,32.4,24.4,80,0,116
2003-04-27,2003-04-27,131.7,30.5,24.7,78,0,117
2003-04-28,2003-04-28,7.7,28,24.6,95,2.572,118
2003-04-29,2003-04-29,54.4,29.7,24,89,6.6872,119
2003-04-30,2003-04-30,9.4,29.2,23.3,88,5.144,120
2003-05-01,2003-05-01,10.9,29.1,24.5,96,8.2304,121
2003-05-02,2003-05-02,42.5,30,24.2,82,5.6584,122
2003-05-03,2003-05-03,0.1,30,24.7,93,3.0864,123
2003-05-04,2003-05-04,20.0,30.2,25.3,78,3.0864,124
2003-05-05,2003-05-05,7.7,30.9,24.6,83,4.1152,125
2003-05-06,2003-05-06,14.0,31.8,24.6,73,0,126
2003-05-07,2003-05-07,0.0,31.8,23.5,81,0,127
2003-05-08,2003-05-08,7.6,30,25.1,80,1.0288,128
2003-05-09,2003-05-09,6.4,29.9,25,93,5.6584,129
2003-05-10,2003-05-10,2.0,30,25.2,84,0,130
2003-05-11,2003-05-11,2.7,30.3,25,78,2.572,131
2003-05-12,2003-05-12,2.7,29.8,26.3,92,3.6008,132
2003-05-13,2003-05-13,0.0,29.2,26,78,6.6872,133
2003-05-14,2003-05-14,0.0,29.6,25.1,81,0,134
2003-05-15,2003-05-15,0.1,32.3,26.5,73,0,135
2003-05-16,2003-05-16,0.0,30,25.8,79,4.1152,136
2003-05-17,2003-05-17,8.1,29.1,25.7,85,4.1152,137
2003-05-18,2003-05-18,15.9,29.2,25.5,84,1.5432,138
2003-05-19,2003-05-19,11.7,28,21.3,97,1.5432,139
2003-05-20,2003-05-20,39.8,30.9,21.8,83,0,140
2003-05-21,2003-05-21,4.1,29.8,23.1,80,1.0288,141
2003-05-22,2003-05-22,0.0,29.7,23.7,77,0,142
2003-05-23,2003-05-23,0.3,30.3,23.5,80,0,143
2003-05-24,2003-05-24,0.0,29.7,25,84,2.572,144
2003-05-25,2003-05-25,0.0,29.7,25.7,78,4.6296,145
2003-05-26,2003-05-26,0.0,28.3,25.8,64,8.2304,146
2003-05-27,2003-05-27,0.5,28.4,24.1,71,9.2592,147
2003-05-28,2003-05-28,0.0,28.8,23.6,71,7.2016,148
2003-05-29,2003-05-29,0.0,29,23,72,3.6008,149
2003-05-30,2003-05-30,2.2,28.8,24.3,85,3.0864,150
2003-05-31,2003-05-31,3.8,27.4,23.3,92,7.716,151
2003-06-01,2003-06-01,0.3,26.2,22.6,80,12.86,152
2003-06-02,2003-06-02,2.9,27.2,24.1,67,14.4032,153
2003-06-03,2003-06-03,0.0,28.5,22.9,71,7.2016,154
2003-06-04,2003-06-04,0.4,28.1,23.7,65,10.288,155
2003-06-05,2003-06-05,0.5,28.2,24.5,68,13.8888,156
2003-06-06,2003-06-06,0.3,28.2,23.2,73,9.2592,157
2003-06-07,2003-06-07,0.5,29,24.3,79,2.0576,158
2003-06-08,2003-06-08,0.0,28.4,22.6,75,3.6008,159
2003-06-09,2003-06-09,0.0,29.8,24.5,80,2.0576,160
2003-06-10,2003-06-10,16.9,31.9,23.8,75,0,161
2003-06-11,2003-06-11,4.4,27,24.5,98,1.5432,162
2003-06-12,2003-06-12,4.8,25.3,22.8,84,12.86,163
2003-06-13,2003-06-13,0.3,25.7,21.3,72,12.3456,164
2003-06-14,2003-06-14,0.0,25,21.5,53,9.2592,165
2003-06-15,2003-06-15,1.9,26.9,23,70,11.3168,166
2003-06-16,2003-06-16,1.7,24.6,22,95,6.6872,167
2003-06-17,2003-06-17,6.3,27,22.8,73,8.2304,168
2003-06-18,2003-06-18,1.7,28.5,23.5,80,0,169
2003-06-19,2003-06-19,0.4,29.8,22.8,77,0,170
2003-06-20,2003-06-20,0.6,27.6,23.3,91,3.6008,171
2003-06-21,2003-06-21,0.3,25.3,24.2,79,6.6872,172
2003-06-22,2003-06-22,0.3,26,22,71,4.6296,173
2003-06-23,2003-06-23,0.1,26,22.8,71,5.6584,174
2003-06-24,2003-06-24,0.0,26.3,22.9,91,3.6008,175
2003-06-25,2003-06-25,0.1,25.8,23.2,66,9.2592,176
2003-06-26,2003-06-26,0.5,26.5,23.2,84,8.2304,177
2003-06-27,2003-06-27,3.3,26.9,22.7,70,6.6872,178
2003-06-28,2003-06-28,0.3,26.9,21.8,69,7.716,179
2003-06-29,2003-06-29,0.0,27.4,23.8,71,9.2592,180
2003-06-30,2003-06-30,0.0,27.6,22.3,73,5.144,181
2003-07-01,2003-07-01,0.0,28.5,21.6,81,0,182
2003-07-02,2003-07-02,0.0,27.5,23.5,66,4.1152,183
2003-07-03,2003-07-03,0.0,27.8,23.5,78,5.144,184
2003-07-04,2003-07-04,0.0,29.3,22.7,72,0,185
2003-07-05,2003-07-05,0.7,28.4,23.1,79,1.5432,186
2003-07-06,2003-07-06,0.0,29.7,23.2,69,0,187
2003-07-07,2003-07-07,5.9,27.3,23.7,76,4.6296,188
2003-07-08,2003-07-08,7.8,24.7,20.5,88,15.432,189
2003-07-09,2003-07-09,0.3,25.4,21.3,83,15.432,190
2003-07-10,2003-07-10,0.2,27.3,22.2,64,6.6872,191
2003-07-11,2003-07-11,11.8,25.8,22.8,85,6.6872,192
2003-07-12,2003-07-12,14.8,27.3,23.7,91,2.572,193
2003-07-13,2003-07-13,1.1,25.3,22,87,10.288,194
2003-07-14,2003-07-14,0.0,24,21.8,59,11.8312,195
2003-07-15,2003-07-15,1.2,25.7,22.1,75,12.86,196
2003-07-16,2003-07-16,1.1,26,22.3,82,11.8312,197
2003-07-17,2003-07-17,0.0,27,23,82,8.2304,198
2003-07-18,2003-07-18,0.0,28.2,22.6,82,1.5432,199
2003-07-19,2003-07-19,0.0,27.4,22,82,1.5432,200
2003-07-20,2003-07-20,2.7,26.5,23.5,77,5.144,201
2003-07-21,2003-07-21,5.4,24.8,22.2,86,11.8312,202
2003-07-22,2003-07-22,3.1,25.5,22.7,85,11.8312,203
2003-07-23,2003-07-23,2.4,25.3,21.6,83,10.288,204
2003-07-24,2003-07-24,0.0,24.7,21,66,10.8024,205
2003-07-25,2003-07-25,0.0,24.4,21.3,72,9.2592,206
2003-07-26,2003-07-26,0.0,24.5,20.7,70,8.2304,207
2003-07-27,2003-07-27,3.7,24.5,21,74,4.1152,208
2003-07-28,2003-07-28,0.0,26.5,20.5,83,2.572,209
2003-07-29,2003-07-29,2.9,26.7,20.8,65,2.572,210
2003-07-30,2003-07-30,2.0,25.3,21.8,85,5.144,211
2003-07-31,2003-07-31,0.5,27.5,23.1,89,5.144,212
2003-08-01,2003-08-01,0.2,29.3,23.9,77,0,213
2003-08-02,2003-08-02,0.5,29.8,21.3,89,0,214
2003-08-03,2003-08-03,0.0,26,22.9,87,4.1152,215
2003-08-04,2003-08-04,0.1,24.1,22.5,79,8.2304,216
2003-08-05,2003-08-05,1.5,23.5,20.5,90,6.1728,217
2003-08-06,2003-08-06,0.0,25.3,20.3,64,12.86,218
2003-08-07,2003-08-07,0.0,25,20.5,74,8.7448,219
2003-08-08,2003-08-08,0.0,25.8,21.7,60,8.2304,220
2003-08-09,2003-08-09,0.0,27.7,22.5,76,5.144,221
2003-08-10,2003-08-10,0.5,27.5,22.9,81,5.6584,222
2003-08-11,2003-08-11,3.6,23.5,21.8,94,7.2016,223
2003-08-12,2003-08-12,2.0,25,21.1,96,0,224
2003-08-13,2003-08-13,0.0,27.6,20.7,66,2.572,225
2003-08-14,2003-08-14,0.0,25.4,19.9,59,2.572,226
2003-08-15,2003-08-15,0.0,25.1,19.3,51,9.2592,227
2003-08-16,2003-08-16,0.0,25.7,20.9,58,8.7448,228
2003-08-17,2003-08-17,0.0,26.4,20.7,64,8.2304,229
2003-08-18,2003-08-18,0.0,27.2,22,75,6.6872,230
2003-08-19,2003-08-19,6.4,27.1,22.8,78,0,231
2003-08-20,2003-08-20,25.8,31.7,22.3,88,0,232
2003-08-21,2003-08-21,2.2,29.3,23,82,0,233
2003-08-22,2003-08-22,0.6,25.7,23.3,92,0,234
2003-08-23,2003-08-23,0.0,26.4,23,84,1.5432,235
2003-08-24,2003-08-24,0.0,26.5,19.5,68,0,236
2003-08-25,2003-08-25,0.0,24.8,20.8,58,6.6872,237
2003-08-26,2003-08-26,0.4,24.3,19.7,60,5.144,238
2003-08-27,2003-08-27,0.0,26.7,19.5,70,2.0576,239
2003-08-28,2003-08-28,0.3,25.5,20.6,82,1.0288,240
2003-08-29,2003-08-29,0.0,27,19.8,68,1.0288,241
2003-08-30,2003-08-30,0.0,25.4,21.7,71,6.6872,242
2003-08-31,2003-08-31,0.0,24.7,20.7,62,6.1728,243
2003-09-01,2003-09-01,0.0,25.5,20,58,3.0864,244
2003-09-02,2003-09-02,0.0,26.5,19.7,57,4.1152,245
2003-09-03,2003-09-03,0.0,26.7,20.6,70,1.5432,246
2003-09-04,2003-09-04,0.0,29.5,20.1,67,3.0864,247
2003-09-05,2003-09-05,0.0,27.9,21.5,75,0,248
2003-09-06,2003-09-06,0.0,25.8,22.1,63,10.288,249
2003-09-07,2003-09-07,0.0,26,21.7,66,5.144,250
2003-09-08,2003-09-08,0.0,25.4,20.8,91,5.144,251
2003-09-09,2003-09-09,0.0,24.3,21.1,91,6.6872,252
2003-09-10,2003-09-10,0.0,26.5,20.9,84,3.0864,253
2003-09-11,2003-09-11,0.0,26.8,21.7,72,6.6872,254
2003-09-12,2003-09-12,0.0,25.5,22.5,76,5.6584,255
2003-09-13,2003-09-13,0.0,27,22.3,71,6.6872,256
2003-09-14,2003-09-14,0.0,27.5,22.7,79,6.6872,257
2003-09-15,2003-09-15,0.0,29.3,23.5,82,2.0576,258
2003-09-16,2003-09-16,0.0,29.7,22.9,74,2.0576,259
2003-09-17,2003-09-17,0.0,29,21.7,76,1.5432,260
2003-09-18,2003-09-18,0.0,29.3,23.2,80,5.144,261
2003-09-19,2003-09-19,0.0,26.7,24.5,88,4.1152,262
2003-09-20,2003-09-20,0.0,27.2,24.6,80,8.7448,263
2003-09-21,2003-09-21,0.0,31.3,24.3,79,3.0864,264
2003-09-22,2003-09-22,19.8,28.8,21.7,72,3.0864,265
2003-09-23,2003-09-23,0.0,26.7,23.3,74,10.288,266
2003-09-24,2003-09-24,0.0,26.3,21.7,64,11.8312,267
2003-09-25,2003-09-25,0.0,26.6,21.9,58,7.716,268
2003-09-26,2003-09-26,0.0,27,21.8,72,10.8024,269
2003-09-27,2003-09-27,0.0,26.4,21.1,73,10.288,270
2003-09-28,2003-09-28,0.0,27.1,22,74,10.288,271
2003-09-29,2003-09-29,0.0,28.4,23,68,9.2592,272
2003-09-30,2003-09-30,0.0,29.5,23.1,63,5.144,273
2003-10-01,2003-10-01,0.0,27.7,22.8,73,5.6584,274
2003-10-02,2003-10-02,0.0,27,22.3,70,6.1728,275
2003-10-03,2003-10-03,2.0,27.2,22,70,6.1728,276
2003-10-04,2003-10-04,0.0,28.5,23,81,2.572,277
2003-10-05,2003-10-05,0.0,29.2,21,70,3.0864,278
2003-10-06,2003-10-06,0.0,30.9,20.9,65,2.572,279
2003-10-07,2003-10-07,0.0,27.6,23.7,75,9.7736,280
2003-10-08,2003-10-08,0.0,26.7,22.3,72,9.2592,281
2003-10-09,2003-10-09,0.0,27.5,21.3,63,8.2304,282
2003-10-10,2003-10-10,0.2,27.5,22.3,66,6.1728,283
2003-10-11,2003-10-11,0.2,28.5,22.9,69,6.6872,284
2003-10-12,2003-10-12,0.2,28.4,23.1,74,11.3168,285
2003-10-13,2003-10-13,0.0,31,23.6,70,6.1728,286
2003-10-14,2003-10-14,4.5,30,23.3,73,0,287
2003-10-15,2003-10-15,1.1,25.5,22.7,88,9.2592,288
2003-10-16,2003-10-16,0.2,26.6,21.2,76,6.6872,289
2003-10-17,2003-10-17,4.1,29.7,21.6,68,6.6872,290
2003-10-18,2003-10-18,1.9,25.9,23,77,10.8024,291
2003-10-19,2003-10-19,23.7,26.9,23.4,97,4.6296,292
2003-10-20,2003-10-20,25.6,29.2,24.1,89,0,293
2003-10-21,2003-10-21,0.0,31.6,24.5,97,2.0576,294
2003-10-22,2003-10-22,0.0,29,23.9,72,5.144,295
2003-10-23,2003-10-23,0.0,28.7,23.3,81,4.6296,296
2003-10-24,2003-10-24,0.0,28.2,24.3,80,5.6584,297
2003-10-25,2003-10-25,0.0,28,23.2,73,4.6296,298
2003-10-26,2003-10-26,0.0,26.8,22.3,61,5.6584,299
2003-10-27,2003-10-27,0.0,27.4,21.8,58,7.2016,300
2003-10-28,2003-10-28,0.0,28.5,22.7,62,6.1728,301
2003-10-29,2003-10-29,0.0,30.6,22.8,75,6.1728,302
2003-10-30,2003-10-30,0.0,27.9,23,67,8.2304,303
2003-10-31,2003-10-31,0.0,28.5,23.1,61,8.2304,304
2003-11-01,2003-11-01,0.0,28.9,22.7,54,4.6296,305
2003-11-02,2003-11-02,0.0,29.8,24.6,75,6.1728,306
2003-11-03,2003-11-03,0.0,30.3,24.2,61,4.6296,307
2003-11-04,2003-11-04,0.9,30.7,23.8,68,6.6872,308
2003-11-05,2003-11-05,75.2,29.3,24.2,90,8.2304,309
2003-11-06,2003-11-06,1.1,28.8,21.8,74,11.8312,310
2003-11-07,2003-11-07,3.2,28.2,23.3,86,7.716,311
2003-11-08,2003-11-08,0.2,29.3,23,76,9.2592,312
2003-11-09,2003-11-09,20.9,28.8,24.5,76,4.6296,313
2003-11-10,2003-11-10,55.8,28.9,23.3,87,8.2304,314
2003-11-11,2003-11-11,49.9,26.9,23.2,97,1.5432,315
2003-11-12,2003-11-12,2.4,27.7,22.3,91,10.8024,316
2003-11-13,2003-11-13,1.6,29,23.8,76,8.7448,317
2003-11-14,2003-11-14,0.1,28.3,23.9,83,7.716,318
2003-11-15,2003-11-15,1.0,27.5,24.5,78,9.2592,319
2003-11-16,2003-11-16,0.0,27.2,22.7,74,1.5432,320
2003-11-17,2003-11-17,0.0,27.6,22.5,57,8.2304,321
2003-11-18,2003-11-18,0.0,28.2,23.2,61,6.6872,322
2003-11-19,2003-11-19,4.3,28,23.5,67,6.1728,323
2003-11-20,2003-11-20,4.6,25.9,22,87,9.2592,324
2003-11-21,2003-11-21,10.4,26.4,21.8,80,6.1728,325
2003-11-22,2003-11-22,3.5,25.2,22.8,91,9.2592,326
2003-11-23,2003-11-23,16.5,26.9,22.8,83,3.6008,327
2003-11-24,2003-11-24,0.5,29.5,21.7,74,2.572,328
2003-11-25,2003-11-25,2.5,27.5,23.7,89,6.6872,329
2003-11-26,2003-11-26,12.5,29.8,23.3,85,8.2304,330
2003-11-27,2003-11-27,3.4,31.3,23.7,78,3.6008,331
2003-11-28,2003-11-28,7.4,31.4,23.6,81,3.0864,332
2003-11-29,2003-11-29,1.5,30.3,24.2,91,6.1728,333
2003-11-30,2003-11-30,2.3,29.7,25.7,76,9.2592,334
2003-12-01,2003-12-01,32.1,28.4,27.5,74,10.8024,335
2003-12-02,2003-12-02,3.8,27.5,23.5,91,9.2592,336
2003-12-03,2003-12-03,1.1,29.3,23.6,77,7.2016,337
2003-12-04,2003-12-04,11.4,28.3,24.7,79,3.6008,338
2003-12-05,2003-12-05,72.6,30.2,23.3,84,3.6008,339
2003-12-06,2003-12-06,0.2,30.3,24.3,75,4.6296,340
2003-12-07,2003-12-07,0.1,29.9,25.3,69,6.6872,341
2003-12-08,2003-12-08,1.1,29.3,25.3,69,8.7448,342
2003-12-09,2003-12-09,0.5,29.8,24,73,7.716,343
2003-12-10,2003-12-10,0.4,30.2,24.9,77,9.2592,344
2003-12-11,2003-12-11,2.7,30.3,25,74,4.6296,345
2003-12-12,2003-12-12,10.4,30.3,25.6,66,6.1728,346
2003-12-13,2003-12-13,1.6,30.1,25.5,79,6.1728,347
2003-12-14,2003-12-14,0.1,30.2,24.9,74,8.2304,348
2003-12-15,2003-12-15,0.8,30.7,25.2,73,6.6872,349
2003-12-16,2003-12-16,2.3,30.8,24.6,60,7.716,350
2003-12-17,2003-12-17,2.6,31,25.5,67,4.1152,351
2003-12-18,2003-12-18,1.8,29,25,79,0,352
2003-12-19,2003-12-19,53.0,28.5,24.2,77,0,353
2003-12-20,2003-12-20,23.2,30,23.8,78,3.0864,354
2003-12-21,2003-12-21,6.7,30.8,24.5,81,3.0864,355
2003-12-22,2003-12-22,0.3,30.7,26.1,92,2.572,356
2003-12-23,2003-12-23,19.3,30.8,26.5,82,3.0864,357
2003-12-24,2003-12-24,0.7,30.9,24.5,77,0,358
2003-12-25,2003-12-25,2.5,30.8,25.5,72,6.6872,359
2003-12-26,2003-12-26,12.9,29.5,25.3,81,8.2304,360
2003-12-27,2003-12-27,14.1,28.7,25.4,80,4.6296,361
2003-12-28,2003-12-28,9.8,29.6,24.4,84,7.716,362
2003-12-29,2003-12-29,4.5,30.3,25.3,73,4.6296,363
2003-12-30,2003-12-30,21.2,30.2,25.4,82,6.6872,364
2003-12-31,2003-12-31,0.4,30.3,25,84,7.2016,365
2004-01-01,2004-01-01,2.8,29.8,25.5,71,5.6584,1
2004-01-02,2004-01-02,1.5,30.8,24.8,83,4.1152,2
2004-01-03,2004-01-03,11.9,30.2,26,83,8.2304,3
2004-01-04,2004-01-04,3.8,30,25.3,94,4.6296,4
2004-01-05,2004-01-05,0.6,28.8,25,93,13.3744,5
2004-01-06,2004-01-06,0.0,29.5,25,76,10.288,6
2004-01-07,2004-01-07,0.0,30.2,24.8,67,5.144,7
2004-01-08,2004-01-08,0.1,30,24.3,66,3.6008,8
2004-01-09,2004-01-09,0.0,30.5,24,76,7.2016,9
2004-01-10,2004-01-10,0.0,30,25.5,64,6.1728,10
2004-01-11,2004-01-11,0.1,29.8,25.3,65,6.1728,11
2004-01-12,2004-01-12,0.0,32.3,23.8,71,3.6008,12
2004-01-13,2004-01-13,0.0,30,23.7,65,2.572,13
2004-01-14,2004-01-14,0.0,30.4,23.4,68,4.6296,14
2004-01-15,2004-01-15,0.0,30.6,23.9,65,3.6008,15
2004-01-16,2004-01-16,0.6,31.3,25,66,4.6296,16
2004-01-17,2004-01-17,5.5,30.7,24.8,84,2.572,17
2004-01-18,2004-01-18,0.3,29.5,23.5,87,2.572,18
2004-01-19,2004-01-19,0.0,29.8,23.5,74,0,19
2004-01-20,2004-01-20,0.0,30.5,23.5,70,3.0864,20
2004-01-21,2004-01-21,0.0,30.5,23.8,67,3.6008,21
2004-01-22,2004-01-22,0.0,30.5,24.8,68,4.6296,22
2004-01-23,2004-01-23,0.0,30.8,25.5,66,5.144,23
2004-01-24,2004-01-24,0.0,31.3,25.9,72,3.6008,24
2004-01-25,2004-01-25,18.2,31.8,26.2,70,6.6872,25
2004-01-26,2004-01-26,6.7,31.6,24.3,79,3.6008,26
2004-01-27,2004-01-27,0.0,31.8,25,73,2.572,27
2004-01-28,2004-01-28,5.0,32.2,26,66,2.572,28
2004-01-29,2004-01-29,36.7,31.5,24.7,85,1.0288,29
2004-01-30,2004-01-30,1.2,31.5,24.2,82,3.6008,30
2004-01-31,2004-01-31,8.9,31.3,25.6,76,5.144,31
2004-02-01,2004-02-01,0.0,30.8,24.5,70,4.6296,32
2004-02-02,2004-02-02,0.2,30.9,25.3,58,3.6008,33
2004-02-03,2004-02-03,0.2,31.2,25.3,61,3.6008,34
2004-02-04,2004-02-04,1.4,32,25.7,66,3.6008,35
2004-02-05,2004-02-05,14.0,31.7,24.8,80,0,36
2004-02-06,2004-02-06,3.3,32.1,26.1,76,1.5432,37
2004-02-07,2004-02-07,1.8,32.3,25.6,84,1.5432,38
2004-02-08,2004-02-08,19.3,31.7,26.1,86,0,39
2004-02-09,2004-02-09,3.2,31.8,25.5,87,1.0288,40
2004-02-10,2004-02-10,33.0,31.8,25.5,81,5.6584,41
2004-02-11,2004-02-11,0.5,29.7,23.9,90,3.0864,42
2004-02-12,2004-02-12,4.0,27.3,25.2,93,0,43
2004-02-13,2004-02-13,64.7,29.1,23.3,94,0,44
2004-02-14,2004-02-14,5.5,31.3,22.3,87,0,45
2004-02-15,2004-02-15,0.0,33.3,23.8,73,3.6008,46
2004-02-16,2004-02-16,1.7,33.3,26.1,80,0,47
2004-02-17,2004-02-17,26.7,32.4,25,68,0,48
2004-02-18,2004-02-18,7.8,30.3,25.4,93,0,49
2004-02-19,2004-02-19,6.9,30.8,25.5,83,0,50
2004-02-20,2004-02-20,11.6,33.2,24.7,76,0,51
2004-02-21,2004-02-21,0.3,32.8,24.7,76,0,52
2004-02-22,2004-02-22,1.8,31.6,25.8,76,0,53
2004-02-23,2004-02-23,16.0,32.3,24.7,72,0,54
2004-02-24,2004-02-24,1.4,31.8,24.6,74,2.572,55
2004-02-25,2004-02-25,9.5,31.7,25.4,77,3.0864,56
2004-02-26,2004-02-26,1.7,31.7,23.5,87,2.0576,57
2004-02-27,2004-02-27,13.8,32,25.1,78,0,58
2004-02-28,2004-02-28,9.4,31.6,25.3,75,0,59
2004-02-29,2004-02-29,0.9,31.7,24.3,73,0,60
2004-03-01,2004-03-01,0.1,32,26.9,82,3.0864,61
2004-03-02,2004-03-02,0.9,32.1,26.5,77,2.572,62
2004-03-03,2004-03-03,0.8,31.9,26.2,92,2.0576,63
2004-03-04,2004-03-04,0.5,31.6,25.7,77,6.1728,64
2004-03-05,2004-03-05,0.0,31,25,81,3.6008,65
2004-03-06,2004-03-06,9.8,33.7,24,70,0,66
2004-03-07,2004-03-07,0.0,30.5,23.8,72,5.6584,67
2004-03-08,2004-03-08,0.0,31,23.7,69,3.0864,68
2004-03-09,2004-03-09,0.0,31.4,23,71,0,69
2004-03-10,2004-03-10,7.8,31.1,23.9,71,0,70
2004-03-11,2004-03-11,43.2,31,24.8,92,1.0288,71
2004-03-12,2004-03-12,4.2,31,23.5,76,4.1152,72
2004-03-13,2004-03-13,8.6,31.3,25.1,71,2.572,73
2004-03-14,2004-03-14,1.3,31.3,25.1,74,2.572,74
2004-03-15,2004-03-15,8.9,31.9,25.1,80,2.572,75
2004-03-16,2004-03-16,0.7,31.7,24.2,75,2.572,76
2004-03-17,2004-03-17,36.8,32.3,24.5,75,2.572,77
2004-03-18,2004-03-18,4.3,32.3,24.5,76,2.572,78
2004-03-19,2004-03-19,0.0,32,25.7,75,2.0576,79
2004-03-20,2004-03-20,37.3,32.6,25.5,71,0,80
2004-03-21,2004-03-21,10.2,31.3,24.7,86,0,81
2004-03-22,2004-03-22,0.0,33.8,24.8,77,0,82
2004-03-23,2004-03-23,11.7,29,25.1,87,2.0576,83
2004-03-24,2004-03-24,11.8,30.4,25.2,85,0,84
2004-03-25,2004-03-25,10.8,32.7,25.4,90,1.5432,85
2004-03-26,2004-03-26,3.1,33.4,25.2,81,0,86
2004-03-27,2004-03-27,0.6,32.7,24.8,91,0,87
2004-03-28,2004-03-28,10.6,31.1,25.7,90,0,88
2004-03-29,2004-03-29,20.2,29.3,25,93,0,89
2004-03-30,2004-03-30,0.1,31.5,25,79,0,90
2004-03-31,2004-03-31,2.8,31.4,24.3,80,1.5432,91
2004-04-01,2004-04-01,0.0,29.3,25.4,69,11.3168,92
2004-04-02,2004-04-02,0.1,29.6,26.1,68,8.7448,93
2004-04-03,2004-04-03,1.4,30,24.8,63,8.2304,94
2004-04-04,2004-04-04,0.3,29.7,24.8,85,3.6008,95
2004-04-05,2004-04-05,0.0,30,25.5,88,9.2592,96
2004-04-06,2004-04-06,27.9,31,24.7,83,0,97
2004-04-07,2004-04-07,0.3,32.5,24.7,95,8.2304,98
2004-04-08,2004-04-08,1.9,28.5,25.7,82,5.6584,99
2004-04-09,2004-04-09,1.2,33.5,26.1,84,0,100
2004-04-10,2004-04-10,6.4,29.8,24.8,85,8.2304,101
2004-04-11,2004-04-11,21.8,29,23.6,81,8.2304,102
2004-04-12,2004-04-12,8.7,28.3,23.2,88,6.6872,103
2004-04-13,2004-04-13,25.6,30,25,85,3.6008,104
2004-04-14,2004-04-14,20.4,29.4,25.5,97,3.0864,105
2004-04-15,2004-04-15,4.7,29,24.2,88,8.2304,106
2004-04-16,2004-04-16,0.0,32.6,23.8,85,0,107
2004-04-17,2004-04-17,0.0,30,24,78,0,108
2004-04-18,2004-04-18,10.0,29.4,24.2,77,3.0864,109
2004-04-19,2004-04-19,7.8,28.8,22.6,74,3.6008,110
2004-04-20,2004-04-20,20.3,27.4,23.2,87,4.1152,111
2004-04-21,2004-04-21,1.3,28.3,23.2,81,4.6296,112
2004-04-22,2004-04-22,1.2,29.2,25.2,77,3.6008,113
2004-04-23,2004-04-23,0.9,28.7,24.8,74,3.6008,114
2004-04-24,2004-04-24,0.2,,25.3,80,6.68777,115
2004-04-25,2004-04-25,0.0,,,,7.716,116
2004-04-26,2004-04-26,1.4,,,,8.2304,117
2004-04-27,2004-04-27,0.0,,,,7.716,118
2004-04-28,2004-04-28,0.0,,,,4.1152,119
2004-04-29,2004-04-29,0.2,,,,3.6008,120
2004-04-30,2004-04-30,1.1,,,,0,121
2004-05-01,2004-05-01,0.1,,,,7.716,122
2004-05-02,2004-05-02,8.5,,,,8.7448,123
2004-05-03,2004-05-03,0.0,,,,4.6296,124
2004-05-04,2004-05-04,1.2,,,,6.6872,125
2004-05-05,2004-05-05,1.7,,,,4.1152,126
2004-05-06,2004-05-06,3.5,,,,4.6296,127
2004-05-07,2004-05-07,0.1,,,,4.6296,128
2004-05-08,2004-05-08,5.8,,,,3.6008,129
2004-05-09,2004-05-09,1.6,28,,,8.2304,130
2004-05-10,2004-05-10,0.2,28.3,23.5,,8.2304,131
2004-05-11,2004-05-11,0.0,30.7,23.5,,5.144,132
2004-05-12,2004-05-12,0.0,28,22.3,,3.6008,133
2004-05-13,2004-05-13,0.0,28,21.2,,1.5432,134
2004-05-14,2004-05-14,0.0,32.7,18.8,,0,135
2004-05-15,2004-05-15,0.0,31.6,23,67,0,136
2004-05-16,2004-05-16,0.0,28.7,20.3,64,0,137
2004-05-17,2004-05-17,0.0,28.5,21.3,71,2.572,138
2004-05-18,2004-05-18,0.0,30.8,22.8,75,1.5432,139
2004-05-19,2004-05-19,0.0,28.8,22.4,76,2.572,140
2004-05-20,2004-05-20,0.0,28,22.8,76,4.6296,141
2004-05-21,2004-05-21,0.0,28,22.5,76,3.6008,142
2004-05-22,2004-05-22,0.1,26.9,23,73,6.6872,143
2004-05-23,2004-05-23,0.2,28.6,22,76,4.6296,144
2004-05-24,2004-05-24,0.0,26.8,23.5,83,4.6296,145
2004-05-25,2004-05-25,5.4,25.5,23.2,71,8.2304,146
2004-05-26,2004-05-26,10.2,26,21.3,88,3.6008,147
2004-05-27,2004-05-27,0.4,29.3,22,89,3.6008,148
2004-05-28,2004-05-28,0.0,29.2,21.5,83,0,149
2004-05-29,2004-05-29,3.6,29.5,22.8,88,0,150
2004-05-30,2004-05-30,65.2,28.8,24,90,2.572,151
2004-05-31,2004-05-31,1.8,25.8,22.8,91,10.8024,152
2004-06-01,2004-06-01,9.4,26.5,21,75,8.2304,153
2004-06-02,2004-06-02,6.4,24.8,19.9,78,8.7448,154
2004-06-03,2004-06-03,18.9,26,21.6,76,8.7448,155
2004-06-04,2004-06-04,10.9,28.8,22,85,4.6296,156
2004-06-05,2004-06-05,3.8,30,22.3,86,0,157
2004-06-06,2004-06-06,4.8,30.5,22,90,0,158
2004-06-07,2004-06-07,10.8,28.3,23.3,82,2.572,159
2004-06-08,2004-06-08,29.3,25.3,22.7,91,7.716,160
2004-06-09,2004-06-09,39.9,24.5,21.2,77,8.7448,161
2004-06-10,2004-06-10,19.3,23.5,19.5,95,9.2592,162
2004-06-11,2004-06-11,32.5,25.8,19.5,89,8.7448,163
2004-06-12,2004-06-12,0.6,28.5,21.8,87,0,164
2004-06-13,2004-06-13,1.9,27.7,22.5,78,3.6008,165
2004-06-14,2004-06-14,0.7,26.4,22.9,87,5.144,166
2004-06-15,2004-06-15,1.9,28.4,22,82,7.716,167
2004-06-16,2004-06-16,0.0,27.2,22.3,70,5.144,168
2004-06-17,2004-06-17,0.5,27.8,22.5,82,4.6296,169
2004-06-18,2004-06-18,36.6,29.8,21.6,79,0,170
2004-06-19,2004-06-19,0.0,31.3,22.2,81,0,171
2004-06-20,2004-06-20,0.0,27.8,22.7,88,0,172
2004-06-21,2004-06-21,0.2,28.7,23.5,80,3.6008,173
2004-06-22,2004-06-22,7.3,26.5,23.3,82,6.1728,174
2004-06-23,2004-06-23,6.1,26.3,22,80,7.716,175
2004-06-24,2004-06-24,0.7,27.2,22,76,3.6008,176
2004-06-25,2004-06-25,5.2,27.3,22.4,81,6.1728,177
2004-06-26,2004-06-26,5.5,28.7,23.3,83,6.6872,178
2004-06-27,2004-06-27,4.4,26.3,22.2,77,7.716,179
2004-06-28,2004-06-28,0.8,27.5,22.2,75,7.2016,180
2004-06-29,2004-06-29,40.7,29.7,22.9,80,0,181
2004-06-30,2004-06-30,0.1,26.5,22.5,92,0,182
2004-07-01,2004-07-01,0.0,25.7,22,77,9.2592,183
2004-07-02,2004-07-02,0.0,29.5,21,62,5.144,184
2004-07-03,2004-07-03,0.0,26.3,21.8,61,6.1728,185
2004-07-04,2004-07-04,0.0,26.5,21.5,64,0,186
2004-07-05,2004-07-05,0.2,25.9,21.5,63,7.716,187
2004-07-06,2004-07-06,0.0,26.7,20,66,3.6008,188
2004-07-07,2004-07-07,0.0,27.3,21,57,6.6872,189
2004-07-08,2004-07-08,1.1,27.8,22.5,76,4.1152,190
2004-07-09,2004-07-09,0.0,28,23.3,80,4.6296,191
2004-07-10,2004-07-10,0.0,28.3,23.8,80,0,192
2004-07-11,2004-07-11,0.1,28.2,22.7,85,3.6008,193
2004-07-12,2004-07-12,0.0,26.3,21.3,82,4.1152,194
2004-07-13,2004-07-13,0.0,26,21.3,58,5.144,195
2004-07-14,2004-07-14,3.3,27.3,20.2,63,0,196
2004-07-15,2004-07-15,1.2,27.2,21.2,61,2.572,197
2004-07-16,2004-07-16,1.7,25.8,22.5,89,5.144,198
2004-07-17,2004-07-17,0.0,28.4,23.2,78,4.6296,199
2004-07-18,2004-07-18,0.0,28.9,21.7,83,3.6008,200
2004-07-19,2004-07-19,0.0,28.4,22.7,74,2.572,201
2004-07-20,2004-07-20,0.0,29.7,23.7,77,0,202
2004-07-21,2004-07-21,0.0,28.3,21.5,78,0,203
2004-07-22,2004-07-22,0.0,28.5,21.6,80,0,204
2004-07-23,2004-07-23,52.0,28.6,22.2,68,2.572,205
2004-07-24,2004-07-24,39.4,28.5,17.5,83,0,206
2004-07-25,2004-07-25,5.4,25,21.5,91,2.572,207
2004-07-26,2004-07-26,0.0,25,20.4,77,6.6872,208
2004-07-27,2004-07-27,0.3,26.8,22,72,4.1152,209
2004-07-28,2004-07-28,0.0,26.7,22,71,6.6872,210
2004-07-29,2004-07-29,9.7,27.4,23.5,80,7.716,211
2004-07-30,2004-07-30,0.0,28,22.7,88,1.5432,212
2004-07-31,2004-07-31,3.7,28.7,23,70,0,213
2004-08-01,2004-08-01,0.0,28.3,23.3,77,0,214
2004-08-02,2004-08-02,19.9,28.3,22.2,75,0,215
2004-08-03,2004-08-03,0.0,27,20.6,80,0,216
2004-08-04,2004-08-04,0.3,26,22,73,7.716,217
2004-08-05,2004-08-05,0.0,26.2,22.4,71,4.1152,218
2004-08-06,2004-08-06,0.0,30.3,21.7,74,0,219
2004-08-07,2004-08-07,5.9,25,21.4,90,0,220
2004-08-08,2004-08-08,0.5,27.3,21.7,87,3.6008,221
2004-08-09,2004-08-09,0.0,28,22.8,90,2.572,222
2004-08-10,2004-08-10,0.6,28.4,23,81,1.5432,223
2004-08-11,2004-08-11,0.2,28.2,22.8,89,4.1152,224
2004-08-12,2004-08-12,0.0,29,22.7,72,1.5432,225
2004-08-13,2004-08-13,13.2,31.2,22.4,72,0,226
2004-08-14,2004-08-14,0.0,26.4,21.8,78,4.6296,227
2004-08-15,2004-08-15,0.0,29,18.3,65,0,228
2004-08-16,2004-08-16,0.0,28.8,21,72,2.572,229
2004-08-17,2004-08-17,0.2,27.2,23.3,86,0,230
2004-08-18,2004-08-18,1.5,26.7,22.3,77,3.6008,231
2004-08-19,2004-08-19,3.6,26.8,22,91,3.0864,232
2004-08-20,2004-08-20,0.0,30.7,22.5,81,0,233
2004-08-21,2004-08-21,16.7,31.2,22.4,76,1.5432,234
2004-08-22,2004-08-22,21.4,23,22.5,94,3.0864,235
2004-08-23,2004-08-23,2.7,27.3,20.9,90,0,236
2004-08-24,2004-08-24,43.0,28.3,22.4,84,2.572,237
2004-08-25,2004-08-25,0.6,27.2,21.5,82,0,238
2004-08-26,2004-08-26,5.3,24.5,22.5,79,6.1728,239
2004-08-27,2004-08-27,8.4,24.2,19.8,85,7.716,240
2004-08-28,2004-08-28,16.9,24.8,21.7,92,0,241
2004-08-29,2004-08-29,4.1,25,21.4,92,1.5432,242
2004-08-30,2004-08-30,0.6,25.7,21,86,3.6008,243
2004-08-31,2004-08-31,0.0,25.2,21.4,76,7.716,244
2004-09-01,2004-09-01,0.0,25.7,20.9,52,6.1728,245
2004-09-02,2004-09-02,0.0,26,19,56,5.144,246
2004-09-03,2004-09-03,0.0,28,21,71,3.0864,247
2004-09-04,2004-09-04,0.0,28.6,19.6,68,1.5432,248
2004-09-05,2004-09-05,0.0,28.2,22.7,73,3.0864,249
2004-09-06,2004-09-06,0.0,27.7,23.5,68,5.144,250
2004-09-07,2004-09-07,3.8,27.7,23.7,73,5.144,251
2004-09-08,2004-09-08,0.0,28.6,21.7,77,0,252
2004-09-09,2004-09-09,0.0,27.6,22.3,80,2.572,253
2004-09-10,2004-09-10,0.0,27,20.5,80,5.144,254
2004-09-11,2004-09-11,0.0,26.3,21.7,62,6.1728,255
2004-09-12,2004-09-12,0.0,26,21.7,64,5.144,256
2004-09-13,2004-09-13,0.0,26.2,21.6,58,5.144,257
2004-09-14,2004-09-14,0.0,27.3,20,53,0,258
2004-09-15,2004-09-15,0.4,28.7,23,77,2.572,259
2004-09-16,2004-09-16,19.2,30,23.6,77,0,260
2004-09-17,2004-09-17,51.0,27.4,23.5,91,0,261
2004-09-18,2004-09-18,0.2,30.2,22.7,90,0,262
2004-09-19,2004-09-19,1.3,25.3,21.7,76,6.6872,263
2004-09-20,2004-09-20,0.0,25.9,21.3,86,3.6008,264
2004-09-21,2004-09-21,0.0,26.6,21.9,66,4.1152,265
2004-09-22,2004-09-22,0.0,26.8,22,67,3.6008,266
2004-09-23,2004-09-23,0.0,27,22.5,65,6.1728,267
2004-09-24,2004-09-24,0.0,27,22.7,61,2.572,268
2004-09-25,2004-09-25,26.0,28.3,23,75,2.572,269
2004-09-26,2004-09-26,0.0,30.6,21.6,80,0,270
2004-09-27,2004-09-27,0.1,25.4,22.5,69,5.144,271
2004-09-28,2004-09-28,0.0,25.8,21.6,85,6.1728,272
2004-09-29,2004-09-29,0.1,27.4,23,72,6.1728,273
2004-09-30,2004-09-30,0.0,25.5,22,72,6.1728,274
2004-10-01,2004-10-01,0.0,26.8,22,56,7.716,275
2004-10-02,2004-10-02,0.0,28,22.4,63,2.572,276
2004-10-03,2004-10-03,0.0,28.6,22.9,68,2.572,277
2004-10-04,2004-10-04,0.0,29.7,22.9,68,3.6008,278
2004-10-05,2004-10-05,0.0,29.3,22.8,67,2.572,279
2004-10-06,2004-10-06,0.0,27.7,22.7,65,6.1728,280
2004-10-07,2004-10-07,0.2,29,22.1,66,4.1152,281
2004-10-08,2004-10-08,0.0,27.4,22.2,74,7.716,282
2004-10-09,2004-10-09,0.2,29.5,22.8,59,3.6008,283
2004-10-10,2004-10-10,4.6,29.3,22.9,85,3.0864,284
2004-10-11,2004-10-11,6.4,26.6,24,86,6.6872,285
2004-10-12,2004-10-12,0.1,27.3,21.7,72,7.2016,286
2004-10-13,2004-10-13,1.5,26.6,22.6,86,6.6872,287
2004-10-14,2004-10-14,0.0,26.9,21.7,65,6.6872,288
2004-10-15,2004-10-15,0.0,27.2,22.6,75,6.6872,289
2004-10-16,2004-10-16,0.0,28.5,23.1,68,7.2016,290
2004-10-17,2004-10-17,0.0,29.3,23.9,75,3.0864,291
2004-10-18,2004-10-18,2.7,30,23.4,73,2.572,292
2004-10-19,2004-10-19,6.4,30.8,24.3,69,3.6008,293
2004-10-20,2004-10-20,0.0,29.7,23.8,78,3.6008,294
2004-10-21,2004-10-21,0.0,28.7,24.7,90,5.144,295
2004-10-22,2004-10-22,2.3,28.4,24.3,80,2.572,296
2004-10-23,2004-10-23,0.0,27.9,23.4,60,4.1152,297
2004-10-24,2004-10-24,0.2,28.8,23.7,64,5.144,298
2004-10-25,2004-10-25,0.7,28.8,23.5,75,4.1152,299
2004-10-26,2004-10-26,0.2,28.9,23.5,81,3.6008,300
2004-10-27,2004-10-27,12.9,28.7,24,71,7.2016,301
2004-10-28,2004-10-28,2.6,28,23.3,90,6.6872,302
2004-10-29,2004-10-29,0.7,29.7,23.2,80,6.6872,303
2004-10-30,2004-10-30,1.0,28.7,23.7,77,4.1152,304
2004-10-31,2004-10-31,1.1,28.4,24,71,6.1728,305
2004-11-01,2004-11-01,0.3,28.7,23.9,73,4.1152,306
2004-11-02,2004-11-02,13.0,26.2,23.3,90,4.6296,307
2004-11-03,2004-11-03,19.4,26,23.4,86,6.1728,308
2004-11-04,2004-11-04,1.8,26.7,22.5,89,4.6296,309
2004-11-05,2004-11-05,0.0,27.7,22.3,68,5.144,310
2004-11-06,2004-11-06,0.0,28.4,22.7,62,4.6296,311
2004-11-07,2004-11-07,0.5,28.5,24,75,3.6008,312
2004-11-08,2004-11-08,0.0,30.4,22.6,75,3.0864,313
2004-11-09,2004-11-09,0.0,28.7,22.6,57,6.1728,314
2004-11-10,2004-11-10,0.0,29.2,23,72,5.6584,315
2004-11-11,2004-11-11,1.8,28,23.3,69,5.6584,316
2004-11-12,2004-11-12,0.3,29.5,23.4,89,0,317
2004-11-13,2004-11-13,2.3,30,23.7,74,2.572,318
2004-11-14,2004-11-14,0.0,29.6,23,73,3.6008,319
2004-11-15,2004-11-15,0.0,30.3,23.5,68,2.572,320
2004-11-16,2004-11-16,0.0,30.7,24,68,3.0864,321
2004-11-17,2004-11-17,0.0,30.3,24.7,71,1.5432,322
2004-11-18,2004-11-18,0.1,29.9,24.8,70,4.1152,323
2004-11-19,2004-11-19,0.7,29,23.8,66,6.1728,324
2004-11-20,2004-11-20,0.0,28.9,23.2,65,6.1728,325
2004-11-21,2004-11-21,0.0,28.3,22.4,68,7.716,326
2004-11-22,2004-11-22,0.0,28.6,22.3,52,5.6584,327
2004-11-23,2004-11-23,0.0,29,20.7,59,1.5432,328
2004-11-24,2004-11-24,0.0,30.7,23.2,65,3.6008,329
2004-11-25,2004-11-25,0.0,30.9,23,82,0,330
2004-11-26,2004-11-26,0.0,28.7,25,68,3.6008,331
2004-11-27,2004-11-27,0.1,30.2,24.4,72,1.0288,332
2004-11-28,2004-11-28,0.3,29.6,23.5,70,6.1728,333
2004-11-29,2004-11-29,0.5,29.2,22.7,69,6.1728,334
2004-11-30,2004-11-30,1.4,26.3,22.5,79,3.0864,335
2004-12-01,2004-12-01,0.2,29.2,24,78,2.572,336
2004-12-02,2004-12-02,0.0,27.2,22.7,76,6.6872,337
2004-12-03,2004-12-03,0.0,29.7,23.3,64,6.1728,338
2004-12-04,2004-12-04,0.9,30.7,24,72,4.6296,339
2004-12-05,2004-12-05,2.3,30.3,24.4,66,2.572,340
2004-12-06,2004-12-06,2.5,28.7,23,71,4.6296,341
2004-12-07,2004-12-07,7.2,26.3,23.5,87,5.144,342
2004-12-08,2004-12-08,4.1,27.8,23.3,87,9.2592,343
2004-12-09,2004-12-09,0.4,29.3,23.5,81,5.144,344
2004-12-10,2004-12-10,15.6,29.4,24.5,73,7.716,345
2004-12-11,2004-12-11,8.8,28,23,89,7.2016,346
2004-12-12,2004-12-12,6.8,31.7,24.5,85,0,347
2004-12-13,2004-12-13,1.3,33.7,24,74,0,348
2004-12-14,2004-12-14,1.8,32.4,24.8,80,0,349
2004-12-15,2004-12-15,5.4,31.6,23.9,72,0,350
2004-12-16,2004-12-16,0.1,31.4,24.4,65,0,351
2004-12-17,2004-12-17,0.0,31.2,24.8,80,2.572,352
2004-12-18,2004-12-18,0.0,31.5,24.8,72,3.0864,353
2004-12-19,2004-12-19,41.9,31.2,24.7,85,1.5432,354
2004-12-20,2004-12-20,0.0,30.3,23.4,82,3.6008,355
2004-12-21,2004-12-21,0.0,32.2,23.3,76,0,356
2004-12-22,2004-12-22,0.5,32.5,24.5,74,0,357
2004-12-23,2004-12-23,0.1,32.2,25.3,65,1.5432,358
2004-12-24,2004-12-24,0.0,31.5,25.7,69,2.572,359
2004-12-25,2004-12-25,1.5,30.7,25.3,76,2.572,360
2004-12-26,2004-12-26,1.7,31.3,24.5,65,3.6008,361
2004-12-27,2004-12-27,0.3,31.2,25.5,69,3.6008,362
2004-12-28,2004-12-28,13.1,31.3,25.8,81,4.6296,363
2004-12-29,2004-12-29,12.4,29.8,25,90,0,364
2004-12-30,2004-12-30,0.0,30.8,25.3,81,8.7448,365
2004-12-31,2004-12-31,0.2,31.3,25.9,80,2.572,366
2005-01-01,2005-01-01,0.0,30.9,24.8,64,4.6296,1
2005-01-02,2005-01-02,24.8,30.3,25.4,76,1.5432,2
2005-01-03,2005-01-03,7.1,29.1,24,89,4.1152,3
2005-01-04,2005-01-04,23.3,31.3,25.6,76,1.5432,4
2005-01-05,2005-01-05,25.3,29,23.5,90,2.572,5
2005-01-06,2005-01-06,0.2,30.4,22.3,82,2.572,6
2005-01-07,2005-01-07,0.1,32.3,26.2,79,1.5432,7
2005-01-08,2005-01-08,0.0,31.9,26.6,85,1.0288,8
2005-01-09,2005-01-09,5.6,31.4,26.5,73,2.572,9
2005-01-10,2005-01-10,3.0,32.7,26,87,1.5432,10
2005-01-11,2005-01-11,11.1,32.2,24.2,82,0,11
2005-01-12,2005-01-12,0.2,32.2,24.7,71,1.0288,12
2005-01-13,2005-01-13,1.5,31.8,26.4,74,3.0864,13
2005-01-14,2005-01-14,0.0,30.9,25.6,84,1.0288,14
2005-01-15,2005-01-15,0.0,32.3,25.2,68,2.572,15
2005-01-16,2005-01-16,0.7,32,25.5,71,1.0288,16
2005-01-17,2005-01-17,24.5,31.4,25,82,0,17
2005-01-18,2005-01-18,0.0,31,24.5,81,0,18
2005-01-19,2005-01-19,0.0,31.7,25,70,2.572,19
2005-01-20,2005-01-20,0.0,31.2,25.3,79,2.572,20
2005-01-21,2005-01-21,0.0,31.6,25,72,2.572,21
2005-01-22,2005-01-22,2.2,32.4,25.5,71,0,22
2005-01-23,2005-01-23,0.2,32.5,25.2,67,0,23
2005-01-24,2005-01-24,2.0,32.4,25.4,76,1.0288,24
2005-01-25,2005-01-25,0.5,31.3,25.5,81,0,25
2005-01-26,2005-01-26,0.0,34.2,24.7,73,0,26
2005-01-27,2005-01-27,0.0,33.5,25,68,2.572,27
2005-01-28,2005-01-28,4.8,32.2,24.6,78,0,28
2005-01-29,2005-01-29,7.4,32.4,23.8,83,0,29
2005-01-30,2005-01-30,27.1,30.5,24.7,80,0,30
2005-01-31,2005-01-31,0.0,31.4,24.7,94,4.6296,31
2005-02-01,2005-02-01,0.0,32.8,24,69,0,32
2005-02-02,2005-02-02,0.0,31.5,24.7,70,0,33
2005-02-03,2005-02-03,2.6,32.7,25.5,73,0,34
2005-02-04,2005-02-04,0.0,32.6,25.3,70,0,35
2005-02-05,2005-02-05,1.6,33.8,25.7,71,0,36
2005-02-06,2005-02-06,0.0,34.7,25,73,0,37
2005-02-07,2005-02-07,0.0,33.1,24.8,71,1.0288,38
2005-02-08,2005-02-08,0.0,32.6,25,64,1.0288,39
2005-02-09,2005-02-09,0.0,33.1,26,71,1.5432,40
2005-02-10,2005-02-10,8.5,33.4,26,67,1.0288,41
2005-02-11,2005-02-11,11.0,32.4,26.5,75,1.5432,42
2005-02-12,2005-02-12,19.6,30.4,26.3,82,2.572,43
2005-02-13,2005-02-13,0.7,31.5,25.4,76,1.5432,44
2005-02-14,2005-02-14,0.4,32.3,26.4,78,4.6296,45
2005-02-15,2005-02-15,2.2,31.7,25.7,75,6.6872,46
2005-02-16,2005-02-16,1.7,31.3,25.8,73,4.6296,47
2005-02-17,2005-02-17,7.9,31.4,25,78,2.572,48
2005-02-18,2005-02-18,0.5,31.4,25.7,84,5.6584,49
2005-02-19,2005-02-19,0.4,31,26,65,5.144,50
2005-02-20,2005-02-20,0.0,31,25.5,65,4.6296,51
2005-02-21,2005-02-21,0.0,30.7,26,74,4.1152,52
2005-02-22,2005-02-22,0.2,31.3,25.3,64,5.6584,53
2005-02-23,2005-02-23,0.2,31.8,25.5,63,4.1152,54
2005-02-24,2005-02-24,38.4,31.5,23.8,72,8.2304,55
2005-02-25,2005-02-25,20.5,30,24,79,7.716,56
2005-02-26,2005-02-26,60.7,28,24.5,97,4.6296,57
2005-02-27,2005-02-27,69.4,30.7,24.3,84,3.0864,58
2005-02-28,2005-02-28,25.6,29.1,23.8,96,8.2304,59
2005-03-01,2005-03-01,3.1,30.7,24.4,75,3.6008,60
2005-03-02,2005-03-02,41.7,31.4,25,76,0,61
2005-03-03,2005-03-03,11.6,31.8,24.2,84,2.572,62
2005-03-04,2005-03-04,1.1,33.6,24.7,73,0,63
2005-03-05,2005-03-05,2.5,32.7,24.3,78,0,64
2005-03-06,2005-03-06,0.8,31.2,24,77,2.572,65
2005-03-07,2005-03-07,0.0,31,26.5,73,1.5432,66
2005-03-08,2005-03-08,1.6,31.9,26.3,72,2.572,67
2005-03-09,2005-03-09,0.0,31.7,25,75,1.0288,68
2005-03-10,2005-03-10,14.7,32.4,24.6,75,0,69
2005-03-11,2005-03-11,2.2,33.4,25.3,84,0,70
2005-03-12,2005-03-12,0.0,32.5,25.4,76,0,71
2005-03-13,2005-03-13,0.1,32.4,25.2,66,0,72
2005-03-14,2005-03-14,0.0,30.5,25.7,71,1.5432,73
2005-03-15,2005-03-15,0.0,30.4,24.9,66,3.0864,74
2005-03-16,2005-03-16,0.7,31.3,25.3,69,1.0288,75
2005-03-17,2005-03-17,17.9,31.9,24.6,72,0,76
2005-03-18,2005-03-18,30.5,31.5,24.7,79,0,77
2005-03-19,2005-03-19,0.0,32,23.7,78,0,78
2005-03-20,2005-03-20,0.0,31.9,25.9,70,1.5432,79
2005-03-21,2005-03-21,0.0,31.4,24.3,76,0,80
2005-03-22,2005-03-22,0.0,32.3,24,71,0,81
2005-03-23,2005-03-23,10.7,32.3,25.8,68,0,82
2005-03-24,2005-03-24,1.3,31.7,25.8,85,2.572,83
2005-03-25,2005-03-25,0.0,31.7,25.2,86,0,84
2005-03-26,2005-03-26,0.6,31.7,26,71,2.572,85
2005-03-27,2005-03-27,0.0,31.5,26.3,68,4.1152,86
2005-03-28,2005-03-28,1.8,31.8,25.5,65,2.572,87
2005-03-29,2005-03-29,0.3,31.5,24.7,74,1.0288,88
2005-03-30,2005-03-30,3.8,31.7,26.8,68,3.6008,89
2005-03-31,2005-03-31,17.3,29.7,25.5,91,0,90
2005-04-01,2005-04-01,0.9,32.3,24.6,76,2.57222,91
2005-04-02,2005-04-02,0.0,32,26.5,86,1.02889,92
2005-04-03,2005-04-03,7.4,31.5,27.2,79,2.57222,93
2005-04-04,2005-04-04,1.8,31.2,26.3,83,2.57222,94
2005-04-05,2005-04-05,1.4,31.2,26.3,69,6.68777,95
2005-04-06,2005-04-06,4.5,30.7,25.5,77,4.63,96
2005-04-07,2005-04-07,0.0,30.4,25.2,78,2.57222,97
2005-04-08,2005-04-08,6.0,31.2,25.7,85,0,98
2005-04-09,2005-04-09,21.5,31.6,25.3,79,2.57222,99
2005-04-10,2005-04-10,8.5,32.3,25.3,80,0,100
2005-04-11,2005-04-11,15.8,30.7,24,91,0,101
2005-04-12,2005-04-12,8.2,31.2,23.5,82,0,102
2005-04-13,2005-04-13,0.7,33.5,24.5,86,0,103
2005-04-14,2005-04-14,3.3,32,24.5,80,0,104
2005-04-15,2005-04-15,2.8,32.7,24.7,81,0,105
2005-04-16,2005-04-16,21.4,31.2,25,86,0,106
2005-04-17,2005-04-17,3.8,32.2,24.3,94,0,107
2005-04-18,2005-04-18,123.9,31.3,25.3,86,0,108
2005-04-19,2005-04-19,48.3,27,23.7,97,4.63,109
2005-04-20,2005-04-20,33.3,29.9,24.1,89,0,110
2005-04-21,2005-04-21,0.2,29.5,23,83,12.34666,111
2005-04-22,2005-04-22,0.3,29.2,25.3,85,4.63,112
2005-04-23,2005-04-23,1.8,29.6,25,77,4.63,113
2005-04-24,2005-04-24,1.5,28.9,22.9,72,6.68777,114
2005-04-25,2005-04-25,12.5,28.2,25,86,4.63,115
2005-04-26,2005-04-26,4.2,28.5,23.3,94,9.77444,116
2005-04-27,2005-04-27,1.3,27.8,23.4,83,6.68777,117
2005-04-28,2005-04-28,0.0,27.3,23.8,77,6.68777,118
2005-04-29,2005-04-29,0.0,26.6,23.8,60,4.63,119
2005-04-30,2005-04-30,3.9,27.7,24.5,77,4.63,120
2005-05-01,2005-05-01,0.9,30.5,24.2,88,6.1728,121
2005-05-02,2005-05-02,0.0,30.3,24.4,86,3.0864,122
2005-05-03,2005-05-03,0.4,29.7,25.2,82,4.1152,123
2005-05-04,2005-05-04,0.0,32.4,24,81,0,124
2005-05-05,2005-05-05,0.3,30.8,24.3,74,2.572,125
2005-05-06,2005-05-06,0.0,31,24.7,84,2.572,126
2005-05-07,2005-05-07,0.0,29.7,24,84,0,127
2005-05-08,2005-05-08,33.1,30.8,24.7,81,2.572,128
2005-05-09,2005-05-09,16.5,30.4,24.3,76,0,129
2005-05-10,2005-05-10,3.8,32,24.4,78,0,130
2005-05-11,2005-05-11,0.0,28.5,24,72,4.1152,131
2005-05-12,2005-05-12,0.0,27.4,23.8,60,5.144,132
2005-05-13,2005-05-13,0.4,28.6,23.4,61,4.1152,133
2005-05-14,2005-05-14,0.0,27.8,23.5,81,2.572,134
2005-05-15,2005-05-15,0.0,28.7,23.8,77,2.572,135
2005-05-16,2005-05-16,0.0,29.3,23.7,69,3.6008,136
2005-05-17,2005-05-17,0.0,28.8,23.5,63,0,137
2005-05-18,2005-05-18,0.0,28.8,24.3,70,3.6008,138
2005-05-19,2005-05-19,0.0,29,22.7,76,3.0864,139
2005-05-20,2005-05-20,0.0,29,24.6,67,5.144,140
2005-05-21,2005-05-21,0.0,29,23.6,69,8.2304,141
2005-05-22,2005-05-22,0.8,28.8,22.5,73,4.1152,142
2005-05-23,2005-05-23,0.1,29,23.3,76,4.6296,143
2005-05-24,2005-05-24,0.1,29.4,23.5,68,5.144,144
2005-05-25,2005-05-25,0.1,29.3,23.5,77,2.572,145
2005-05-26,2005-05-26,1.6,28,23.2,89,2.572,146
2005-05-27,2005-05-27,1.7,28.8,23.5,80,3.0864,147
2005-05-28,2005-05-28,0.6,30,25,85,3.6008,148
2005-05-29,2005-05-29,0.1,29.2,24.8,82,4.6296,149
2005-05-30,2005-05-30,0.5,29,24.5,78,2.572,150
2005-05-31,2005-05-31,1.3,29.2,23.5,91,0,151
2005-06-01,2005-06-01,0.0,26.8,23.5,75,4.1152,152
2005-06-02,2005-06-02,0.0,28.3,22.8,69,3.6008,153
2005-06-03,2005-06-03,0.0,27.6,22.7,63,5.144,154
2005-06-04,2005-06-04,0.0,27.2,22.7,78,5.6584,155
2005-06-05,2005-06-05,1.0,27.8,23.3,73,3.6008,156
2005-06-06,2005-06-06,2.2,28,22.2,67,6.6872,157
2005-06-07,2005-06-07,3.4,26.7,22.7,87,5.144,158
2005-06-08,2005-06-08,3.5,26.2,23.2,83,0,159
2005-06-09,2005-06-09,41.8,24.8,23.4,81,1.5432,160
2005-06-10,2005-06-10,31.7,27.3,21.8,83,2.572,161
2005-06-11,2005-06-11,0.1,27.2,22.3,96,2.572,162
2005-06-12,2005-06-12,3.7,28.5,22.5,81,2.572,163
2005-06-13,2005-06-13,0.0,28.2,23.5,71,0,164
2005-06-14,2005-06-14,0.0,28.3,23.7,77,0,165
2005-06-15,2005-06-15,0.0,26.4,21.5,67,3.0864,166
2005-06-16,2005-06-16,0.0,26,21.5,81,2.572,167
2005-06-17,2005-06-17,0.0,26.7,20.5,61,3.0864,168
2005-06-18,2005-06-18,0.2,27.6,21,66,1.5432,169
2005-06-19,2005-06-19,0.0,28.7,22.3,67,0,170
2005-06-20,2005-06-20,0.0,27.5,22,78,1.5432,171
2005-06-21,2005-06-21,0.0,28.3,22.7,77,3.0864,172
2005-06-22,2005-06-22,5.4,28.4,24.2,80,4.6296,173
2005-06-23,2005-06-23,1.4,27.5,23.3,81,6.6872,174
2005-06-24,2005-06-24,0.2,27.2,24.2,85,4.6296,175
2005-06-25,2005-06-25,0.2,27.8,23.7,73,2.572,176
2005-06-26,2005-06-26,0.0,28.7,22.3,77,1.5432,177
2005-06-27,2005-06-27,2.0,27.3,22.7,73,5.144,178
2005-06-28,2005-06-28,4.2,26.2,22.5,75,8.2304,179
2005-06-29,2005-06-29,0.1,25,20.7,76,7.716,180
2005-06-30,2005-06-30,0.0,25.7,22.3,70,6.6872,181
2005-07-01,2005-07-01,0.0,25.6,22.8,69,7.716,182
2005-07-02,2005-07-02,0.0,26.3,21.4,67,7.716,183
2005-07-03,2005-07-03,0.0,24.8,19.5,46,9.2592,184
2005-07-04,2005-07-04,0.0,25.2,20.3,54,6.6872,185
2005-07-05,2005-07-05,4.3,25.3,20,75,7.716,186
2005-07-06,2005-07-06,1.3,26.3,20,80,2.572,187
2005-07-07,2005-07-07,0.0,27.3,21.3,76,0,188
2005-07-08,2005-07-08,0.0,26.6,19,79,0,189
2005-07-09,2005-07-09,0.7,26,21,77,3.6008,190
2005-07-10,2005-07-10,0.0,26.6,19.9,68,2.572,191
2005-07-11,2005-07-11,0.6,27.5,21.3,60,0,192
2005-07-12,2005-07-12,1.9,26.6,22,82,0,193
2005-07-13,2005-07-13,0.0,27.2,22.3,75,1.0288,194
2005-07-14,2005-07-14,0.0,28.1,23.2,76,3.0864,195
2005-07-15,2005-07-15,0.0,28.2,21.8,73,4.1152,196
2005-07-16,2005-07-16,0.0,28.2,23,75,5.6584,197
2005-07-17,2005-07-17,0.0,28.6,22.3,73,0,198
2005-07-18,2005-07-18,0.0,28.3,22.8,75,3.0864,199
2005-07-19,2005-07-19,0.0,27.2,23,71,3.6008,200
2005-07-20,2005-07-20,6.9,27.7,22.3,68,3.0864,201
2005-07-21,2005-07-21,0.4,25.3,21.5,82,10.288,202
2005-07-22,2005-07-22,0.5,25.4,21.4,78,9.2592,203
2005-07-23,2005-07-23,26.7,25,21,91,6.1728,204
2005-07-24,2005-07-24,21.6,23,20.2,92,10.8024,205
2005-07-25,2005-07-25,0.4,25.8,17.7,90,2.572,206
2005-07-26,2005-07-26,0.0,25.7,21.3,79,4.6296,207
2005-07-27,2005-07-27,0.0,27.2,21.5,74,2.572,208
2005-07-28,2005-07-28,0.7,26.8,21.5,70,4.1152,209
2005-07-29,2005-07-29,0.1,25.2,21,86,3.0864,210
2005-07-30,2005-07-30,0.2,25.7,21.4,91,6.1728,211
2005-07-31,2005-07-31,0.0,26.7,21,77,4.1152,212
2005-08-01,2005-08-01,0.0,25.5,22,63,5.144,213
2005-08-02,2005-08-02,0.0,26.3,21,70,3.6008,214
2005-08-03,2005-08-03,0.0,25.5,21,66,7.716,215
2005-08-04,2005-08-04,1.8,25,21,75,2.572,216
2005-08-05,2005-08-05,0.0,25.2,20,62,6.1728,217
2005-08-06,2005-08-06,0.1,26,20.3,68,1.5432,218
2005-08-07,2005-08-07,0.0,28.1,20.7,70,0,219
2005-08-08,2005-08-08,0.0,26,22.4,79,4.1152,220
2005-08-09,2005-08-09,0.2,26.5,22.7,74,4.1152,221
2005-08-10,2005-08-10,0.1,26.4,21.5,81,4.1152,222
2005-08-11,2005-08-11,0.0,28,20.7,68,5.144,223
2005-08-12,2005-08-12,0.0,27.4,22.3,76,4.1152,224
2005-08-13,2005-08-13,0.0,26.3,22.6,77,2.572,225
2005-08-14,2005-08-14,0.0,27.6,21.6,64,2.572,226
2005-08-15,2005-08-15,0.0,27.6,20.2,81,0,227
2005-08-16,2005-08-16,0.2,27.3,22.7,82,5.144,228
2005-08-17,2005-08-17,3.0,26.9,22.4,84,5.144,229
2005-08-18,2005-08-18,11.4,28,22,76,3.0864,230
2005-08-19,2005-08-19,2.6,25.4,21.3,95,0,231
2005-08-20,2005-08-20,4.1,24.4,21.5,94,3.0864,232
2005-08-21,2005-08-21,0.0,27.4,19.8,74,2.572,233
2005-08-22,2005-08-22,0.0,26.4,17.4,60,1.5432,234
2005-08-23,2005-08-23,0.0,26,19,74,1.5432,235
2005-08-24,2005-08-24,0.0,27.7,20,76,3.0864,236
2005-08-25,2005-08-25,1.8,29.5,20.3,75,0,237
2005-08-26,2005-08-26,7.9,24.8,21.3,79,3.6008,238
2005-08-27,2005-08-27,13.8,21.7,19.7,94,6.6872,239
2005-08-28,2005-08-28,2.5,23.2,20,96,6.6872,240
2005-08-29,2005-08-29,0.6,25.5,21,90,6.6872,241
2005-08-30,2005-08-30,0.0,25.3,21.7,71,6.1728,242
2005-08-31,2005-08-31,0.4,27,22.3,71,6.1728,243
2005-09-01,2005-09-01,1.4,26.4,21,84,4.1152,244
2005-09-02,2005-09-02,5.3,25.9,21.8,79,6.6872,245
2005-09-03,2005-09-03,0.0,27.3,21.6,86,0,246
2005-09-04,2005-09-04,0.0,27,22.8,80,4.1152,247
2005-09-05,2005-09-05,0.5,26.9,22.5,72,6.1728,248
2005-09-06,2005-09-06,0.0,26.5,22.5,79,6.6872,249
2005-09-07,2005-09-07,0.0,27.4,22.2,72,6.6872,250
2005-09-08,2005-09-08,4.5,27.8,23,83,3.6008,251
2005-09-09,2005-09-09,0.1,28.9,23.7,80,2.572,252
2005-09-10,2005-09-10,1.8,30.6,22.6,93,2.572,253
2005-09-11,2005-09-11,0.0,30.2,22.8,80,3.6008,254
2005-09-12,2005-09-12,0.0,26.7,23.5,82,3.0864,255
2005-09-13,2005-09-13,0.0,29.7,23,81,2.572,256
2005-09-14,2005-09-14,0.0,29.3,21.7,91,2.572,257
2005-09-15,2005-09-15,0.0,29,22.5,73,0,258
2005-09-16,2005-09-16,0.1,27,22.5,86,6.1728,259
2005-09-17,2005-09-17,0.0,28.5,22.3,81,4.1152,260
2005-09-18,2005-09-18,0.0,29.4,24.5,80,3.6008,261
2005-09-19,2005-09-19,0.0,30,22.5,75,0,262
2005-09-20,2005-09-20,1.2,28.5,23.6,77,3.0864,263
2005-09-21,2005-09-21,0.2,28,22.5,82,6.1728,264
2005-09-22,2005-09-22,0.0,27.7,24,81,7.716,265
2005-09-23,2005-09-23,0.0,27.3,24.2,76,7.716,266
2005-09-24,2005-09-24,0.5,26.2,22.8,75,7.2016,267
2005-09-25,2005-09-25,0.3,26.7,21.5,80,7.716,268
2005-09-26,2005-09-26,10.0,27.4,22.7,92,9.2592,269
2005-09-27,2005-09-27,8.0,28.4,22.5,79,3.6008,270
2005-09-28,2005-09-28,4.2,27.7,23,90,6.6872,271
2005-09-29,2005-09-29,24.9,25.7,23.7,93,0,272
2005-09-30,2005-09-30,0.7,25.3,22.3,89,6.6872,273
2005-10-01,2005-10-01,0.0,26.7,22.5,77,7.716,274
2005-10-02,2005-10-02,0.0,27.4,22.4,69,5.144,275
2005-10-03,2005-10-03,0.0,28,21.5,69,2.572,276
2005-10-04,2005-10-04,1.8,27.2,22.5,74,5.144,277
2005-10-05,2005-10-05,0.0,27.6,21.2,76,3.6008,278
2005-10-06,2005-10-06,0.8,28.3,23,76,2.572,279
2005-10-07,2005-10-07,22.1,29,22.7,79,3.6008,280
2005-10-08,2005-10-08,16.3,29.3,23,76,0,281
2005-10-09,2005-10-09,0.0,29.7,22.9,79,3.6008,282
2005-10-10,2005-10-10,0.0,30,25,83,5.144,283
2005-10-11,2005-10-11,0.0,29.4,23.3,72,3.6008,284
2005-10-12,2005-10-12,0.0,28.8,23.2,71,3.6008,285
2005-10-13,2005-10-13,0.0,28.2,23.5,72,5.144,286
2005-10-14,2005-10-14,0.0,29.3,23.3,72,3.0864,287
2005-10-15,2005-10-15,0.0,28.4,24.3,73,5.144,288
2005-10-16,2005-10-16,0.0,27.5,23.8,69,4.1152,289
2005-10-17,2005-10-17,0.8,28.7,23,69,5.144,290
2005-10-18,2005-10-18,6.3,29.4,22.6,73,4.1152,291
2005-10-19,2005-10-19,0.9,28.4,23.3,85,1.5432,292
2005-10-20,2005-10-20,0.0,30.7,22.3,80,0,293
2005-10-21,2005-10-21,0.0,31.2,24,75,0,294
2005-10-22,2005-10-22,0.0,32.3,22.3,79,3.0864,295
2005-10-23,2005-10-23,0.0,31.7,23,80,2.572,296
2005-10-24,2005-10-24,0.0,31.6,23.8,75,3.6008,297
2005-10-25,2005-10-25,11.0,30.4,25.6,81,4.1152,298
2005-10-26,2005-10-26,0.0,30.3,24,73,3.0864,299
2005-10-27,2005-10-27,21.0,29.7,25.7,74,0,300
2005-10-28,2005-10-28,8.4,29.7,23.3,85,1.5432,301
2005-10-29,2005-10-29,26.2,30.4,23.5,84,3.0864,302
2005-10-30,2005-10-30,34.3,26.2,22.7,96,5.144,303
2005-10-31,2005-10-31,33.3,28,22.5,91,4.1152,304
2005-11-01,2005-11-01,0.2,27.8,22.7,82,0,305
2005-11-02,2005-11-02,1.3,28.3,24.3,76,7.716,306
2005-11-03,2005-11-03,0.2,28.6,23.6,89,4.1152,307
2005-11-04,2005-11-04,0.4,28.3,23.6,75,6.6872,308
2005-11-05,2005-11-05,0.0,28.3,24,64,3.0864,309
2005-11-06,2005-11-06,0.0,28.9,24,77,3.0864,310
2005-11-07,2005-11-07,0.9,27.6,24.3,81,3.6008,311
2005-11-08,2005-11-08,0.6,29.3,23.6,75,5.144,312
2005-11-09,2005-11-09,0.0,29.6,24.2,72,1.5432,313
2005-11-10,2005-11-10,6.6,30,23,77,1.5432,314
2005-11-11,2005-11-11,2.3,28.5,22.6,91,0,315
2005-11-12,2005-11-12,8.6,29.7,24,77,0,316
2005-11-13,2005-11-13,2.2,28.8,24,92,1.5432,317
2005-11-14,2005-11-14,2.1,27,24.7,85,3.6008,318
2005-11-15,2005-11-15,0.4,28.9,23.7,90,3.6008,319
2005-11-16,2005-11-16,17.0,28.3,24,83,3.6008,320
2005-11-17,2005-11-17,5.0,28,23.7,79,1.5432,321
2005-11-18,2005-11-18,15.7,27.7,22.7,89,0,322
2005-11-19,2005-11-19,18.6,30.3,22.9,87,1.5432,323
2005-11-20,2005-11-20,0.0,31.1,23,73,1.5432,324
2005-11-21,2005-11-21,0.2,30,24.3,70,0,325
2005-11-22,2005-11-22,0.0,30.2,23.5,78,0,326
2005-11-23,2005-11-23,1.8,31.4,23.7,74,0,327
2005-11-24,2005-11-24,0.3,31.2,24,86,0,328
2005-11-25,2005-11-25,0.0,30.6,24,73,3.0864,329
2005-11-26,2005-11-26,0.0,30.7,23.9,79,4.1152,330
2005-11-27,2005-11-27,0.9,30.6,23.9,78,2.572,331
2005-11-28,2005-11-28,4.0,29.6,24.5,82,2.572,332
2005-11-29,2005-11-29,0.3,30.7,24.2,82,1.5432,333
2005-11-30,2005-11-30,1.7,29.2,24,79,4.1152,334
2005-12-01,2005-12-01,0.0,28.7,23.9,75,4.1152,335
2005-12-02,2005-12-02,0.0,29,24.3,61,5.144,336
2005-12-03,2005-12-03,0.1,29.9,24,62,2.572,337
2005-12-04,2005-12-04,0.0,30.3,24.5,70,2.572,338
2005-12-05,2005-12-05,2.4,30.7,25.7,73,3.6008,339
2005-12-06,2005-12-06,0.1,31,24.3,71,3.6008,340
2005-12-07,2005-12-07,14.0,31.1,25.8,74,3.6008,341
2005-12-08,2005-12-08,0.0,30.8,24.4,69,3.6008,342
2005-12-09,2005-12-09,0.0,30.3,25.3,71,5.144,343
2005-12-10,2005-12-10,0.2,30.1,24.5,69,3.0864,344
2005-12-11,2005-12-11,0.0,30.8,24.7,71,3.0864,345
2005-12-12,2005-12-12,10.5,30.7,25.5,71,3.0864,346
2005-12-13,2005-12-13,0.0,31.2,23.8,74,1.5432,347
2005-12-14,2005-12-14,0.0,33,25,76,0,348
2005-12-15,2005-12-15,0.0,30.4,25.5,72,4.1152,349
2005-12-16,2005-12-16,0.0,33,22.5,70,0,350
2005-12-17,2005-12-17,0.0,33.3,23.5,64,0,351
2005-12-18,2005-12-18,0.0,31.8,23.4,71,5.144,352
2005-12-19,2005-12-19,0.0,33.1,24.7,64,0,353
2005-12-20,2005-12-20,32.2,33,26.9,78,1.5432,354
2005-12-21,2005-12-21,6.0,32,24.9,71,3.6008,355
2005-12-22,2005-12-22,5.6,32.5,24,72,1.5432,356
2005-12-23,2005-12-23,3.2,32.5,24,72,3.6008,357
2005-12-24,2005-12-24,3.4,30.9,23.5,78,1.5432,358
2005-12-25,2005-12-25,11.8,31,23.4,81,4.1152,359
2005-12-26,2005-12-26,2.0,30.3,24,75,5.144,360
2005-12-27,2005-12-27,8.9,30.1,25,74,5.144,361
2005-12-28,2005-12-28,0.0,30.2,22.7,74,0,362
2005-12-29,2005-12-29,2.6,29.9,24.2,78,0,363
2005-12-30,2005-12-30,52.1,30.7,24.6,76,6.6872,364
2005-12-31,2005-12-31,3.7,27.5,23,93,3.6008,365
2006-01-01,2006-01-01,0.0,29.8,23.2,72,4.1152,1
2006-01-02,2006-01-02,0.1,30.2,24.4,73,3.0864,2
2006-01-03,2006-01-03,1.5,30.4,26,76,5.144,3
2006-01-04,2006-01-04,0.2,30.9,24.4,81,3.0864,4
2006-01-05,2006-01-05,2.4,30.7,25.5,75,3.6008,5
2006-01-06,2006-01-06,0.8,30.9,24.3,76,4.1152,6
2006-01-07,2006-01-07,3.4,31.4,26.3,92,3.6008,7
2006-01-08,2006-01-08,0.0,30.2,25.3,76,6.1728,8
2006-01-09,2006-01-09,58.1,30.9,24,77,1.5432,9
2006-01-10,2006-01-10,9.4,29.3,23.8,88,1.5432,10
2006-01-11,2006-01-11,9.0,30.4,24.3,82,8.2304,11
2006-01-12,2006-01-12,3.5,28.7,24,80,5.144,12
2006-01-13,2006-01-13,1.9,29.9,23.3,74,5.144,13
2006-01-14,2006-01-14,0.3,29.8,22.9,76,4.1152,14
2006-01-15,2006-01-15,7.8,30.7,23.5,71,0,15
2006-01-16,2006-01-16,14.0,29.3,25,78,0,16
2006-01-17,2006-01-17,0.3,30.7,25,76,1.5432,17
2006-01-18,2006-01-18,0.0,30.8,25.3,71,5.144,18
2006-01-19,2006-01-19,0.2,32.2,26.6,77,3.6008,19
2006-01-20,2006-01-20,2.5,31.2,26.3,78,3.6008,20
2006-01-21,2006-01-21,7.4,31.8,26.2,72,1.5432,21
2006-01-22,2006-01-22,3.9,30.8,24.5,75,4.1152,22
2006-01-23,2006-01-23,71.8,31.9,24.7,71,0,23
2006-01-24,2006-01-24,14.1,31.7,23.8,82,2.572,24
2006-01-25,2006-01-25,0.6,31.7,24.5,78,0,25
2006-01-26,2006-01-26,7.4,29.4,24.5,87,0,26
2006-01-27,2006-01-27,29.8,29.6,23.3,85,0,27
2006-01-28,2006-01-28,28.2,27.7,23.3,85,2.572,28
2006-01-29,2006-01-29,95.5,29.7,24,86,2.572,29
2006-01-30,2006-01-30,1.6,30.4,24.2,97,2.572,30
2006-01-31,2006-01-31,3.9,31.1,24.7,82,0,31
2006-02-01,2006-02-01,4.8,32.2,25.3,81,2.572,32
2006-02-02,2006-02-02,0.0,31.3,25.5,85,0,33
2006-02-03,2006-02-03,4.4,31.7,25.8,81,1.5432,34
2006-02-04,2006-02-04,59.8,31,24.7,80,0,35
2006-02-05,2006-02-05,1.0,31.3,23.3,94,0,36
2006-02-06,2006-02-06,4.0,31.5,24.3,85,0,37
2006-02-07,2006-02-07,15.7,32,24.7,84,0,38
2006-02-08,2006-02-08,0.0,31.6,24.6,78,2.572,39
2006-02-09,2006-02-09,0.1,32,25.5,80,3.6008,40
2006-02-10,2006-02-10,3.6,32.2,24.2,76,2.572,41
2006-02-11,2006-02-11,0.0,30.8,24.2,81,3.6008,42
2006-02-12,2006-02-12,2.8,30,24.8,84,7.716,43
2006-02-13,2006-02-13,1.2,33,25.3,82,0,44
2006-02-14,2006-02-14,0.2,32.4,25,74,0,45
2006-02-15,2006-02-15,43.5,32.5,24.4,77,0,46
2006-02-16,2006-02-16,0.0,33,24.7,77,0,47
2006-02-17,2006-02-17,4.6,30.6,25.2,77,3.0864,48
2006-02-18,2006-02-18,0.0,30.5,24.8,81,0,49
2006-02-19,2006-02-19,38.4,31.1,24.8,67,4.1152,50
2006-02-20,2006-02-20,0.0,29.5,22.6,73,4.1152,51
2006-02-21,2006-02-21,0.2,30.2,25.5,74,5.144,52
2006-02-22,2006-02-22,28.8,29,25.3,76,1.5432,53
2006-02-23,2006-02-23,5.0,30,24,87,0,54
2006-02-24,2006-02-24,12.5,30.7,24.5,84,1.5432,55
2006-02-25,2006-02-25,0.2,29.3,24.6,91,0,56
2006-02-26,2006-02-26,33.0,29.7,24.4,84,0,57
2006-02-27,2006-02-27,4.5,31.5,24.7,71,1.5432,58
2006-02-28,2006-02-28,0.0,31.8,24.5,75,1.5432,59
2006-03-01,2006-03-01,0.0,31.7,26.5,79,3.6008,60
2006-03-02,2006-03-02,0.0,31.7,25.5,77,4.1152,61
2006-03-03,2006-03-03,0.0,32,25.7,76,3.0864,62
2006-03-04,2006-03-04,0.0,33.7,25,78,0,63
2006-03-05,2006-03-05,1.7,31,25,73,1.5432,64
2006-03-06,2006-03-06,29.8,30.8,25.1,78,0,65
2006-03-07,2006-03-07,1.1,31.2,24.3,78,0,66
2006-03-08,2006-03-08,0.0,32,25.5,73,2.572,67
2006-03-09,2006-03-09,4.4,32,25.3,76,1.5432,68
2006-03-10,2006-03-10,6.4,30.5,25,83,1.5432,69
2006-03-11,2006-03-11,0.4,30.7,23.3,80,0,70
2006-03-12,2006-03-12,0.0,31.5,25.5,77,0,71
2006-03-13,2006-03-13,0.0,34,23.5,76,0,72
2006-03-14,2006-03-14,4.8,31.6,24.7,78,0,73
2006-03-15,2006-03-15,2.0,32,24.4,79,0,74
2006-03-16,2006-03-16,0.9,31.5,24.3,80,1.5432,75
2006-03-17,2006-03-17,6.8,32.4,26,76,5.144,76
2006-03-18,2006-03-18,2.7,32,25.8,71,0,77
2006-03-19,2006-03-19,1.0,31.7,25.4,80,2.572,78
2006-03-20,2006-03-20,1.3,30.7,25.2,93,2.572,79
2006-03-21,2006-03-21,12.1,31.5,24.5,76,2.572,80
2006-03-22,2006-03-22,1.0,32,23.3,73,0,81
2006-03-23,2006-03-23,4.2,32.5,25.6,73,1.5432,82
2006-03-24,2006-03-24,12.9,32,24.3,78,0,83
2006-03-25,2006-03-25,8.2,32.2,25.1,73,0,84
2006-03-26,2006-03-26,1.0,31.5,25.7,84,4.1152,85
2006-03-27,2006-03-27,0.0,32.2,26.7,78,3.6008,86
2006-03-28,2006-03-28,0.0,32.6,26.5,82,1.5432,87
2006-03-29,2006-03-29,1.1,32.3,25.5,74,0,88
2006-03-30,2006-03-30,3.0,32.1,26,73,0,89
2006-03-31,2006-03-31,0.0,32,25,76,2.572,90
2006-04-01,2006-04-01,1.2,32,26.7,78,3.0864,91
2006-04-02,2006-04-02,13.1,31.7,25.9,78,3.0864,92
2006-04-03,2006-04-03,3.5,29.4,26.4,75,2.572,93
2006-04-04,2006-04-04,41.2,31,25.2,77,2.572,94
2006-04-05,2006-04-05,0.1,31.4,22.9,92,4.1152,95
2006-04-06,2006-04-06,2.4,31,25,78,0,96
2006-04-07,2006-04-07,0.3,31.2,25,76,6.1728,97
2006-04-08,2006-04-08,0.0,31.3,23.6,75,0,98
2006-04-09,2006-04-09,0.0,32,25.5,69,1.5432,99
2006-04-10,2006-04-10,0.6,31.3,25.9,75,3.6008,100
2006-04-11,2006-04-11,9.7,33.5,26,89,1.5432,101
2006-04-12,2006-04-12,3.6,31.5,23.8,78,0,102
2006-04-13,2006-04-13,2.9,31.4,25.5,78,0,103
2006-04-14,2006-04-14,0.9,31,24,80,2.572,104
2006-04-15,2006-04-15,0.0,33,22.8,77,0,105
2006-04-16,2006-04-16,3.1,30.7,24,84,0,106
2006-04-17,2006-04-17,8.8,30.4,24.7,91,0,107
2006-04-18,2006-04-18,144.2,30.2,25,87,3.0864,108
2006-04-19,2006-04-19,5.8,29.3,22.7,78,4.1152,109
2006-04-20,2006-04-20,0.4,30.2,22.5,75,0,110
2006-04-21,2006-04-21,3.4,31,23.3,76,0,111
2006-04-22,2006-04-22,0.0,32.3,25,78,0,112
2006-04-23,2006-04-23,0.0,32.3,24.7,78,0,113
2006-04-24,2006-04-24,0.0,33,25,78,0,114
2006-04-25,2006-04-25,0.0,33,25.2,75,0,115
2006-04-26,2006-04-26,0.0,32,23.3,76,0,116
2006-04-27,2006-04-27,0.4,32.3,24.7,68,0,117
2006-04-28,2006-04-28,0.0,32,25,75,0,118
2006-04-29,2006-04-29,0.0,31.3,23,73,2.572,119
2006-04-30,2006-04-30,0.0,33.2,25.2,71,0,120
2006-05-01,2006-05-01,0.0,32.8,24,76,0,121
2006-05-02,2006-05-02,2.6,31.6,24,79,0,122
2006-05-03,2006-05-03,0.0,32,24.2,76,0,123
2006-05-04,2006-05-04,6.1,31.7,25.5,84,0,124
2006-05-05,2006-05-05,16.8,31,24,94,0,125
2006-05-06,2006-05-06,0.0,29.7,23.9,88,1.5432,126
2006-05-07,2006-05-07,12.4,30.5,25,71,1.5432,127
2006-05-08,2006-05-08,0.0,29.3,24.5,88,0,128
2006-05-09,2006-05-09,0.0,29.3,24.8,67,2.0576,129
2006-05-10,2006-05-10,0.0,30.3,24,72,0,130
2006-05-11,2006-05-11,0.0,30,25.6,79,1.5432,131
2006-05-12,2006-05-12,3.3,32.5,23.4,78,0,132
2006-05-13,2006-05-13,1.1,29,24.7,84,2.572,133
2006-05-14,2006-05-14,0.4,28.3,24.5,75,2.572,134
2006-05-15,2006-05-15,0.8,28.7,23.4,78,4.1152,135
2006-05-16,2006-05-16,0.0,28.7,23.6,88,6.1728,136
2006-05-17,2006-05-17,4.6,28.5,22.6,63,4.1152,137
2006-05-18,2006-05-18,2.4,26.9,24,83,5.144,138
2006-05-19,2006-05-19,11.0,26.5,22.6,80,6.6872,139
2006-05-20,2006-05-20,23.6,26.4,23.1,91,1.0288,140
2006-05-21,2006-05-21,0.2,28.5,22.7,85,2.572,141
2006-05-22,2006-05-22,0.2,29,25,72,2.572,142
2006-05-23,2006-05-23,0.0,28.2,25,74,4.1152,143
2006-05-24,2006-05-24,4.1,29,25,75,2.0576,144
2006-05-25,2006-05-25,0.0,28.6,23,66,10.288,145
2006-05-26,2006-05-26,0.0,28,25,63,2.572,146
2006-05-27,2006-05-27,0.9,29.2,24,67,2.572,147
2006-05-28,2006-05-28,0.4,29,23.5,69,2.572,148
2006-05-29,2006-05-29,0.0,29,23,65,2.572,149
2006-05-30,2006-05-30,0.0,28.7,22.5,72,3.0864,150
2006-05-31,2006-05-31,7.0,29.4,23.2,70,3.0864,151
2006-06-01,2006-06-01,1.1,30.9,22.9,90,1.5432,152
2006-06-02,2006-06-02,0.0,29.4,24,89,0,153
2006-06-03,2006-06-03,0.0,29.5,24,71,1.5432,154
2006-06-04,2006-06-04,0.0,28.9,24,72,4.1152,155
2006-06-05,2006-06-05,0.0,30.5,24,74,0,156
2006-06-06,2006-06-06,0.0,28.2,23.5,74,1.5432,157
2006-06-07,2006-06-07,0.0,28.5,24,69,1.5432,158
2006-06-08,2006-06-08,0.0,28.8,24.6,81,0,159
2006-06-09,2006-06-09,0.0,29,23.8,81,0,160
2006-06-10,2006-06-10,0.3,28.2,25,74,5.144,161
2006-06-11,2006-06-11,1.8,28.5,23.8,76,1.5432,162
2006-06-12,2006-06-12,8.3,29,24.3,82,0,163
2006-06-13,2006-06-13,12.0,26.4,23.5,87,0,164
2006-06-14,2006-06-14,0.0,28.3,22.8,75,2.0576,165
2006-06-15,2006-06-15,0.0,28.1,23.9,73,0,166
2006-06-16,2006-06-16,2.2,28.6,23,79,0,167
2006-06-17,2006-06-17,5.6,30,24,87,0,168
2006-06-18,2006-06-18,4.6,30.1,23.5,84,0,169
2006-06-19,2006-06-19,0.4,26,23.5,79,4.6296,170
2006-06-20,2006-06-20,0.0,24.8,22.7,70,8.7448,171
2006-06-21,2006-06-21,0.0,26.4,21.9,66,3.0864,172
2006-06-22,2006-06-22,0.0,27.5,21.2,67,0,173
2006-06-23,2006-06-23,0.2,28.3,22.3,73,0,174
2006-06-24,2006-06-24,1.9,25.7,22.5,91,6.1728,175
2006-06-25,2006-06-25,0.0,24.9,21,73,8.7448,176
2006-06-26,2006-06-26,0.0,24.6,21.5,58,7.716,177
2006-06-27,2006-06-27,0.4,26,21.1,77,5.144,178
2006-06-28,2006-06-28,22.6,27.5,21.7,75,3.0864,179
2006-06-29,2006-06-29,11.0,24,22.5,98,5.144,180
2006-06-30,2006-06-30,0.0,25.8,20.8,89,0,181
2006-07-01,2006-07-01,0.0,27.5,19.9,48,2.0576,182
2006-07-02,2006-07-02,0.0,26.5,18.8,70,3.0864,183
2006-07-03,2006-07-03,2.6,26.3,22.5,65,5.144,184
2006-07-04,2006-07-04,0.1,27,21,89,2.572,185
2006-07-05,2006-07-05,14.2,28.5,22.5,77,0,186
2006-07-06,2006-07-06,0.0,27.5,22.7,68,4.1152,187
2006-07-07,2006-07-07,0.0,25.6,23,79,4.1152,188
2006-07-08,2006-07-08,0.0,26.2,22.6,75,3.6008,189
2006-07-09,2006-07-09,0.0,26.4,22,57,3.6008,190
2006-07-10,2006-07-10,0.8,26.5,22,70,4.1152,191
2006-07-11,2006-07-11,1.7,25.9,21.4,90,3.0864,192
2006-07-12,2006-07-12,11.3,26,21.3,78,4.1152,193
2006-07-13,2006-07-13,4.0,25.7,20,91,3.0864,194
2006-07-14,2006-07-14,0.5,28.1,21,72,0,195
2006-07-15,2006-07-15,0.0,28.3,20.8,76,0,196
2006-07-16,2006-07-16,0.0,25.4,21.3,66,2.572,197
2006-07-17,2006-07-17,0.0,25,20,58,3.0864,198
2006-07-18,2006-07-18,0.0,25,21.5,66,3.0864,199
2006-07-19,2006-07-19,0.0,26,21,64,3.0864,200
2006-07-20,2006-07-20,0.0,27.2,21.3,60,2.572,201
2006-07-21,2006-07-21,2.3,28,21.5,68,3.0864,202
2006-07-22,2006-07-22,0.3,24.4,21.5,82,4.1152,203
2006-07-23,2006-07-23,0.0,24.7,21.5,70,3.0864,204
2006-07-24,2006-07-24,0.0,26.3,21.7,67,3.6008,205
2006-07-25,2006-07-25,0.4,27.3,21.5,69,2.0576,206
2006-07-26,2006-07-26,0.5,26,21.5,66,0,207
2006-07-27,2006-07-27,0.3,25,20.5,72,4.6296,208
2006-07-28,2006-07-28,3.3,25.2,21.5,75,5.144,209
2006-07-29,2006-07-29,0.0,25.3,20.5,72,7.2016,210
2006-07-30,2006-07-30,0.5,25.3,21.3,52,5.144,211
2006-07-31,2006-07-31,0.1,25.6,20.5,68,6.1728,212
2006-08-01,2006-08-01,0.1,26.5,19.8,59,2.572,213
2006-08-02,2006-08-02,0.0,27,22,56,3.0864,214
2006-08-03,2006-08-03,0.3,27,23,67,2.572,215
2006-08-04,2006-08-04,2.9,27.7,21.5,72,2.572,216
2006-08-05,2006-08-05,3.8,27,21.5,70,5.144,217
2006-08-06,2006-08-06,2.7517241379310344,,22,86,0,218
2006-08-07,2006-08-07,0.0,29,,,,219
2006-08-08,2006-08-08,0.0,27.9,21.2,78,2.572,220
2006-08-09,2006-08-09,29.6,31.5,21.2,79,0,221
2006-08-10,2006-08-10,5.8,27,19.5,75,5.144,222
2006-08-11,2006-08-11,0.0,28,21.4,83,3.6008,223
2006-08-12,2006-08-12,0.0,25,22,87,5.144,224
2006-08-13,2006-08-13,0.3,25.5,21.5,84,7.716,225
2006-08-14,2006-08-14,1.9,25.5,22,83,6.1728,226
2006-08-15,2006-08-15,9.6,28,22.3,83,4.1152,227
2006-08-16,2006-08-16,1.0,27.6,22.8,93,0,228
2006-08-17,2006-08-17,3.73448275862069,,23.5,88,0,229
2006-08-18,2006-08-18,1.8,28,,,,230
2006-08-19,2006-08-19,4.56206896551724,,21.5,70,4.1152,231
2006-08-20,2006-08-20,3.510344827586206,,,,,232
2006-08-21,2006-08-21,0.0,28.5,,,,233
2006-08-22,2006-08-22,0.0,26.5,20.1,82,3.6008,234
2006-08-23,2006-08-23,0.7,26.5,23,83,3.0864,235
2006-08-24,2006-08-24,0.0,26.5,22.5,73,2.0576,236
2006-08-25,2006-08-25,2.6,26.8,22,67,7.716,237
2006-08-26,2006-08-26,0.0,27,21,80,2.572,238
2006-08-27,2006-08-27,0.8,27.6,22.9,80,2.0576,239
2006-08-28,2006-08-28,0.0,27,22.5,80,5.144,240
2006-08-29,2006-08-29,0.0,26,22.5,70,6.1728,241
2006-08-30,2006-08-30,0.9,26.7,21.2,68,2.572,242
2006-08-31,2006-08-31,1.0,26.1,22,82,5.144,243
2006-09-01,2006-09-01,1.3,25.5,21,74,7.716,244
2006-09-02,2006-09-02,1.4,26.9,21.5,75,3.6008,245
2006-09-03,2006-09-03,1.8,26.6,21,82,5.144,246
2006-09-04,2006-09-04,0.0,26.9,21.5,70,5.144,247
2006-09-05,2006-09-05,0.0,27.6,21.9,79,0,248
2006-09-06,2006-09-06,0.0,28.5,21.5,77,0,249
2006-09-07,2006-09-07,1.9,28.5,21.5,80,2.572,250
2006-09-08,2006-09-08,0.0,29,23.5,87,1.0288,251
2006-09-09,2006-09-09,0.0,30.5,23,73,0,252
2006-09-10,2006-09-10,0.6,31,23.5,68,1.5432,253
2006-09-11,2006-09-11,0.0,30.5,20.5,68,0,254
2006-09-12,2006-09-12,0.0,29.5,22.3,69,1.0288,255
2006-09-13,2006-09-13,7.0,29.4,23,69,0,256
2006-09-14,2006-09-14,0.3,30.3,22.7,64,0,257
2006-09-15,2006-09-15,0.6,30,23,80,0,258
2006-09-16,2006-09-16,0.1,27.1,22,77,5.144,259
2006-09-17,2006-09-17,0.0,27.5,22.5,59,2.0576,260
2006-09-18,2006-09-18,5.0,28.3,22.5,65,4.1152,261
2006-09-19,2006-09-19,4.4,28,23,92,2.572,262
2006-09-20,2006-09-20,1.7,25.8,22.1,86,6.6872,263
2006-09-21,2006-09-21,0.0,26.5,20.8,81,4.1152,264
2006-09-22,2006-09-22,0.0,27.6,20.9,80,4.1152,265
2006-09-23,2006-09-23,1.0,27.7,20.7,72,3.0864,266
2006-09-24,2006-09-24,0.0,27.7,22.5,75,4.1152,267
2006-09-25,2006-09-25,5.4,27.9,23.5,79,1.5432,268
2006-09-26,2006-09-26,10.8,26.2,22.2,93,4.1152,269
2006-09-27,2006-09-27,0.0,27.1,21.8,73,6.6872,270
2006-09-28,2006-09-28,0.7,27.5,22.8,73,6.1728,271
2006-09-29,2006-09-29,42.3,25.7,23.6,90,4.6296,272
2006-09-30,2006-09-30,2.9,25,22,91,7.716,273
2006-10-01,2006-10-01,0.0,26.5,21.6,91,4.1152,274
2006-10-02,2006-10-02,1.3,28,23.5,88,3.6008,275
2006-10-03,2006-10-03,0.7,27,24.5,83,2.572,276
2006-10-04,2006-10-04,0.0,27.4,23.5,72,2.572,277
2006-10-05,2006-10-05,1.5,28.8,22.9,79,0,278
2006-10-06,2006-10-06,0.5,24,20.3,94,3.6008,279
2006-10-07,2006-10-07,0.0,26.3,20,60,5.144,280
2006-10-08,2006-10-08,0.9,27,19.7,75,5.144,281
2006-10-09,2006-10-09,0.9,27.5,21.5,77,0,282
2006-10-10,2006-10-10,37.8,28.7,23.3,73,3.6008,283
2006-10-11,2006-10-11,8.6,26.2,23,95,0,284
2006-10-12,2006-10-12,0.9,26.4,21.2,86,7.716,285
2006-10-13,2006-10-13,2.7,25.7,21.9,96,10.288,286
2006-10-14,2006-10-14,6.4,27,22,83,8.2304,287
2006-10-15,2006-10-15,0.2,27.9,23,86,5.144,288
2006-10-16,2006-10-16,0.0,28.2,23.6,71,3.6008,289
2006-10-17,2006-10-17,0.0,28,23.2,72,1.5432,290
2006-10-18,2006-10-18,0.0,27.5,23.3,75,5.144,291
2006-10-19,2006-10-19,0.0,26.2,21.3,70,6.6872,292
2006-10-20,2006-10-20,0.0,26.6,21,59,7.716,293
2006-10-21,2006-10-21,0.0,26.3,22.4,68,4.1152,294
2006-10-22,2006-10-22,1.0,27.3,23.4,62,4.1152,295
2006-10-23,2006-10-23,2.7,28,22.5,67,5.144,296
2006-10-24,2006-10-24,0.1,26.8,23.3,83,1.5432,297
2006-10-25,2006-10-25,1.2,28.6,24.5,81,3.6008,298
2006-10-26,2006-10-26,26.2,27.3,24.6,94,1.5432,299
2006-10-27,2006-10-27,1.6,27.3,22.8,93,2.572,300
2006-10-28,2006-10-28,0.0,28.7,23.5,80,4.1152,301
2006-10-29,2006-10-29,0.0,28.5,24.5,84,1.5432,302
2006-10-30,2006-10-30,1.7,28.6,24.2,77,4.1152,303
2006-10-31,2006-10-31,0.0,28.4,23.9,83,4.1152,304
2006-11-01,2006-11-01,0.5,28.6,23.6,72,3.6008,305
2006-11-02,2006-11-02,0.6,28.6,22.9,80,2.572,306
2006-11-03,2006-11-03,35.6,28.7,23.3,80,3.6008,307
2006-11-04,2006-11-04,0.1,28.4,22.4,72,5.144,308
2006-11-05,2006-11-05,0.5,27.7,23.5,73,4.1152,309
2006-11-06,2006-11-06,0.6,28.2,22.7,60,4.1152,310
2006-11-07,2006-11-07,0.0,27.7,22.7,69,5.144,311
2006-11-08,2006-11-08,0.0,29,22.7,60,3.0864,312
2006-11-09,2006-11-09,0.0,30.7,24.3,67,1.5432,313
2006-11-10,2006-11-10,0.0,29.5,22,71,0,314
2006-11-11,2006-11-11,0.0,30,24.6,69,5.144,315
2006-11-12,2006-11-12,0.0,29.4,24.5,70,4.1152,316
2006-11-13,2006-11-13,0.0,30,24.4,77,4.1152,317
2006-11-14,2006-11-14,1.7,29.7,25,85,0,318
2006-11-15,2006-11-15,0.6,29.9,24,79,1.5432,319
2006-11-16,2006-11-16,3.6,28.8,24.2,67,2.572,320
2006-11-17,2006-11-17,0.2,29.5,23.5,74,4.1152,321
2006-11-18,2006-11-18,0.0,29.5,24.5,66,7.2016,322
2006-11-19,2006-11-19,1.5,29.7,24.4,70,3.6008,323
2006-11-20,2006-11-20,1.4,29.6,23.4,71,3.6008,324
2006-11-21,2006-11-21,0.0,29.5,22.5,81,3.6008,325
2006-11-22,2006-11-22,0.0,30.5,24.2,64,1.0288,326
2006-11-23,2006-11-23,1.4,31,24,66,1.5432,327
2006-11-24,2006-11-24,19.0,31.6,24.4,82,0,328
2006-11-25,2006-11-25,0.0,30.5,24.4,79,3.6008,329
2006-11-26,2006-11-26,0.0,30.5,25,62,1.0288,330
2006-11-27,2006-11-27,0.0,31.5,24.9,70,1.5432,331
2006-11-28,2006-11-28,0.1,31.7,25.3,76,1.5432,332
2006-11-29,2006-11-29,1.9,31.5,26,74,1.5432,333
2006-11-30,2006-11-30,2.1,31.6,25.3,81,1.5432,334
2006-12-01,2006-12-01,7.2,32.2,24.4,64,0,335
2006-12-02,2006-12-02,2.6,31.6,24.5,97,0,336
2006-12-03,2006-12-03,0.0,29.5,24.4,78,3.6008,337
2006-12-04,2006-12-04,0.0,28.7,24.8,70,3.0864,338
2006-12-05,2006-12-05,0.0,29.3,24.4,70,1.5432,339
2006-12-06,2006-12-06,1.9,30.2,24.7,69,2.572,340
2006-12-07,2006-12-07,1.3,29.3,24.2,91,0,341
2006-12-08,2006-12-08,0.2,30,24.7,76,1.5432,342
2006-12-09,2006-12-09,0.0,29.8,24.5,70,2.572,343
2006-12-10,2006-12-10,0.0,30.5,24,69,1.5432,344
2006-12-11,2006-12-11,0.0,27.1,24.9,73,6.1728,345
2006-12-12,2006-12-12,0.0,28.3,23.7,55,6.6872,346
2006-12-13,2006-12-13,0.0,29.3,23.2,53,5.144,347
2006-12-14,2006-12-14,0.1,30,24,72,6.1728,348
2006-12-15,2006-12-15,1.5,28,24,76,2.572,349
2006-12-16,2006-12-16,2.0,28.8,23.7,84,2.572,350
2006-12-17,2006-12-17,1.7,29.7,23.5,90,2.572,351
2006-12-18,2006-12-18,26.2,31,24.9,89,2.572,352
2006-12-19,2006-12-19,0.7,31.4,24,72,1.5432,353
2006-12-20,2006-12-20,0.0,30.2,24.4,84,0,354
2006-12-21,2006-12-21,0.0,31.6,24.5,81,0,355
2006-12-22,2006-12-22,0.1,29.3,25.9,80,3.6008,356
2006-12-23,2006-12-23,2.2,28.9,25,80,2.572,357
2006-12-24,2006-12-24,16.1,28,24.5,81,2.572,358
2006-12-25,2006-12-25,0.8,27.4,23.5,87,5.144,359
2006-12-26,2006-12-26,0.5,27.3,24.5,88,7.716,360
2006-12-27,2006-12-27,0.8,28.5,24,79,6.1728,361
2006-12-28,2006-12-28,0.0,29.5,24.9,72,2.572,362
2006-12-29,2006-12-29,0.2,30,25,65,1.5432,363
2006-12-30,2006-12-30,38.3,28.7,25.3,84,1.5432,364
2006-12-31,2006-12-31,6.7,30.6,24.1,79,4.1152,365
2007-01-01,2007-01-01,0.0,31,25.6,80,2.572,1
2007-01-02,2007-01-02,2.7,31.7,26.5,82,1.5432,2
2007-01-03,2007-01-03,9.8,31.5,26.2,77,0,3
2007-01-04,2007-01-04,13.5,28,25.6,78,4.1152,4
2007-01-05,2007-01-05,2.2,29.4,23.8,83,7.716,5
2007-01-06,2007-01-06,9.1,30.9,25.9,84,0,6
2007-01-07,2007-01-07,3.1,30.7,25.2,84,0,7
2007-01-08,2007-01-08,0.0,30.7,25.5,84,1.0288,8
2007-01-09,2007-01-09,0.3,31,25.5,75,1.5432,9
2007-01-10,2007-01-10,0.2,30.5,23.5,73,1.5432,10
2007-01-11,2007-01-11,0.0,30.2,25,69,2.572,11
2007-01-12,2007-01-12,0.0,31.4,25.5,75,0,12
2007-01-13,2007-01-13,0.0,30.5,24.6,73,2.572,13
2007-01-14,2007-01-14,20.2,31.4,25,69,1.5432,14
2007-01-15,2007-01-15,0.4,31,24.6,72,2.572,15
2007-01-16,2007-01-16,0.0,30.9,24.8,73,3.6008,16
2007-01-17,2007-01-17,0.2,30.9,25.7,80,1.5432,17
2007-01-18,2007-01-18,0.0,30.5,25.5,83,1.5432,18
2007-01-19,2007-01-19,1.7,30.4,25.5,67,2.572,19
2007-01-20,2007-01-20,1.4,29.5,24.5,73,3.6008,20
2007-01-21,2007-01-21,3.8,30.2,25.3,68,6.1728,21
2007-01-22,2007-01-22,1.6,29,23.4,79,8.7448,22
2007-01-23,2007-01-23,0.2,30.1,24.4,76,7.2016,23
2007-01-24,2007-01-24,1.5,30,24.2,69,1.5432,24
2007-01-25,2007-01-25,13.7,29.8,24,85,0,25
2007-01-26,2007-01-26,0.0,30.6,23,70,0,26
2007-01-27,2007-01-27,0.0,31.6,24.3,67,0,27
2007-01-28,2007-01-28,0.0,31.6,24.4,65,0,28
2007-01-29,2007-01-29,0.0,31.2,24.4,65,2.572,29
2007-01-30,2007-01-30,0.0,30.5,25.7,72,2.572,30
2007-01-31,2007-01-31,1.0,31,26,65,3.6008,31
2007-02-01,2007-02-01,1.2,30.3,24.6,88,3.6008,32
2007-02-02,2007-02-02,17.8,30.7,25.4,75,1.0288,33
2007-02-03,2007-02-03,3.2,30.6,25.5,80,0,34
2007-02-04,2007-02-04,17.3,28.7,24.4,87,0,35
2007-02-05,2007-02-05,2.8,30.5,24.5,95,1.5432,36
2007-02-06,2007-02-06,1.3,32.5,25.6,84,0,37
2007-02-07,2007-02-07,9.0,29.7,25.7,84,0,38
2007-02-08,2007-02-08,13.0,32.4,23.7,87,1.5432,39
2007-02-09,2007-02-09,21.7,30,24,91,1.5432,40
2007-02-10,2007-02-10,3.0,31.5,24.5,82,1.5432,41
2007-02-11,2007-02-11,33.7,31.6,25.3,83,1.5432,42
2007-02-12,2007-02-12,5.9,31,24,89,0,43
2007-02-13,2007-02-13,11.6,30,25,92,1.5432,44
2007-02-14,2007-02-14,0.0,30,24.5,88,0,45
2007-02-15,2007-02-15,0.0,30.3,26,80,1.5432,46
2007-02-16,2007-02-16,6.9,31.1,23.8,77,0,47
2007-02-17,2007-02-17,1.0,29.7,24,81,0,48
2007-02-18,2007-02-18,78.9,30.8,25.7,84,1.5432,49
2007-02-19,2007-02-19,28.7,28,23.2,90,5.144,50
2007-02-20,2007-02-20,4.8,29.6,24.1,80,5.144,51
2007-02-21,2007-02-21,1.6,29.7,24.5,73,2.572,52
2007-02-22,2007-02-22,0.0,30,24.7,72,5.144,53
2007-02-23,2007-02-23,0.0,30.5,25.6,70,5.144,54
2007-02-24,2007-02-24,11.7,31,25,73,0,55
2007-02-25,2007-02-25,7.8,31.4,24.5,83,0,56
2007-02-26,2007-02-26,20.0,32.4,24.6,82,0,57
2007-02-27,2007-02-27,1.8,30.5,24.5,83,0,58
2007-02-28,2007-02-28,2.1,29.4,24.4,85,0,59
2007-03-01,2007-03-01,1.2,31.2,24.9,78,0,60
2007-03-02,2007-03-02,33.2,31.2,24.5,77,1.0288,61
2007-03-03,2007-03-03,1.9,30.7,24.7,81,0,62
2007-03-04,2007-03-04,43.9,30,25,76,1.0288,63
2007-03-05,2007-03-05,42.0,28.8,24.2,96,0,64
2007-03-06,2007-03-06,0.0,30.5,24.5,94,0,65
2007-03-07,2007-03-07,2.9,32.3,25.6,81,0,66
2007-03-08,2007-03-08,23.2,30.8,26.3,91,0,67
2007-03-09,2007-03-09,29.1,29,25,91,0,68
2007-03-10,2007-03-10,5.9,31.8,24.4,90,1.5432,69
2007-03-11,2007-03-11,12.5,31.2,26.4,88,0,70
2007-03-12,2007-03-12,15.3,33,25.3,92,1.5432,71
2007-03-13,2007-03-13,8.4,29,24.5,89,0,72
2007-03-14,2007-03-14,0.7,31.3,24.6,86,0,73
2007-03-15,2007-03-15,0.0,32.2,24,78,0,74
2007-03-16,2007-03-16,0.5,31,24.7,75,0,75
2007-03-17,2007-03-17,2.1,31.7,25.4,70,0,76
2007-03-18,2007-03-18,0.0,31.2,25.3,79,0,77
2007-03-19,2007-03-19,0.7,31.6,24.5,91,0,78
2007-03-20,2007-03-20,26.8,31.6,25.2,77,0,79
2007-03-21,2007-03-21,13.8,28.4,25,84,0,80
2007-03-22,2007-03-22,1.0,30,23.6,83,1.0288,81
2007-03-23,2007-03-23,17.3,29.3,24.1,77,0,82
2007-03-24,2007-03-24,32.5,27.6,23.8,91,0,83
2007-03-25,2007-03-25,8.4,29.5,23.9,91,0,84
2007-03-26,2007-03-26,3.7,30.7,24,87,1.0288,85
2007-03-27,2007-03-27,12.2,30.6,24.3,83,1.0288,86
2007-03-28,2007-03-28,0.0,31.7,24.6,77,0,87
2007-03-29,2007-03-29,2.4,32.2,25.4,81,0,88
2007-03-30,2007-03-30,6.4,30.5,24.5,91,0,89
2007-03-31,2007-03-31,0.0,30.9,24.3,80,0,90
2007-04-01,2007-04-01,5.9,30.2,24,73,0,91
2007-04-02,2007-04-02,35.2,31.2,24.8,78,0,92
2007-04-03,2007-04-03,2.7,30.8,23.2,83,0,93
2007-04-04,2007-04-04,0.3,28.8,24.7,88,5.144,94
2007-04-05,2007-04-05,0.0,32.6,24.1,77,0,95
2007-04-06,2007-04-06,0.0,32.8,25,77,0,96
2007-04-07,2007-04-07,0.0,31,23.6,78,0,97
2007-04-08,2007-04-08,0.0,31.7,25.5,77,2.572,98
2007-04-09,2007-04-09,0.2,31.3,26,75,3.0864,99
2007-04-10,2007-04-10,1.0,30.4,25.3,76,1.5432,100
2007-04-11,2007-04-11,1.5,30.8,23.9,77,0,101
2007-04-12,2007-04-12,5.5,31.4,22.5,72,0,102
2007-04-13,2007-04-13,7.0,28.5,23.5,91,0,103
2007-04-14,2007-04-14,21.3,29.8,24.5,89,0,104
2007-04-15,2007-04-15,1.1,30.5,23.2,89,0,105
2007-04-16,2007-04-16,0.5,29.6,24,86,0,106
2007-04-17,2007-04-17,3.7,31.7,24.5,81,0,107
2007-04-18,2007-04-18,3.0,28.5,24.6,87,0,108
2007-04-19,2007-04-19,1.6,31.2,24.6,86,0,109
2007-04-20,2007-04-20,8.0,30.3,23.5,82,0,110
2007-04-21,2007-04-21,21.4,27.5,23.2,89,4.1152,111
2007-04-22,2007-04-22,0.2,31.6,22.5,92,0,112
2007-04-23,2007-04-23,0.0,31.4,24.3,84,0,113
2007-04-24,2007-04-24,0.0,32.3,24.4,76,0,114
2007-04-25,2007-04-25,0.0,30.5,23.5,81,3.6008,115
2007-04-26,2007-04-26,2.8,30.7,24.9,76,1.5432,116
2007-04-27,2007-04-27,17.3,30.4,25.2,74,1.5432,117
2007-04-28,2007-04-28,11.6,28.7,24.3,94,0,118
2007-04-29,2007-04-29,0.9,30.6,24.5,82,1.5432,119
2007-04-30,2007-04-30,7.8,29.7,26.2,86,5.144,120
2007-05-01,2007-05-01,4.1,30,25.2,86,1.5432,121
2007-05-02,2007-05-02,6.8,31,25.3,76,2.572,122
2007-05-03,2007-05-03,0.0,30.5,24.3,87,0,123
2007-05-04,2007-05-04,6.9,30.5,24.3,78,0,124
2007-05-05,2007-05-05,65.6,30.6,24.5,92,1.5432,125
2007-05-06,2007-05-06,31.1,29.5,23.5,82,1.5432,126
2007-05-07,2007-05-07,0.0,29,22,86,0,127
2007-05-08,2007-05-08,0.0,30.7,24.3,79,1.5432,128
2007-05-09,2007-05-09,0.0,32,22.3,69,0,129
2007-05-10,2007-05-10,0.1,30.4,23,73,0,130
2007-05-11,2007-05-11,5.1,30.4,22.3,85,0,131
2007-05-12,2007-05-12,0.0,31.2,22.5,77,0,132
2007-05-13,2007-05-13,0.0,31.7,24.3,77,0,133
2007-05-14,2007-05-14,22.6,29,25,75,4.1152,134
2007-05-15,2007-05-15,0.2,27.5,21.9,92,0,135
2007-05-16,2007-05-16,0.0,28.3,24,77,2.572,136
2007-05-17,2007-05-17,8.6,28.4,25,76,0,137
2007-05-18,2007-05-18,2.0,27.7,21.3,85,3.0864,138
2007-05-19,2007-05-19,0.3,27,23.8,59,5.144,139
2007-05-20,2007-05-20,4.0,26,23.2,79,6.1728,140
2007-05-21,2007-05-21,0.4,27.7,22.3,83,1.5432,141
2007-05-22,2007-05-22,0.0,27.7,23,65,1.5432,142
2007-05-23,2007-05-23,0.0,27,23.5,75,4.1152,143
2007-05-24,2007-05-24,1.0,27.4,23,75,2.572,144
2007-05-25,2007-05-25,0.0,27.5,24,83,1.5432,145
2007-05-26,2007-05-26,0.0,27.4,23.1,81,1.5432,146
2007-05-27,2007-05-27,0.0,26.5,23.7,74,4.1152,147
2007-05-28,2007-05-28,0.0,25.7,23.2,73,6.1728,148
2007-05-29,2007-05-29,7.4,26.5,23.3,85,4.1152,149
2007-05-30,2007-05-30,0.2,27.7,22,76,7.716,150
2007-05-31,2007-05-31,41.1,27.7,25,80,6.6872,151
2007-06-01,2007-06-01,5.8,26.5,22.4,90,6.1728,152
2007-06-02,2007-06-02,11.8,28.3,23.5,81,2.572,153
2007-06-03,2007-06-03,3.0,27.9,23,84,0,154
2007-06-04,2007-06-04,1.5,27.7,24.2,92,0,155
2007-06-05,2007-06-05,2.8,28.3,24,91,0,156
2007-06-06,2007-06-06,0.0,28.5,23.7,81,0,157
2007-06-07,2007-06-07,0.0,28,24,81,1.5432,158
2007-06-08,2007-06-08,0.2,28.4,24.5,82,4.1152,159
2007-06-09,2007-06-09,0.0,28.4,25,79,4.1152,160
2007-06-10,2007-06-10,0.0,27.7,25,70,3.6008,161
2007-06-11,2007-06-11,0.0,28,24.8,73,5.144,162
2007-06-12,2007-06-12,0.0,27.6,23.5,69,1.5432,163
2007-06-13,2007-06-13,4.4,27.9,24.3,73,3.6008,164
2007-06-14,2007-06-14,1.3,26.5,23.7,83,6.6872,165
2007-06-15,2007-06-15,11.6,26.6,23.5,87,9.2592,166
2007-06-16,2007-06-16,0.3,27.2,23.7,72,6.6872,167
2007-06-17,2007-06-17,0.5,27.4,24.5,76,1.5432,168
2007-06-18,2007-06-18,3.1,28.2,24,80,3.6008,169
2007-06-19,2007-06-19,1.5,27.3,23,84,2.572,170
2007-06-20,2007-06-20,4.7,28,24,87,1.5432,171
2007-06-21,2007-06-21,0.2,29,24.5,87,1.0288,172
2007-06-22,2007-06-22,0.0,29.5,25.4,84,4.1152,173
2007-06-23,2007-06-23,0.0,27.4,25.5,83,4.1152,174
2007-06-24,2007-06-24,0.3,27.4,25.1,78,5.144,175
2007-06-25,2007-06-25,10.9,27.7,24,77,7.716,176
2007-06-26,2007-06-26,8.3,27.4,23,86,4.1152,177
2007-06-27,2007-06-27,4.4,26.8,23,84,5.144,178
2007-06-28,2007-06-28,0.0,26.3,23,74,6.6872,179
2007-06-29,2007-06-29,0.2,26.9,22.6,66,6.1728,180
2007-06-30,2007-06-30,0.0,27.3,23.2,69,3.6008,181
2007-07-01,2007-07-01,0.2,27.3,22.7,80,1.5432,182
2007-07-02,2007-07-02,2.5,26.5,22.3,81,0,183
2007-07-03,2007-07-03,10.1,27.3,23.7,79,0,184
2007-07-04,2007-07-04,0.1,27.4,23,76,0,185
2007-07-05,2007-07-05,0.0,26,23.4,74,5.144,186
2007-07-06,2007-07-06,0.0,26.4,21.4,61,4.1152,187
2007-07-07,2007-07-07,0.0,26.1,21,75,1.5432,188
2007-07-08,2007-07-08,0.1,26.5,22.8,65,5.144,189
2007-07-09,2007-07-09,0.0,26.4,23.2,66,4.1152,190
2007-07-10,2007-07-10,0.0,27.6,22.5,67,2.572,191
2007-07-11,2007-07-11,5.1,29.1,23,82,0,192
2007-07-12,2007-07-12,18.8,25.6,23,94,0,193
2007-07-13,2007-07-13,1.0,25.9,22.5,84,0,194
2007-07-14,2007-07-14,0.0,26.8,21.5,83,0,195
2007-07-15,2007-07-15,0.0,27.5,23.5,76,5.144,196
2007-07-16,2007-07-16,0.0,28,24,79,6.1728,197
2007-07-17,2007-07-17,0.0,27,23.5,80,0,198
2007-07-18,2007-07-18,0.0,27.1,23,76,0,199
2007-07-19,2007-07-19,0.0,26.8,23.8,82,4.1152,200
2007-07-20,2007-07-20,0.4,26.7,23.5,75,5.144,201
2007-07-21,2007-07-21,1.7,26.7,23.9,75,1.5432,202
2007-07-22,2007-07-22,1.2,27,22.5,79,4.1152,203
2007-07-23,2007-07-23,1.0,28.7,23.5,76,0,204
2007-07-24,2007-07-24,0.3,27.6,23.9,79,0,205
2007-07-25,2007-07-25,28.2,27,23.5,88,2.572,206
2007-07-26,2007-07-26,5.8,27.1,23.6,83,2.0576,207
2007-07-27,2007-07-27,0.4,28.7,24,81,0,208
2007-07-28,2007-07-28,0.1,28.7,23.8,67,0,209
2007-07-29,2007-07-29,0.7,27.2,24,87,0,210
2007-07-30,2007-07-30,0.2,28.6,23,80,2.572,211
2007-07-31,2007-07-31,2.4,29,25.2,84,2.572,212
2007-08-01,2007-08-01,32.1,24.9,24,89,7.716,213
2007-08-02,2007-08-02,13.0,24.5,23.4,84,2.572,214
2007-08-03,2007-08-03,0.0,,21.5,72,6.6872,215
2007-08-04,2007-08-04,0.0,,23,64,5.144,216
2007-08-05,2007-08-05,0.0,,22.5,70,4.6296,217
2007-08-06,2007-08-06,0.0,,22.4,65,0,218
2007-08-07,2007-08-07,0.0,28,21.8,71,0,219
2007-08-08,2007-08-08,4.9,25.8,22,87,5.144,220
2007-08-09,2007-08-09,0.0,25.5,22.2,70,8.7448,221
2007-08-10,2007-08-10,0.0,26.7,22.7,70,6.6872,222
2007-08-11,2007-08-11,0.0,27.6,23.4,66,3.6008,223
2007-08-12,2007-08-12,0.0,27.8,24,81,3.6008,224
2007-08-13,2007-08-13,0.0,26.9,24,77,6.6872,225
2007-08-14,2007-08-14,3.8,27,22.5,65,3.0864,226
2007-08-15,2007-08-15,3.1,26.8,22.3,82,6.1728,227
2007-08-16,2007-08-16,6.8,27,23.2,80,6.1728,228
2007-08-17,2007-08-17,3.5,28.4,23.7,82,6.1728,229
2007-08-18,2007-08-18,17.4,27.7,24,92,5.144,230
2007-08-19,2007-08-19,0.0,27.6,24,81,0,231
2007-08-20,2007-08-20,0.0,26.5,23.6,72,7.716,232
2007-08-21,2007-08-21,0.0,27.3,22.6,69,3.6008,233
2007-08-22,2007-08-22,0.8,26.4,22.6,71,4.1152,234
2007-08-23,2007-08-23,2.4,26.4,22.1,83,1.5432,235
2007-08-24,2007-08-24,1.0,27.4,22,75,2.572,236
2007-08-25,2007-08-25,9.5,26.6,23,81,3.6008,237
2007-08-26,2007-08-26,1.0,28.5,23,76,5.144,238
2007-08-27,2007-08-27,2.5,29.6,23,86,1.5432,239
2007-08-28,2007-08-28,0.1,28.5,22.6,84,0,240
2007-08-29,2007-08-29,0.7,29.2,24.2,76,3.6008,241
2007-08-30,2007-08-30,11.4,27.4,24,80,3.0864,242
2007-08-31,2007-08-31,7.8,25.3,22.5,92,6.1728,243
2007-09-01,2007-09-01,12.3,25.4,22.5,91,9.2592,244
2007-09-02,2007-09-02,21.7,26.4,22.3,83,10.288,245
2007-09-03,2007-09-03,6.4,25.9,22.5,86,9.2592,246
2007-09-04,2007-09-04,11.4,27.5,21.7,76,7.2016,247
2007-09-05,2007-09-05,8.5,26.3,22.5,92,6.1728,248
2007-09-06,2007-09-06,8.8,27.1,22.7,72,7.716,249
2007-09-07,2007-09-07,0.6,27.6,22,87,5.144,250
2007-09-08,2007-09-08,0.0,29,22.8,81,1.5432,251
2007-09-09,2007-09-09,1.2,30.6,24,84,0,252
2007-09-10,2007-09-10,0.0,29.3,23,87,1.0288,253
2007-09-11,2007-09-11,25.6,29.6,23.5,79,1.5432,254
2007-09-12,2007-09-12,78.6,27,23.5,90,6.6872,255
2007-09-13,2007-09-13,25.0,27.7,23.2,82,5.144,256
2007-09-14,2007-09-14,2.5,27.7,23.5,90,3.6008,257
2007-09-15,2007-09-15,0.9,29.3,24,76,1.0288,258
2007-09-16,2007-09-16,1.3,30.2,24.3,80,0,259
2007-09-17,2007-09-17,17.1,30.3,24.5,73,0,260
2007-09-18,2007-09-18,1.5,29.4,24.3,89,0,261
2007-09-19,2007-09-19,9.1,30,25,74,0,262
2007-09-20,2007-09-20,0.0,29.7,23.7,78,0,263
2007-09-21,2007-09-21,0.6,29.5,22.3,80,0,264
2007-09-22,2007-09-22,1.6,28.4,23.7,84,2.572,265
2007-09-23,2007-09-23,13.4,29.4,23,72,0,266
2007-09-24,2007-09-24,21.3,30.5,23,80,0,267
2007-09-25,2007-09-25,0.0,30.5,22.5,78,0,268
2007-09-26,2007-09-26,84.3,26.8,23.5,82,0,269
2007-09-27,2007-09-27,12.3,28.6,21.4,80,1.5432,270
2007-09-28,2007-09-28,18.0,27,22.5,82,5.144,271
2007-09-29,2007-09-29,31.8,23.2,21.5,94,2.572,272
2007-09-30,2007-09-30,3.1,26.3,21.3,93,3.6008,273
2007-10-01,2007-10-01,0.1,27.3,21.1,73,4.1152,274
2007-10-02,2007-10-02,0.3,26.9,23.5,75,4.1152,275
2007-10-03,2007-10-03,2.5,28.3,23.5,75,1.5432,276
2007-10-04,2007-10-04,1.6,26.2,22.5,72,4.1152,277
2007-10-05,2007-10-05,31.9,27.1,22,79,2.572,278
2007-10-06,2007-10-06,1.1,28.2,22.5,91,1.5432,279
2007-10-07,2007-10-07,0.7,29.8,24.7,75,2.572,280
2007-10-08,2007-10-08,0.0,30,24.6,80,1.5432,281
2007-10-09,2007-10-09,3.4,29,25,85,3.6008,282
2007-10-10,2007-10-10,24.4,29,24.7,84,3.6008,283
2007-10-11,2007-10-11,79.0,27.7,24.2,86,3.6008,284
2007-10-12,2007-10-12,0.0,30.3,23.3,84,2.572,285
2007-10-13,2007-10-13,4.1,30.6,24,81,1.5432,286
2007-10-14,2007-10-14,2.9,31.7,24.6,74,1.5432,287
2007-10-15,2007-10-15,11.8,30.5,23.5,74,1.5432,288
2007-10-16,2007-10-16,2.5,29.6,23.5,88,0,289
2007-10-17,2007-10-17,17.0,31.2,23.5,74,0,290
2007-10-18,2007-10-18,23.9,29.4,23.5,87,0,291
2007-10-19,2007-10-19,126.0,30.6,23.3,79,0,292
2007-10-20,2007-10-20,131.7,29.6,22.3,85,1.5432,293
2007-10-21,2007-10-21,4.5,26,23.4,89,6.6872,294
2007-10-22,2007-10-22,3.6,27.3,23.7,82,5.144,295
2007-10-23,2007-10-23,4.3,31,23.7,91,1.5432,296
2007-10-24,2007-10-24,1.0,32.7,24,74,0,297
2007-10-25,2007-10-25,1.9,32.4,25,73,0,298
2007-10-26,2007-10-26,0.0,32.4,24,80,1.5432,299
2007-10-27,2007-10-27,0.0,33,22.7,68,0,300
2007-10-28,2007-10-28,0.0,29.4,23.8,72,1.5432,301
2007-10-29,2007-10-29,14.3,29,24.4,75,1.0288,302
2007-10-30,2007-10-30,0.0,29,22.5,78,2.572,303
2007-10-31,2007-10-31,3.3,28.7,24,80,2.572,304
2007-11-01,2007-11-01,9.3,31.8,23.5,77,0,305
2007-11-02,2007-11-02,0.6,32.7,23,70,0,306
2007-11-03,2007-11-03,14.9,32,24,71,0,307
2007-11-04,2007-11-04,0.0,29.8,22.9,69,1.5432,308
2007-11-05,2007-11-05,0.0,30.4,25.3,69,2.572,309
2007-11-06,2007-11-06,0.0,30.4,25.7,74,3.6008,310
2007-11-07,2007-11-07,8.8,30.3,24.7,87,2.572,311
2007-11-08,2007-11-08,4.5,29.5,23.7,77,3.6008,312
2007-11-09,2007-11-09,0.0,30.3,24.7,73,5.144,313
2007-11-10,2007-11-10,12.9,30.2,24,72,6.6872,314
2007-11-11,2007-11-11,0.0,29.5,22.7,84,0,315
2007-11-12,2007-11-12,1.1,32.6,24.2,76,0,316
2007-11-13,2007-11-13,25.6,31.7,24.5,75,0,317
2007-11-14,2007-11-14,0.2,29.7,23.5,84,1.0288,318
2007-11-15,2007-11-15,2.4,29.7,23.8,81,0,319
2007-11-16,2007-11-16,0.0,32.5,23.9,80,1.5432,320
2007-11-17,2007-11-17,56.8,29.7,23.7,73,0,321
2007-11-18,2007-11-18,7.9,29.3,23.8,81,4.1152,322
2007-11-19,2007-11-19,0.7,28.2,22.7,80,4.1152,323
2007-11-20,2007-11-20,0.8,27.6,24,81,4.1152,324
2007-11-21,2007-11-21,1.3,26.2,22.3,84,5.144,325
2007-11-22,2007-11-22,40.7,27.7,23.5,88,0,326
2007-11-23,2007-11-23,0.0,31.5,23.3,86,0,327
2007-11-24,2007-11-24,59.0,31.8,23.7,76,1.0288,328
2007-11-25,2007-11-25,0.0,32,24.5,79,1.5432,329
2007-11-26,2007-11-26,3.5,31.4,25,79,1.0288,330
2007-11-27,2007-11-27,21.4,30.9,24,79,0,331
2007-11-28,2007-11-28,8.1,30.5,23.7,95,0,332
2007-11-29,2007-11-29,0.0,29.7,24,80,2.572,333
2007-11-30,2007-11-30,0.9,29.5,23.8,74,2.572,334
2007-12-01,2007-12-01,0.0,30,23,72,1.5432,335
2007-12-02,2007-12-02,0.6,30.4,25.4,74,4.1152,336
2007-12-03,2007-12-03,16.8,30,24.6,78,2.572,337
2007-12-04,2007-12-04,14.4,30.7,25.3,81,0,338
2007-12-05,2007-12-05,4.1,30.2,24.4,76,3.6008,339
2007-12-06,2007-12-06,63.9,28.2,23.8,86,1.5432,340
2007-12-07,2007-12-07,1.3,28.7,22.7,82,4.1152,341
2007-12-08,2007-12-08,0.0,31.4,23.7,81,0,342
2007-12-09,2007-12-09,0.0,31.9,24,78,0,343
2007-12-10,2007-12-10,0.0,33.8,25,73,0,344
2007-12-11,2007-12-11,0.0,30.7,23.2,73,1.5432,345
2007-12-12,2007-12-12,0.0,31,24.9,69,2.572,346
2007-12-13,2007-12-13,0.0,31,24.5,76,3.6008,347
2007-12-14,2007-12-14,0.3,30.7,24.3,80,2.572,348
2007-12-15,2007-12-15,3.3,30.2,24.8,69,4.1152,349
2007-12-16,2007-12-16,0.0,30.4,24.5,78,2.572,350
2007-12-17,2007-12-17,126.8,29.3,24.8,74,1.5432,351
2007-12-18,2007-12-18,0.0,30.3,21.7,78,0,352
2007-12-19,2007-12-19,5.9,31.2,25.4,79,1.5432,353
2007-12-20,2007-12-20,8.8,29.2,25,84,2.572,354
2007-12-21,2007-12-21,27.6,30.7,23.6,77,0,355
2007-12-22,2007-12-22,17.9,29.3,22.8,72,0,356
2007-12-23,2007-12-23,33.8,29.5,22.5,84,0,357
2007-12-24,2007-12-24,9.1,30,25.5,76,0,358
2007-12-25,2007-12-25,0.0,31.5,24,70,0,359
2007-12-26,2007-12-26,0.0,30.6,24.3,74,0,360
2007-12-27,2007-12-27,3.3,30.3,25,72,1.5432,361
2007-12-28,2007-12-28,1.1,30.7,24.3,67,2.572,362
2007-12-29,2007-12-29,2.3,30.4,25.2,79,4.1152,363
2007-12-30,2007-12-30,2.5,31.5,25,82,0,364
2007-12-31,2007-12-31,0.0,32.3,23.8,72,0,365
2008-01-01,2008-01-01,12.8,32.5,23.5,73,0,1
2008-01-02,2008-01-02,30.0,30.3,24.5,91,0,2
2008-01-03,2008-01-03,21.8,27.7,23.7,94,0,3
2008-01-04,2008-01-04,1.6,28.9,23.5,94,0,4
2008-01-05,2008-01-05,75.2,31,24,88,0,5
2008-01-06,2008-01-06,35.1,30.5,23,82,0,6
2008-01-07,2008-01-07,8.5,29.8,22.4,79,0,7
2008-01-08,2008-01-08,20.3,31.7,22.8,80,0,8
2008-01-09,2008-01-09,0.0,30.8,24,90,0.87448,9
2008-01-10,2008-01-10,2.5,30.6,24.5,77,0.87448,10
2008-01-11,2008-01-11,11.0,30.7,24.6,80,0,11
2008-01-12,2008-01-12,1.9,30.9,25,79,6.6872,12
2008-01-13,2008-01-13,6.0,31.2,25.5,74,6.6872,13
2008-01-14,2008-01-14,50.3,30.3,24.9,82,0,14
2008-01-15,2008-01-15,84.3,30.3,24,91,0,15
2008-01-16,2008-01-16,68.5,30.5,23.7,94,2.52056,16
2008-01-17,2008-01-17,12.6,31.3,24,94,2.52056,17
2008-01-18,2008-01-18,9.8,28.2,22.8,79,0,18
2008-01-19,2008-01-19,15.2,32.9,25.7,82,4.42384,19
2008-01-20,2008-01-20,0.0,31.7,24.5,76,2.52056,20
2008-01-21,2008-01-21,5.6,32.3,25.1,78,0,21
2008-01-22,2008-01-22,0.1,32,24.8,74,2.52056,22
2008-01-23,2008-01-23,0.3,30.7,25.8,70,4.42384,23
2008-01-24,2008-01-24,6.0,30,23.3,68,4.42384,24
2008-01-25,2008-01-25,0.0,30.2,23.3,65,0,25
2008-01-26,2008-01-26,2.5,30.7,23.3,69,0.87448,26
2008-01-27,2008-01-27,4.9,30.5,24.5,90,2.52056,27
2008-01-28,2008-01-28,113.3,29,25,91,12.29416,28
2008-01-29,2008-01-29,8.5,27.2,23,90,0.87448,29
2008-01-30,2008-01-30,8.8,27.5,21.9,91,0,30
2008-01-31,2008-01-31,11.6,27.9,20.7,77,0,31
2008-02-01,2008-02-01,23.5,30.2,20.7,74,0,32
2008-02-02,2008-02-02,10.5,29,21.3,93,0,33
2008-02-03,2008-02-03,17.1,27.5,20.7,75,0,34
2008-02-04,2008-02-04,1.0,30.7,21,93,0,35
2008-02-05,2008-02-05,3.9,29.3,21.5,89,0,36
2008-02-06,2008-02-06,13.8,29,22.3,86,0.87448,37
2008-02-07,2008-02-07,1.3,32.5,22,84,0.87448,38
2008-02-08,2008-02-08,2.2,32.3,24,86,0,39
2008-02-09,2008-02-09,0.0,32.4,21.6,71,0,40
2008-02-10,2008-02-10,0.0,31.2,23.4,76,2.52056,41
2008-02-11,2008-02-11,2.3,31.2,22.8,78,0.87448,42
2008-02-12,2008-02-12,8.5,31.7,22.5,72,2.52056,43
2008-02-13,2008-02-13,0.0,31,22.7,76,0.87448,44
2008-02-14,2008-02-14,0.0,31.3,23.5,69,2.52056,45
2008-02-15,2008-02-15,0.0,31.6,23,73,0.87448,46
2008-02-16,2008-02-16,55.0,31.7,22.3,,0,47
2008-02-17,2008-02-17,0.0,31.6,20.4,,0,48
2008-02-18,2008-02-18,0.0,32.4,22.3,,0,49
2008-02-19,2008-02-19,0.0,32,21.3,,0.87448,50
2008-02-20,2008-02-20,0.0,32.7,21.5,,0,51
2008-02-21,2008-02-21,14.0,31.7,21.8,,0,52
2008-02-22,2008-02-22,1.4,33.3,21,,0,53
2008-02-23,2008-02-23,21.7,31.7,22.6,,0,54
2008-02-24,2008-02-24,104.6,30,21.5,,0.87448,55
2008-02-25,2008-02-25,4.4,28.7,20.6,83,0,56
2008-02-26,2008-02-26,13.8,29.5,24.6,78,0,57
2008-02-27,2008-02-27,0.0,32.3,23.3,73,4.42384,58
2008-02-28,2008-02-28,0.0,31,25.3,76,0.87448,59
2008-02-29,2008-02-29,11.2,30.4,24.9,69,2.52056,60
2008-03-01,2008-03-01,6.7,30.5,23.5,77,0.87448,61
2008-03-02,2008-03-02,2.0,30.4,24.2,76,0.87448,62
2008-03-03,2008-03-03,0.0,30.6,24.3,76,0.87448,63
2008-03-04,2008-03-04,0.0,31.7,23.7,75,0,64
2008-03-05,2008-03-05,0.0,30.9,24,70,0.87448,65
2008-03-06,2008-03-06,0.0,31.2,24.8,70,0.87448,66
2008-03-07,2008-03-07,4.6,31.3,25,79,2.52056,67
2008-03-08,2008-03-08,3.0,31.8,24.7,67,0,68
2008-03-09,2008-03-09,2.5,31.4,25.3,71,2.52056,69
2008-03-10,2008-03-10,0.8,31,25,81,0.87448,70
2008-03-11,2008-03-11,40.2,31.4,24.5,70,0,71
2008-03-12,2008-03-12,17.1,30.5,24,71,0,72
2008-03-13,2008-03-13,13.3,29.3,24,97,4.42384,73
2008-03-14,2008-03-14,0.0,30.3,22.4,81,0,74
2008-03-15,2008-03-15,2.9,32.2,22.8,73,0,75
2008-03-16,2008-03-16,0.0,31,23.4,67,0,76
2008-03-17,2008-03-17,18.6,31.6,24.7,80,0,77
2008-03-18,2008-03-18,57.1,30.7,22.4,80,0,78
2008-03-19,2008-03-19,0.5,27.3,21.7,86,0,79
2008-03-20,2008-03-20,0.3,29.7,23.1,84,0,80
2008-03-21,2008-03-21,0.0,30.6,23.8,79,0,81
2008-03-22,2008-03-22,6.9,31,24,79,0,82
2008-03-23,2008-03-23,3.1,30.5,24.7,89,0,83
2008-03-24,2008-03-24,3.1,30.7,24.9,76,0,84
2008-03-25,2008-03-25,0.1,31.3,23.2,75,0,85
2008-03-26,2008-03-26,3.0,32.1,22.6,73,2.52056,86
2008-03-27,2008-03-27,18.5,31.4,23.2,72,0,87
2008-03-28,2008-03-28,1.8,32.3,24.3,84,0,88
2008-03-29,2008-03-29,23.3,28.8,23.7,88,0,89
2008-03-30,2008-03-30,5.5,30.6,23.6,84,2.52056,90
2008-03-31,2008-03-31,0.0,30.3,24.5,68,2.52056,91
2008-04-01,2008-04-01,0.0,30.6,25.2,73,2.52056,92
2008-04-02,2008-04-02,0.0,30.5,24.6,65,0.87448,93
2008-04-03,2008-04-03,0.0,30.9,24.2,71,0,94
2008-04-04,2008-04-04,33.4,30.5,23.2,80,0,95
2008-04-05,2008-04-05,8.2,32.7,22.9,77,0,96
2008-04-06,2008-04-06,0.0,31.5,24,82,0,97
2008-04-07,2008-04-07,0.1,32,23.6,72,0,98
2008-04-08,2008-04-08,0.0,33,24.5,75,0,99
2008-04-09,2008-04-09,0.0,31.7,25.2,78,0,100
2008-04-10,2008-04-10,32.8,30.8,24.7,72,0,101
2008-04-11,2008-04-11,6.9,29.7,22.4,94,0,102
2008-04-12,2008-04-12,27.4,30.2,24,93,0,103
2008-04-13,2008-04-13,25.0,30.3,22.5,80,0.87448,104
2008-04-14,2008-04-14,2.1,29.8,22.5,80,0,105
2008-04-15,2008-04-15,0.5,,24,73,1.02889,106
2008-04-16,2008-04-16,1.5,,25.4,78,2.52056,107
2008-04-17,2008-04-17,1.0,,24.3,75,0.87448,108
2008-04-18,2008-04-18,6.1,,25.5,72,0,109
2008-04-19,2008-04-19,0.5,,23.7,73,0,110
2008-04-20,2008-04-20,1.6,,23.3,88,0,111
2008-04-21,2008-04-21,4.2,,22.4,76,0,112
2008-04-22,2008-04-22,28.6,30.4,22.6,77,0,113
2008-04-23,2008-04-23,1.4,30.6,24,74,0,114
2008-04-24,2008-04-24,24.9,30,24.4,72,6.6872,115
2008-04-25,2008-04-25,3.3,30.1,24.8,76,4.42384,116
2008-04-26,2008-04-26,3.7,30,25.5,71,4.42384,117
2008-04-27,2008-04-27,1.3,29.4,24.4,88,2.52056,118
2008-04-28,2008-04-28,0.0,30,25.4,73,0.87448,119
2008-04-29,2008-04-29,3.2,30.2,25,75,2.52056,120
2008-04-30,2008-04-30,0.0,30.2,24,70,0,121
2008-05-01,2008-05-01,30.1,30.1,23.5,84,0,122
2008-05-02,2008-05-02,2.5,30.1,22.5,80,4.42384,123
2008-05-03,2008-05-03,0.0,28.5,23.8,81,4.42384,124
2008-05-04,2008-05-04,1.5,29.1,24.5,75,4.42384,125
2008-05-05,2008-05-05,0.6,28.7,24.3,90,0,126
2008-05-06,2008-05-06,13.5,29.1,24,71,0,127
2008-05-07,2008-05-07,0.0,30.7,22.4,84,0,128
2008-05-08,2008-05-08,39.3,31.8,23.5,81,0,129
2008-05-09,2008-05-09,24.0,29.5,23.1,84,0.87448,130
2008-05-10,2008-05-10,1.0,28.1,23.5,90,0,131
2008-05-11,2008-05-11,0.0,28.6,23.3,81,0,132
2008-05-12,2008-05-12,1.3,27.3,21.5,84,0,133
2008-05-13,2008-05-13,6.4,27.6,22.5,81,0.87448,134
2008-05-14,2008-05-14,1.3,27.5,22.6,89,2.52056,135
2008-05-15,2008-05-15,0.3,29.4,22.6,76,0,136
2008-05-16,2008-05-16,3.3,27.7,23.5,87,4.42384,137
2008-05-17,2008-05-17,1.2,29.3,23.7,80,4.42384,138
2008-05-18,2008-05-18,12.1,28.2,23,81,4.42384,139
2008-05-19,2008-05-19,2.6,26.5,23.1,86,2.52056,140
2008-05-20,2008-05-20,30.6,28.6,22.4,85,0,141
2008-05-21,2008-05-21,0.0,29,23.4,81,0,142
2008-05-22,2008-05-22,0.0,29.5,22,65,0,143
2008-05-23,2008-05-23,0.0,28.7,21.3,74,0,144
2008-05-24,2008-05-24,0.0,28.6,20.7,71,0,145
2008-05-25,2008-05-25,0.0,26.6,23.9,72,4.42384,146
2008-05-26,2008-05-26,0.0,26.7,24,66,4.42384,147
2008-05-27,2008-05-27,0.4,27.8,23.3,72,2.52056,148
2008-05-28,2008-05-28,0.0,27.4,22.3,69,4.42384,149
2008-05-29,2008-05-29,0.0,27,22.9,79,4.42384,150
2008-05-30,2008-05-30,0.4,26.1,23,90,6.6872,151
2008-05-31,2008-05-31,0.9,26.9,22,85,2.52056,152
2008-06-01,2008-06-01,2.9,27.6,22.6,79,4.42384,153
2008-06-02,2008-06-02,12.8,26.4,22.5,83,2.52056,154
2008-06-03,2008-06-03,0.0,28.2,22.5,86,0,155
2008-06-04,2008-06-04,17.6,28.7,21.6,84,0,156
2008-06-05,2008-06-05,38.4,26.7,23,93,4.42384,157
2008-06-06,2008-06-06,1.8,27.8,22.3,83,4.42384,158
2008-06-07,2008-06-07,0.0,28.6,23,80,0.87448,159
2008-06-08,2008-06-08,0.0,29.2,22,80,0,160
2008-06-09,2008-06-09,1.2,26.7,22.5,80,2.52056,161
2008-06-10,2008-06-10,0.0,27.3,23.3,74,6.6872,162
2008-06-11,2008-06-11,15.7,26.9,23.9,74,9.36208,163
2008-06-12,2008-06-12,12.6,25.3,21.9,90,2.52056,164
2008-06-13,2008-06-13,1.5,28,22.3,90,0.87448,165
2008-06-14,2008-06-14,20.6,29.7,22.5,78,0,166
2008-06-15,2008-06-15,0.0,28.1,21,86,0,167
2008-06-16,2008-06-16,0.2,27.5,23.2,86,2.52056,168
2008-06-17,2008-06-17,0.0,28.5,24.7,80,4.42384,169
2008-06-18,2008-06-18,0.4,27.3,24.5,88,6.6872,170
2008-06-19,2008-06-19,1.2,26.8,24.3,86,6.6872,171
2008-06-20,2008-06-20,0.7,28,23.7,85,2.52056,172
2008-06-21,2008-06-21,3.5,28.3,24.1,80,2.52056,173
2008-06-22,2008-06-22,0.0,28.5,24.2,82,4.42384,174
2008-06-23,2008-06-23,0.1,28.7,23.5,82,2.52056,175
2008-06-24,2008-06-24,0.9,29.4,23.5,80,2.52056,176
2008-06-25,2008-06-25,0.3,28.8,21.7,86,2.52056,177
2008-06-26,2008-06-26,0.0,28.6,23.5,75,4.42384,178
2008-06-27,2008-06-27,0.0,28.2,24,78,2.52056,179
2008-06-28,2008-06-28,0.3,28.7,24,77,2.52056,180
2008-06-29,2008-06-29,0.2,28.4,21.3,76,0,181
2008-06-30,2008-06-30,1.6,24.6,22.7,86,6.6872,182
2008-07-01,2008-07-01,0.9,25.1,21.5,78,6.6872,183
2008-07-02,2008-07-02,0.0,26.3,22.5,67,6.6872,184
2008-07-03,2008-07-03,0.1,27.6,21.6,62,2.52056,185
2008-07-04,2008-07-04,3.5,28.6,23.3,80,4.42384,186
2008-07-05,2008-07-05,4.8,30.6,24,84,0.87448,187
2008-07-06,2008-07-06,16.2,27.9,22,77,6.6872,188
2008-07-07,2008-07-07,13.4,24.1,22.4,94,9.36208,189
2008-07-08,2008-07-08,0.0,24.9,20.7,70,12.29416,190
2008-07-09,2008-07-09,0.0,25.4,22.1,61,9.36208,191
2008-07-10,2008-07-10,0.0,26,22.2,57,6.6872,192
2008-07-11,2008-07-11,0.0,26.7,21,64,6.6872,193
2008-07-12,2008-07-12,0.0,26.2,22,62,6.6872,194
2008-07-13,2008-07-13,1.0,26.4,22.7,60,6.6872,195
2008-07-14,2008-07-14,2.1,26.9,21,70,6.6872,196
2008-07-15,2008-07-15,0.1,26.5,22,80,6.6872,197
2008-07-16,2008-07-16,0.5,26.4,22.5,74,9.36208,198
2008-07-17,2008-07-17,3.0,27.2,22.6,56,6.6872,199
2008-07-18,2008-07-18,0.5,26.9,22,78,6.6872,200
2008-07-19,2008-07-19,0.5,26.9,22.4,83,4.42384,201
2008-07-20,2008-07-20,0.0,27.7,23.3,66,6.6872,202
2008-07-21,2008-07-21,0.0,27.1,22.3,73,4.42384,203
2008-07-22,2008-07-22,0.0,27.2,22.5,61,4.42384,204
2008-07-23,2008-07-23,0.0,27,21.7,77,4.42384,205
2008-07-24,2008-07-24,0.0,27.4,21.5,64,6.6872,206
2008-07-25,2008-07-25,0.0,27.5,21.3,65,2.52056,207
2008-07-26,2008-07-26,0.0,30.3,20.8,73,2.52056,208
2008-07-27,2008-07-27,0.0,31.3,22.2,75,0,209
2008-07-28,2008-07-28,0.0,29.3,21.8,76,0,210
2008-07-29,2008-07-29,0.0,29.3,22.5,67,0,211
2008-07-30,2008-07-30,0.0,30.3,22,70,0,212
2008-07-31,2008-07-31,0.7,29.4,22,72,0,213
2008-08-01,2008-08-01,2.8,27.2,21.8,86,0,214
2008-08-02,2008-08-02,0.0,28,22.9,83,6.6872,215
2008-08-03,2008-08-03,0.0,28.7,22.3,72,0,216
2008-08-04,2008-08-04,0.9,26.6,24,76,2.52056,217
2008-08-05,2008-08-05,0.5,28.2,23.7,81,4.42384,218
2008-08-06,2008-08-06,8.2,29.1,23.7,84,4.42384,219
2008-08-07,2008-08-07,2.9,27.8,23.2,80,4.42384,220
2008-08-08,2008-08-08,0.3,27.7,22.8,87,2.52056,221
2008-08-09,2008-08-09,0.0,27.5,23.4,73,2.52056,222
2008-08-10,2008-08-10,0.0,28.7,24.3,73,0,223
2008-08-11,2008-08-11,0.0,27.8,23.3,66,4.42384,224
2008-08-12,2008-08-12,4.0,28.1,23.7,68,6.6872,225
2008-08-13,2008-08-13,0.0,28.7,22.5,80,2.52056,226
2008-08-14,2008-08-14,0.0,29,22.8,76,2.52056,227
2008-08-15,2008-08-15,4.1,27.7,22.7,83,2.52056,228
2008-08-16,2008-08-16,2.6,29.5,22.3,76,4.42384,229
2008-08-17,2008-08-17,0.0,29.2,22.7,81,0,230
2008-08-18,2008-08-18,4.1,30.1,21.8,81,0,231
2008-08-19,2008-08-19,7.3,27.2,24,85,4.42384,232
2008-08-20,2008-08-20,0.0,28.5,23.2,77,4.42384,233
2008-08-21,2008-08-21,5.3,28.2,24.4,74,4.42384,234
2008-08-22,2008-08-22,5.6,25.7,22.3,86,9.36208,235
2008-08-23,2008-08-23,0.1,26.5,21.7,75,6.6872,236
2008-08-24,2008-08-24,0.5,27.2,22.8,76,2.52056,237
2008-08-25,2008-08-25,4.5,27.5,22.2,85,0,238
2008-08-26,2008-08-26,1.1,27.2,22.5,88,2.52056,239
2008-08-27,2008-08-27,0.0,27.2,22.5,79,2.52056,240
2008-08-28,2008-08-28,2.3,26.5,23.6,75,6.6872,241
2008-08-29,2008-08-29,0.0,27.4,22.5,68,6.6872,242
2008-08-30,2008-08-30,0.6,27.2,22.4,70,6.6872,243
2008-08-31,2008-08-31,17.5,27.8,23.1,89,6.6872,244
2008-09-01,2008-09-01,0.0,28.3,20.9,82,6.6872,245
2008-09-02,2008-09-02,7.1,28.3,20.8,80,4.42384,246
2008-09-03,2008-09-03,10.9,29.2,23,94,2.52056,247
2008-09-04,2008-09-04,0.1,28.3,23.5,76,4.42384,248
2008-09-05,2008-09-05,0.4,29,24.3,79,4.42384,249
2008-09-06,2008-09-06,0.0,27.8,24.2,74,6.6872,250
2008-09-07,2008-09-07,9.2,29.3,24.2,74,6.6872,251
2008-09-08,2008-09-08,0.0,28.7,23,78,0,252
2008-09-09,2008-09-09,0.2,29.3,23.5,72,2.52056,253
2008-09-10,2008-09-10,0.0,28.6,23.6,90,2.52056,254
2008-09-11,2008-09-11,3.0,29.1,23.3,77,0.87448,255
2008-09-12,2008-09-12,3.6,28.3,23.8,73,6.6872,256
2008-09-13,2008-09-13,12.7,29.7,22.8,77,4.42384,257
2008-09-14,2008-09-14,24.6,28.8,21.8,89,0,258
2008-09-15,2008-09-15,0.3,29.4,21.2,96,4.42384,259
2008-09-16,2008-09-16,0.0,26.6,22.2,63,4.42384,260
2008-09-17,2008-09-17,0.0,26.4,19.7,57,6.6872,261
2008-09-18,2008-09-18,0.0,28,22.4,63,6.6872,262
2008-09-19,2008-09-19,16.1,28.2,23.6,69,6.6872,263
2008-09-20,2008-09-20,0.0,27.7,23.3,88,4.42384,264
2008-09-21,2008-09-21,2.2,25.5,23,78,9.36208,265
2008-09-22,2008-09-22,0.7,25.7,21.5,81,9.36208,266
2008-09-23,2008-09-23,0.0,26.3,21.3,76,6.6872,267
2008-09-24,2008-09-24,0.2,27.8,22.4,72,6.6872,268
2008-09-25,2008-09-25,1.1,28.4,22.6,77,4.42384,269
2008-09-26,2008-09-26,9.5,27.6,23.5,76,6.6872,270
2008-09-27,2008-09-27,2.0,27.7,21.5,75,4.42384,271
2008-09-28,2008-09-28,0.3,27.6,21.5,80,0,272
2008-09-29,2008-09-29,0.0,28.6,22.5,70,2.52056,273
2008-09-30,2008-09-30,1.6,28.6,23.1,80,2.52056,274
2008-10-01,2008-10-01,12.9,29.4,22.5,95,0,275
2008-10-02,2008-10-02,0.0,26.7,22.9,72,4.42384,276
2008-10-03,2008-10-03,0.0,25.7,22.7,64,9.36208,277
2008-10-04,2008-10-04,0.0,26.7,22.5,48,9.36208,278
2008-10-05,2008-10-05,2.6,27.7,23.2,68,9.36208,279
2008-10-06,2008-10-06,9.0,27.4,23,82,6.6872,280
2008-10-07,2008-10-07,0.0,28.1,23,76,6.6872,281
2008-10-08,2008-10-08,0.6,28.7,23.1,77,4.42384,282
2008-10-09,2008-10-09,11.1,28.2,23.8,74,2.52056,283
2008-10-10,2008-10-10,0.0,28.7,23.3,91,2.52056,284
2008-10-11,2008-10-11,0.0,28.3,24.3,73,6.6872,285
2008-10-12,2008-10-12,2.3,28.4,23.8,69,6.6872,286
2008-10-13,2008-10-13,0.0,27,22.6,64,9.36208,287
2008-10-14,2008-10-14,0.1,27.5,23.2,69,6.6872,288
2008-10-15,2008-10-15,3.2,26.8,23.7,80,4.42384,289
2008-10-16,2008-10-16,0.1,28.3,23.3,91,6.6872,290
2008-10-17,2008-10-17,5.9,28.4,24.8,81,4.42384,291
2008-10-18,2008-10-18,0.4,28.4,24.5,84,2.52056,292
2008-10-19,2008-10-19,0.0,29.4,23.5,80,0,293
2008-10-20,2008-10-20,1.1,30.3,22.4,78,0,294
2008-10-21,2008-10-21,11.2,29.4,23.5,80,4.42384,295
2008-10-22,2008-10-22,0.0,29.4,24,77,6.6872,296
2008-10-23,2008-10-23,0.6,29.2,24.8,81,6.6872,297
2008-10-24,2008-10-24,0.0,30,24.2,71,2.52056,298
2008-10-25,2008-10-25,0.0,30.6,22.9,69,2.52056,299
2008-10-26,2008-10-26,4.8,29.8,23.8,78,0,300
2008-10-27,2008-10-27,1.9,29.6,24.2,90,4.42384,301
2008-10-28,2008-10-28,0.8,30,24.5,89,2.52056,302
2008-10-29,2008-10-29,0.0,30.9,23.3,64,2.52056,303
2008-10-30,2008-10-30,0.5,30.6,24.2,71,0,304
2008-10-31,2008-10-31,2.9,32.5,21.3,70,0,305
2008-11-01,2008-11-01,3.6,27.8,24.3,87,0,306
2008-11-02,2008-11-02,3.1,30.2,23.7,78,4.42384,307
2008-11-03,2008-11-03,0.0,30.4,24.2,79,0,308
2008-11-04,2008-11-04,0.0,30.7,23.4,73,0.87448,309
2008-11-05,2008-11-05,9.0,30.7,23.4,84,0.87448,310
2008-11-06,2008-11-06,0.0,29.7,22.4,75,2.52056,311
2008-11-07,2008-11-07,16.3,30.6,25.5,69,6.6872,312
2008-11-08,2008-11-08,4.2,30.2,21.7,75,4.42384,313
2008-11-09,2008-11-09,0.0,29.6,23.3,77,6.6872,314
2008-11-10,2008-11-10,5.0,29.7,22.7,67,0,315
2008-11-11,2008-11-11,0.0,30,20.8,70,0,316
2008-11-12,2008-11-12,0.0,30.9,22,71,0.87448,317
2008-11-13,2008-11-13,1.5,31.4,23.9,69,0,318
2008-11-14,2008-11-14,0.0,31.2,24.4,71,2.52056,319
2008-11-15,2008-11-15,0.1,30.7,25.3,67,2.52056,320
2008-11-16,2008-11-16,22.6,31.2,24.8,71,4.42384,321
2008-11-17,2008-11-17,0.0,30.6,21.5,80,2.52056,322
2008-11-18,2008-11-18,1.3,30.7,21.5,67,0,323
2008-11-19,2008-11-19,0.0,30.2,24.8,72,2.52056,324
2008-11-20,2008-11-20,0.0,30.7,23.6,63,2.52056,325
2008-11-21,2008-11-21,0.0,31.1,24.3,68,2.52056,326
2008-11-22,2008-11-22,0.0,30.7,25.1,67,2.52056,327
2008-11-23,2008-11-23,0.0,30.3,25.3,69,6.6872,328
2008-11-24,2008-11-24,3.8,31.7,23.9,71,2.52056,329
2008-11-25,2008-11-25,32.9,31.1,23.3,70,0,330
2008-11-26,2008-11-26,0.8,30.6,21.3,69,0,331
2008-11-27,2008-11-27,8.0,31,22.4,75,0,332
2008-11-28,2008-11-28,60.7,32.8,22.9,71,2.52056,333
2008-11-29,2008-11-29,2.3,31,23.2,88,2.52056,334
2008-11-30,2008-11-30,0.0,29,23.7,63,2.52056,335
2008-12-01,2008-12-01,7.7,29.9,24.4,78,2.52056,336
2008-12-02,2008-12-02,1.5,29,23.5,91,2.52056,337
2008-12-03,2008-12-03,0.8,29.5,23.6,79,6.6872,338
2008-12-04,2008-12-04,0.8,30.7,25.8,77,4.42384,339
2008-12-05,2008-12-05,0.2,30.9,25.2,70,6.6872,340
2008-12-06,2008-12-06,0.0,30.3,24.8,71,2.52056,341
2008-12-07,2008-12-07,0.0,30.5,24.3,66,4.42384,342
2008-12-08,2008-12-08,0.0,31.7,24.4,64,2.52056,343
2008-12-09,2008-12-09,3.5,31.8,22.7,58,0.87448,344
2008-12-10,2008-12-10,33.0,32.2,24.2,66,2.52056,345
2008-12-11,2008-12-11,20.9,27.8,24,89,0,346
2008-12-12,2008-12-12,6.5,32.4,22.8,82,0,347
2008-12-13,2008-12-13,1.5,31.4,24.5,90,2.52056,348
2008-12-14,2008-12-14,9.1,32.4,24.4,79,2.52056,349
2008-12-15,2008-12-15,11.2,31.2,24.2,66,0,350
2008-12-16,2008-12-16,0.0,31.6,23,73,0,351
2008-12-17,2008-12-17,0.0,30.1,22.9,73,4.42384,352
2008-12-18,2008-12-18,1.3,30.8,22.9,72,6.6872,353
2008-12-19,2008-12-19,10.8,31.2,24.3,84,0,354
2008-12-20,2008-12-20,0.5,32.4,24.2,68,0,355
2008-12-21,2008-12-21,7.3,31,23.7,71,0,356
2008-12-22,2008-12-22,21.7,30.6,22.6,75,0,357
2008-12-23,2008-12-23,11.5,31.7,22.9,73,0,358
2008-12-24,2008-12-24,0.0,31.7,24.5,75,4.42384,359
2008-12-25,2008-12-25,2.4,31.1,26,73,6.6872,360
2008-12-26,2008-12-26,0.0,31.7,25.8,76,6.6872,361
2008-12-27,2008-12-27,0.0,32.1,25.3,71,0.87448,362
2008-12-28,2008-12-28,1.0,32.4,23.6,73,2.52056,363
2008-12-29,2008-12-29,13.9,32.1,24.8,69,4.42384,364
2008-12-30,2008-12-30,2.9,31,23.8,73,0,365
2008-12-31,2008-12-31,27.6,31.8,23.3,69,0,366
2009-01-01,2009-01-01,0.7,31.7,23.9,68,2.572,1
2009-01-02,2009-01-02,0.7,32.1,25.3,84,2.572,2
2009-01-03,2009-01-03,47.0,31.4,25.8,73,0,3
2009-01-04,2009-01-04,3.7,32.2,22.5,76,2.572,4
2009-01-05,2009-01-05,0.0,31.7,24.3,69,0,5
2009-01-06,2009-01-06,28.0,31.6,24.6,69,0,6
2009-01-07,2009-01-07,23.2,31.7,23.2,86,3.0864,7
2009-01-08,2009-01-08,106.5,26.8,23.5,87,3.0864,8
2009-01-09,2009-01-09,111.2,29.4,23.6,87,7.716,9
2009-01-10,2009-01-10,90.2,27.3,22.6,96,7.2016,10
2009-01-11,2009-01-11,105.2,30.3,23.7,87,12.3456,11
2009-01-12,2009-01-12,87.0,31.3,23.9,77,5.144,12
2009-01-13,2009-01-13,378.0,29,24.5,96,7.716,13
2009-01-14,2009-01-14,95.5,28.4,23.8,94,4.1152,14
2009-01-15,2009-01-15,20.9,31.4,22.4,87,10.288,15
2009-01-16,2009-01-16,232.7,29.9,24,79,2.572,16
2009-01-17,2009-01-17,6.7,30.5,22.7,97,0,17
2009-01-18,2009-01-18,0.0,32.8,22.4,75,0,18
2009-01-19,2009-01-19,0.0,31.6,22.7,74,0,19
2009-01-20,2009-01-20,9.3,31.4,26,76,1.5432,20
2009-01-21,2009-01-21,0.2,31.5,25.8,75,5.144,21
2009-01-22,2009-01-22,3.0,31.6,25.8,70,2.572,22
2009-01-23,2009-01-23,1.7,30.7,24,71,5.144,23
2009-01-24,2009-01-24,0.4,30.5,24,66,6.6872,24
2009-01-25,2009-01-25,6.1,30.3,24.9,75,4.1152,25
2009-01-26,2009-01-26,0.2,30.1,23.3,80,5.144,26
2009-01-27,2009-01-27,0.0,30.2,25.7,67,7.716,27
2009-01-28,2009-01-28,0.4,30.9,25.5,72,3.0864,28
2009-01-29,2009-01-29,4.9,32.1,23.9,74,0,29
2009-01-30,2009-01-30,20.7,30.8,24.4,84,0,30
2009-01-31,2009-01-31,0.0,31.2,23.8,90,0,31
2009-02-01,2009-02-01,62.9,30.5,23.3,65,0,32
2009-02-02,2009-02-02,41.3,28,22.5,90,0,33
2009-02-03,2009-02-03,14.7,29.9,22.3,81,0,34
2009-02-04,2009-02-04,0.2,31.6,23.1,81,3.0864,35
2009-02-05,2009-02-05,20.0,30.9,24,81,0,36
2009-02-06,2009-02-06,26.4,30.8,23.4,72,3.0864,37
2009-02-07,2009-02-07,0.0,31.1,23.7,75,1.5432,38
2009-02-08,2009-02-08,0.0,31.1,26.1,75,5.144,39
2009-02-09,2009-02-09,2.0,30.9,26.7,71,7.716,40
2009-02-10,2009-02-10,0.0,31,24.9,70,0,41
2009-02-11,2009-02-11,13.2,31.2,23.8,75,1.5432,42
2009-02-12,2009-02-12,5.6,30.3,22.8,80,0,43
2009-02-13,2009-02-13,1.1,33.1,23.6,79,2.52056,44
2009-02-14,2009-02-14,0.0,31.7,23.8,71,0,45
2009-02-15,2009-02-15,0.0,31.8,24.2,71,0,46
2009-02-16,2009-02-16,0.0,31.7,23.2,72,0,47
2009-02-17,2009-02-17,0.0,32.4,23,67,2.572,48
2009-02-18,2009-02-18,2.4,32.1,23.4,70,2.572,49
2009-02-19,2009-02-19,13.9,32,25.5,75,0,50
2009-02-20,2009-02-20,3.7,30.6,23.9,75,0,51
2009-02-21,2009-02-21,11.0,29.5,25,80,2.572,52
2009-02-22,2009-02-22,0.0,30.6,24.9,85,3.0864,53
2009-02-23,2009-02-23,1.5,31.2,24.5,69,0,54
2009-02-24,2009-02-24,2.3,30.9,24.1,84,2.572,55
2009-02-25,2009-02-25,48.9,30.6,23.9,69,0,56
2009-02-26,2009-02-26,6.4,30,23.6,81,0,57
2009-02-27,2009-02-27,0.0,30.7,24,68,0,58
2009-02-28,2009-02-28,24.1,31.5,25,75,4.1152,59
2009-03-01,2009-03-01,8.2,31.4,24.5,84,5.144,60
2009-03-02,2009-03-02,10.5,31.3,25.4,79,0,61
2009-03-03,2009-03-03,2.6,31.4,23.2,75,4.1152,62
2009-03-04,2009-03-04,5.7,32.2,25.1,73,0,63
2009-03-05,2009-03-05,1.0,30.7,24.6,80,0,64
2009-03-06,2009-03-06,2.3,32.7,24.5,72,0,65
2009-03-07,2009-03-07,0.0,31.7,24.5,77,0,66
2009-03-08,2009-03-08,3.8,33.3,24.4,74,0,67
2009-03-09,2009-03-09,0.0,33,23.7,72,2.572,68
2009-03-10,2009-03-10,21.9,33.3,25.4,75,0,69
2009-03-11,2009-03-11,4.7,32.6,23.7,76,4.1152,70
2009-03-12,2009-03-12,75.5,32.3,24.2,79,0,71
2009-03-13,2009-03-13,19.2,31.1,23.7,83,0,72
2009-03-14,2009-03-14,4.4,29.6,23.6,79,0,73
2009-03-15,2009-03-15,1.7,28.4,24,94,1.5432,74
2009-03-16,2009-03-16,1.0,30.4,23.8,89,0,75
2009-03-17,2009-03-17,0.0,31.6,23.7,89,0,76
2009-03-18,2009-03-18,6.7,31.8,24,79,0,77
2009-03-19,2009-03-19,6.6,30.7,23.9,85,2.572,78
2009-03-20,2009-03-20,14.7,30.6,24.3,96,0,79
2009-03-21,2009-03-21,89.1,27,24.7,95,0,80
2009-03-22,2009-03-22,0.6,30.5,23.5,97,2.572,81
2009-03-23,2009-03-23,0.0,32.1,23.6,78,5.144,82
2009-03-24,2009-03-24,0.0,32.6,24.6,73,0,83
2009-03-25,2009-03-25,0.1,32.2,25.5,71,1.5432,84
2009-03-26,2009-03-26,0.9,31.5,24.5,76,0,85
2009-03-27,2009-03-27,0.0,32.9,24.8,76,2.572,86
2009-03-28,2009-03-28,1.3,33.2,23.4,65,0,87
2009-03-29,2009-03-29,6.2,31.3,24.8,78,0,88
2009-03-30,2009-03-30,0.0,31.8,22.6,81,0,89
2009-03-31,2009-03-31,53.6,29.2,22.6,75,0,90
2009-04-01,2009-04-01,91.6,30,24,83,5.144,91
2009-04-02,2009-04-02,2.0,29,23.3,71,10.288,92
2009-04-03,2009-04-03,20.5,29.3,24,73,9.2592,93
2009-04-04,2009-04-04,0.4,29,24.4,77,12.86,94
2009-04-05,2009-04-05,0.0,29.9,25.2,69,2.572,95
2009-04-06,2009-04-06,0.0,30.4,21.6,69,0,96
2009-04-07,2009-04-07,15.9,30.6,25.2,74,2.572,97
2009-04-08,2009-04-08,37.8,30.1,23.3,77,0,98
2009-04-09,2009-04-09,0.0,29.5,23,89,0,99
2009-04-10,2009-04-10,27.6,31.2,24.7,78,2.572,100
2009-04-11,2009-04-11,30.1,30,24.2,84,4.1152,101
2009-04-12,2009-04-12,12.7,30,24.5,87,7.716,102
2009-04-13,2009-04-13,8.3,30.2,24.5,79,7.716,103
2009-04-14,2009-04-14,11.7,29.4,25,84,2.572,104
2009-04-15,2009-04-15,0.1,28.4,24,71,10.288,105
2009-04-16,2009-04-16,0.0,28.7,24.5,60,2.572,106
2009-04-17,2009-04-17,41.2,29.3,23.5,77,6.6872,107
2009-04-18,2009-04-18,12.9,31.4,22.7,79,0,108
2009-04-19,2009-04-19,0.0,30,22.4,77,0,109
2009-04-20,2009-04-20,0.0,31.7,23,76,0,110
2009-04-21,2009-04-21,0.0,32.2,25,70,0,111
2009-04-22,2009-04-22,0.0,29.7,25.8,77,1.5432,112
2009-04-23,2009-04-23,0.6,30.3,25.8,80,3.0864,113
2009-04-24,2009-04-24,3.5,29.6,25.4,85,0,114
2009-04-25,2009-04-25,1.6,31.5,24.5,85,0,115
2009-04-26,2009-04-26,0.0,28.6,24.5,79,5.144,116
2009-04-27,2009-04-27,0.0,28.4,24.3,66,5.144,117
2009-04-28,2009-04-28,2.6,28.9,21.9,84,0,118
2009-04-29,2009-04-29,7.4,27.8,23,91,7.716,119
2009-04-30,2009-04-30,0.0,28.8,23,64,6.6872,120
2009-05-01,2009-05-01,0.0,28.7,24,72,3.0864,121
2009-05-02,2009-05-02,0.0,29,24,70,4.1152,122
2009-05-03,2009-05-03,0.0,29.3,23.2,65,2.572,123
2009-05-04,2009-05-04,0.0,29,24,71,0,124
2009-05-05,2009-05-05,10.4,29.4,23.3,75,5.144,125
2009-05-06,2009-05-06,33.9,26.1,23.7,94,6.6872,126
2009-05-07,2009-05-07,10.6,27.9,23,85,0,127
2009-05-08,2009-05-08,3.3,27.4,24,84,7.716,128
2009-05-09,2009-05-09,1.4,27,24.3,85,7.2016,129
2009-05-10,2009-05-10,5.9,26.9,23,91,6.6872,130
2009-05-11,2009-05-11,0.0,28.3,23.1,85,3.0864,131
2009-05-12,2009-05-12,0.0,27.9,24.7,74,5.144,132
2009-05-13,2009-05-13,0.0,28.4,23.8,74,5.144,133
2009-05-14,2009-05-14,31.2,28.4,24.8,79,3.0864,134
2009-05-15,2009-05-15,45.3,26.2,23.5,89,3.0864,135
2009-05-16,2009-05-16,2.3,27.8,22.3,72,5.144,136
2009-05-17,2009-05-17,57.2,30,24.3,76,4.1152,137
2009-05-18,2009-05-18,3.0,30,23,89,0,138
2009-05-19,2009-05-19,0.0,28.1,21.4,68,3.0864,139
2009-05-20,2009-05-20,1.2,27.4,22.8,78,5.144,140
2009-05-21,2009-05-21,0.0,27.2,23.1,71,3.0864,141
2009-05-22,2009-05-22,0.0,27.8,22,74,3.0864,142
2009-05-23,2009-05-23,63.5,28.4,24.9,69,4.6296,143
2009-05-24,2009-05-24,24.8,27,22.4,92,0,144
2009-05-25,2009-05-25,0.0,29.8,20.4,78,6.1728,145
2009-05-26,2009-05-26,1.1,30.6,23,75,2.572,146
2009-05-27,2009-05-27,0.0,28.4,22.5,80,0,147
2009-05-28,2009-05-28,0.0,27.2,24.2,73,5.144,148
2009-05-29,2009-05-29,52.5,28.2,23.4,84,4.1152,149
2009-05-30,2009-05-30,58.5,27.3,23.7,93,6.1728,150
2009-05-31,2009-05-31,0.8,28.7,22.9,87,0,151
2009-06-01,2009-06-01,0.0,25.5,23.7,86,7.716,152
2009-06-02,2009-06-02,12.7,25.4,22.6,69,7.716,153
2009-06-03,2009-06-03,3.7,24.8,21.1,77,10.288,154
2009-06-04,2009-06-04,0.0,26.6,22.2,70,4.1152,155
2009-06-05,2009-06-05,0.0,26.2,23.4,91,0,156
2009-06-06,2009-06-06,0.5,27.4,24,73,5.144,157
2009-06-07,2009-06-07,0.0,27.9,22.7,68,3.0864,158
2009-06-08,2009-06-08,0.0,27.5,22.5,68,2.572,159
2009-06-09,2009-06-09,0.0,27.3,21.4,67,4.1152,160
2009-06-10,2009-06-10,1.6,27.3,22.2,66,3.0864,161
2009-06-11,2009-06-11,3.8,26.8,23.4,74,5.144,162
2009-06-12,2009-06-12,0.0,27.8,22.7,58,5.144,163
2009-06-13,2009-06-13,2.7,28.2,22.7,75,0,164
2009-06-14,2009-06-14,0.0,26.4,21.6,85,7.716,165
2009-06-15,2009-06-15,4.5,26.6,23.3,77,9.2592,166
2009-06-16,2009-06-16,2.4,28.5,22.6,86,5.144,167
2009-06-17,2009-06-17,1.1,29,22,73,0,168
2009-06-18,2009-06-18,0.6,27.3,22.9,77,4.1152,169
2009-06-19,2009-06-19,24.4,24.6,21.5,74,7.716,170
2009-06-20,2009-06-20,17.4,24,20.5,90,8.7448,171
2009-06-21,2009-06-21,20.2,26.6,18.7,80,6.6872,172
2009-06-22,2009-06-22,6.4,24.4,20.8,87,9.2592,173
2009-06-23,2009-06-23,0.7,25.6,20.7,79,5.144,174
2009-06-24,2009-06-24,0.0,25.4,22.2,72,6.1728,175
2009-06-25,2009-06-25,1.6,26,22,69,7.716,176
2009-06-26,2009-06-26,2.5,26.3,21.2,86,7.716,177
2009-06-27,2009-06-27,0.0,26.4,22,82,6.6872,178
2009-06-28,2009-06-28,0.0,30,24,90,0,179
2009-06-29,2009-06-29,2.5,30.2,22.7,77,0,180
2009-06-30,2009-06-30,33.1,27.5,22.9,91,0,181
2009-07-01,2009-07-01,3.4,24.4,22.5,90,2.572,182
2009-07-02,2009-07-02,1.3,24.3,20.6,89,6.6872,183
2009-07-03,2009-07-03,0.0,27,20.4,76,5.144,184
2009-07-04,2009-07-04,4.2,28.7,23.2,80,4.1152,185
2009-07-05,2009-07-05,13.1,27.8,23.8,82,0,186
2009-07-06,2009-07-06,0.0,28.5,23.7,91,3.0864,187
2009-07-07,2009-07-07,0.0,28,24.7,85,5.144,188
2009-07-08,2009-07-08,0.0,26.4,24.1,77,7.716,189
2009-07-09,2009-07-09,0.7,27.1,23.4,84,5.144,190
2009-07-10,2009-07-10,0.0,27.7,22.9,77,4.1152,191
2009-07-11,2009-07-11,0.0,29.9,23.2,79,0,192
2009-07-12,2009-07-12,13.3,30.3,22.3,74,0,193
2009-07-13,2009-07-13,2.4,28,23.5,84,0,194
2009-07-14,2009-07-14,4.5,24,21.6,81,5.144,195
2009-07-15,2009-07-15,0.1,26.2,22,82,7.716,196
2009-07-16,2009-07-16,2.4,26.3,22.8,84,5.144,197
2009-07-17,2009-07-17,1.5,28.5,23.8,77,5.6584,198
2009-07-18,2009-07-18,20.0,27.3,23.6,96,4.1152,199
2009-07-19,2009-07-19,12.8,27.2,23.3,84,4.1152,200
2009-07-20,2009-07-20,0.0,28.8,23,92,0,201
2009-07-21,2009-07-21,4.5,26.2,21.3,85,5.144,202
2009-07-22,2009-07-22,0.0,24.5,20.4,57,9.2592,203
2009-07-23,2009-07-23,0.0,25.5,20,52,7.2016,204
2009-07-24,2009-07-24,0.0,26.1,22.5,60,5.144,205
2009-07-25,2009-07-25,0.0,25.8,20,73,0,206
2009-07-26,2009-07-26,1.7,26.7,17.8,77,3.0864,207
2009-07-27,2009-07-27,2.3,24.8,17.7,86,5.144,208
2009-07-28,2009-07-28,0.4,24.4,19.9,99,6.1728,209
2009-07-29,2009-07-29,0.0,25.3,21,87,5.144,210
2009-07-30,2009-07-30,0.0,25.8,22.1,66,4.1152,211
2009-07-31,2009-07-31,0.1,26,22.9,69,6.6872,212
2009-08-01,2009-08-01,0.1,24.9,22.1,79,7.716,213
2009-08-02,2009-08-02,0.0,26.3,22.6,75,7.716,214
2009-08-03,2009-08-03,0.0,26.2,23,76,6.1728,215
2009-08-04,2009-08-04,0.0,25.5,23,69,6.6872,216
2009-08-05,2009-08-05,0.0,29,23,76,3.0864,217
2009-08-06,2009-08-06,11.9,26.8,23.4,82,5.144,218
2009-08-07,2009-08-07,37.6,27.3,23,85,2.572,219
2009-08-08,2009-08-08,0.0,28,22,81,7.716,220
2009-08-09,2009-08-09,0.0,25.3,22.4,78,5.144,221
2009-08-10,2009-08-10,0.0,27.6,22.6,86,3.0864,222
2009-08-11,2009-08-11,0.7,26.6,22.7,85,5.144,223
2009-08-12,2009-08-12,0.0,26.8,23.6,89,2.572,224
2009-08-13,2009-08-13,0.5,25.3,23.6,69,3.6008,225
2009-08-14,2009-08-14,0.0,28,23.3,80,2.572,226
2009-08-15,2009-08-15,20.4,28.4,22.1,80,0,227
2009-08-16,2009-08-16,0.0,24.9,22.8,75,5.144,228
2009-08-17,2009-08-17,0.0,25,22,69,7.2016,229
2009-08-18,2009-08-18,0.0,24.2,21.3,57,7.716,230
2009-08-19,2009-08-19,0.0,26,20.8,71,2.572,231
2009-08-20,2009-08-20,4.0,27.7,22,81,0,232
2009-08-21,2009-08-21,2.2,27.4,21.3,95,6.1728,233
2009-08-22,2009-08-22,0.0,24.1,21.4,72,4.1152,234
2009-08-23,2009-08-23,0.0,24.7,22.2,69,5.144,235
2009-08-24,2009-08-24,0.0,24.1,21,66,5.144,236
2009-08-25,2009-08-25,0.0,24.4,21.2,59,5.144,237
2009-08-26,2009-08-26,0.0,25.2,21.8,66,6.6872,238
2009-08-27,2009-08-27,0.0,25.4,20.8,57,9.2592,239
2009-08-28,2009-08-28,0.0,25,22.3,67,6.6872,240
2009-08-29,2009-08-29,0.6,26.7,21,63,5.144,241
2009-08-30,2009-08-30,4.8,26.6,21.8,67,7.716,242
2009-08-31,2009-08-31,0.0,26.7,22.2,74,5.144,243
2009-09-01,2009-09-01,3.9,26,23.7,80,3.6008,244
2009-09-02,2009-09-02,0.2,27.3,23.2,74,5.144,245
2009-09-03,2009-09-03,1.1,26.7,22.9,91,3.0864,246
2009-09-04,2009-09-04,0.0,26.4,23,82,6.6872,247
2009-09-05,2009-09-05,0.3,23.8,23,75,9.2592,248
2009-09-06,2009-09-06,27.4,21.7,19.8,84,6.1728,249
2009-09-07,2009-09-07,0.2,23,18.4,79,5.144,250
2009-09-08,2009-09-08,3.3,24.8,20.4,80,6.1728,251
2009-09-09,2009-09-09,0.0,25.5,20.6,80,6.6872,252
2009-09-10,2009-09-10,2.1,25.4,22.4,69,6.1728,253
2009-09-11,2009-09-11,0.0,25.3,20,70,5.144,254
2009-09-12,2009-09-12,1.2,25.5,22,76,4.1152,255
2009-09-13,2009-09-13,9.4,26.3,22,89,2.572,256
2009-09-14,2009-09-14,28.3,26.7,22.1,95,0,257
2009-09-15,2009-09-15,3.1,26.8,21.7,77,3.6008,258
2009-09-16,2009-09-16,2.3,28.3,22.1,83,0,259
2009-09-17,2009-09-17,53.7,26.8,22.5,87,2.572,260
2009-09-18,2009-09-18,2.7,24,19.4,82,5.144,261
2009-09-19,2009-09-19,0.0,24.9,20.7,62,6.6872,262
2009-09-20,2009-09-20,0.0,25.7,21.1,65,6.6872,263
2009-09-21,2009-09-21,10.8,26.3,22.3,72,5.144,264
2009-09-22,2009-09-22,8.2,27,22.6,93,5.144,265
2009-09-23,2009-09-23,0.0,26.9,23.5,77,3.0864,266
2009-09-24,2009-09-24,0.3,26.6,23.6,77,3.0864,267
2009-09-25,2009-09-25,0.0,27.5,22.9,80,6.1728,268
2009-09-26,2009-09-26,0.0,28.6,21.8,81,1.5432,269
2009-09-27,2009-09-27,0.0,25.6,22.1,83,5.144,270
2009-09-28,2009-09-28,0.0,25.5,22.4,61,7.2016,271
2009-09-29,2009-09-29,0.0,26.5,22.6,72,6.1728,272
2009-09-30,2009-09-30,0.0,28.1,22.2,70,4.1152,273
2009-10-01,2009-10-01,0.0,28.5,21.5,66,0,274
2009-10-02,2009-10-02,0.0,26,22.2,63,5.144,275
2009-10-03,2009-10-03,0.0,25,21.4,59,6.6872,276
2009-10-04,2009-10-04,0.0,26.2,20.8,56,6.6872,277
2009-10-05,2009-10-05,0.0,27.3,22.1,65,6.1728,278
2009-10-06,2009-10-06,0.0,28,22.7,72,6.1728,279
2009-10-07,2009-10-07,0.0,26,23.6,78,7.716,280
2009-10-08,2009-10-08,0.0,26.1,22.7,70,8.7448,281
2009-10-09,2009-10-09,0.0,27.2,23,73,6.6872,282
2009-10-10,2009-10-10,0.1,31.1,20.7,69,0,283
2009-10-11,2009-10-11,2.5,25.8,23.2,88,3.0864,284
2009-10-12,2009-10-12,10.6,27.4,21.4,78,4.1152,285
2009-10-13,2009-10-13,3.3,28.7,22,79,0,286
2009-10-14,2009-10-14,4.7,26.4,21.7,79,6.6872,287
2009-10-15,2009-10-15,26.3,26,22.2,81,6.6872,288
2009-10-16,2009-10-16,1.7,25.6,22.5,89,7.2016,289
2009-10-17,2009-10-17,0.0,26.5,22.4,67,9.2592,290
2009-10-18,2009-10-18,0.0,26.5,22.6,63,6.6872,291
2009-10-19,2009-10-19,0.0,26.3,23.1,72,5.144,292
2009-10-20,2009-10-20,1.4,26,22.1,60,7.2016,293
2009-10-21,2009-10-21,0.0,26.5,21,70,7.2016,294
2009-10-22,2009-10-22,0.0,25,22.1,68,9.7736,295
2009-10-23,2009-10-23,0.0,26.2,22.6,61,7.2016,296
2009-10-24,2009-10-24,0.0,25.6,22.1,59,7.716,297
2009-10-25,2009-10-25,0.0,27,22.6,53,7.716,298
2009-10-26,2009-10-26,0.0,25.6,22.7,65,6.1728,299
2009-10-27,2009-10-27,0.8,25.7,23,67,7.716,300
2009-10-28,2009-10-28,0.0,27,21.7,72,4.1152,301
2009-10-29,2009-10-29,0.0,27.1,21.8,60,6.1728,302
2009-10-30,2009-10-30,0.0,26.6,22,66,6.1728,303
2009-10-31,2009-10-31,1.0,26.3,21.9,61,5.144,304
2009-11-01,2009-11-01,24.6,24.4,20.8,91,5.144,305
2009-11-02,2009-11-02,11.6,23,20.6,96,7.716,306
2009-11-03,2009-11-03,11.2,24,19.5,92,7.2016,307
2009-11-04,2009-11-04,4.2,25.4,21.1,90,5.144,308
2009-11-05,2009-11-05,0.0,26.1,21.7,73,8.2304,309
2009-11-06,2009-11-06,1.1,26.4,23.1,67,10.288,310
2009-11-07,2009-11-07,0.0,26,22.1,68,7.716,311
2009-11-08,2009-11-08,2.5,27.8,22.7,66,7.2016,312
2009-11-09,2009-11-09,6.2,26.5,22,87,9.2592,313
2009-11-10,2009-11-10,0.0,27.5,21.4,71,5.144,314
2009-11-11,2009-11-11,0.0,27.5,21.4,78,7.2016,315
2009-11-12,2009-11-12,0.0,27,23,74,9.2592,316
2009-11-13,2009-11-13,0.0,27.1,23.1,75,5.144,317
2009-11-14,2009-11-14,0.0,27.5,23.2,74,7.716,318
2009-11-15,2009-11-15,0.5,28.2,23.2,75,7.716,319
2009-11-16,2009-11-16,1.6,29,23,86,7.716,320
2009-11-17,2009-11-17,0.0,29.6,24.1,76,7.2016,321
2009-11-18,2009-11-18,0.1,29.3,24.5,81,5.144,322
2009-11-19,2009-11-19,0.0,29.8,24.2,78,3.0864,323
2009-11-20,2009-11-20,0.1,28,24,74,5.144,324
2009-11-21,2009-11-21,2.9,28.1,22.8,72,5.144,325
2009-11-22,2009-11-22,1.2,29.2,22.3,77,7.716,326
2009-11-23,2009-11-23,0.0,28.2,23.8,75,7.2016,327
2009-11-24,2009-11-24,0.0,27.4,23,69,7.2016,328
2009-11-25,2009-11-25,3.0,28.6,22.4,75,5.144,329
2009-11-26,2009-11-26,10.9,26.5,21.4,80,3.0864,330
2009-11-27,2009-11-27,2.8,27.4,21.9,87,5.144,331
2009-11-28,2009-11-28,2.0,28.1,23.1,87,3.0864,332
2009-11-29,2009-11-29,0.2,29.8,23.5,82,3.0864,333
2009-11-30,2009-11-30,0.4,29.1,23.7,81,5.144,334
2009-12-01,2009-12-01,1.5,30.1,24.8,85,6.1728,335
2009-12-02,2009-12-02,0.0,28.9,24.5,71,8.2304,336
2009-12-03,2009-12-03,2.7,29,24,71,6.1728,337
2009-12-04,2009-12-04,0.3,29.5,24.5,84,7.2016,338
2009-12-05,2009-12-05,0.0,31.2,25.1,85,4.1152,339
2009-12-06,2009-12-06,0.0,30.7,25.4,76,6.1728,340
2009-12-07,2009-12-07,20.9,29.5,25.6,82,4.6296,341
2009-12-08,2009-12-08,0.2,28.4,23.6,73,8.2304,342
2009-12-09,2009-12-09,0.1,28.1,24.1,74,0,343
2009-12-10,2009-12-10,13.8,27.2,24,75,7.2016,344
2009-12-11,2009-12-11,5.7,26.4,22.5,94,9.2592,345
2009-12-12,2009-12-12,4.4,26.9,22.8,88,2.572,346
2009-12-13,2009-12-13,174.2,25.2,22.7,92,6.6872,347
2009-12-14,2009-12-14,54.7,27.7,22.7,91,6.1728,348
2009-12-15,2009-12-15,0.3,31.5,24.3,83,9.7736,349
2009-12-16,2009-12-16,0.0,28.5,23,83,7.2016,350
2009-12-17,2009-12-17,1.0,28.6,23.5,80,7.2016,351
2009-12-18,2009-12-18,0.0,28,23.4,69,7.716,352
2009-12-19,2009-12-19,0.0,28.1,22.5,69,6.1728,353
2009-12-20,2009-12-20,0.0,27.8,22.1,52,5.144,354
2009-12-21,2009-12-21,0.0,27.8,22.1,60,6.1728,355
2009-12-22,2009-12-22,0.0,28.2,22.6,60,5.144,356
2009-12-23,2009-12-23,0.0,29.7,23,63,3.0864,357
2009-12-24,2009-12-24,0.0,28.7,23.1,61,3.0864,358
2009-12-25,2009-12-25,0.0,28.4,23.6,76,4.1152,359
2009-12-26,2009-12-26,13.0,28.7,23.7,70,7.716,360
2009-12-27,2009-12-27,1.6,28.3,21.7,75,10.288,361
2009-12-28,2009-12-28,0.0,28.1,23.2,62,6.6872,362
2009-12-29,2009-12-29,0.0,28.1,23.1,59,7.716,363
2009-12-30,2009-12-30,0.0,28.7,23.3,66,5.6584,364
2009-12-31,2009-12-31,6.2,28.2,23.7,76,5.144,365
2010-01-01,2010-01-01,40.3,26.5,23,92,6.1728,1
2010-01-02,2010-01-02,23.4,27.6,23.6,94,5.144,2
2010-01-03,2010-01-03,0.0,28.7,24.2,84,5.144,3
2010-01-04,2010-01-04,0.5,29,24.5,80,6.6872,4
2010-01-05,2010-01-05,2.6,28.6,24.1,86,3.0864,5
2010-01-06,2010-01-06,0.0,29.9,24.1,75,7.2016,6
2010-01-07,2010-01-07,4.4,30.3,24.8,76,7.716,7
2010-01-08,2010-01-08,7.7,30,24.7,93,6.1728,8
2010-01-09,2010-01-09,0.4,29.9,25.3,84,7.716,9
2010-01-10,2010-01-10,0.0,29.9,24.3,76,5.144,10
2010-01-11,2010-01-11,0.0,30.7,24.5,70,5.144,11
2010-01-12,2010-01-12,0.0,31.3,24.1,75,0,12
2010-01-13,2010-01-13,0.0,31.8,24,65,3.0864,13
2010-01-14,2010-01-14,1.6,31,24.6,84,5.144,14
2010-01-15,2010-01-15,0.1,28.2,24,86,3.0864,15
2010-01-16,2010-01-16,0.0,29.8,24,77,5.144,16
2010-01-17,2010-01-17,40.1,30.5,24.6,82,5.144,17
2010-01-18,2010-01-18,34.7,30.3,24,97,0,18
2010-01-19,2010-01-19,10.4,30,25.2,93,6.1728,19
2010-01-20,2010-01-20,1.0,30.2,25.1,88,5.144,20
2010-01-21,2010-01-21,0.0,30.5,25.1,82,0,21
2010-01-22,2010-01-22,0.0,32.6,25.2,81,0,22
2010-01-23,2010-01-23,0.5,32.6,24.9,68,5.144,23
2010-01-24,2010-01-24,0.0,31.7,25,79,2.572,24
2010-01-25,2010-01-25,0.0,30.2,25.6,75,5.144,25
2010-01-26,2010-01-26,8.1,30.6,26,85,7.2016,26
2010-01-27,2010-01-27,0.0,30.3,26,90,5.144,27
2010-01-28,2010-01-28,0.0,32.1,25.5,82,4.1152,28
2010-01-29,2010-01-29,2.8,32.3,25.5,78,4.6296,29
2010-01-30,2010-01-30,0.3,31.4,25.8,81,6.6872,30
2010-01-31,2010-01-31,0.0,31.5,26,86,5.144,31
2010-02-01,2010-02-01,0.0,31.5,24,69,5.144,32
2010-02-02,2010-02-02,75.4,31.1,24.9,77,5.144,33
2010-02-03,2010-02-03,0.0,30.5,23.1,81,4.1152,34
2010-02-04,2010-02-04,0.0,33,23.8,79,0,35
2010-02-05,2010-02-05,37.9,31.5,24.6,71,0,36
2010-02-06,2010-02-06,9.5,29.8,24.1,78,3.0864,37
2010-02-07,2010-02-07,0.2,29.8,24.8,72,7.2016,38
2010-02-08,2010-02-08,0.0,30,25.3,76,4.1152,39
2010-02-09,2010-02-09,0.0,29.7,25.4,70,6.1728,40
2010-02-10,2010-02-10,1.6,30.5,25,67,5.144,41
2010-02-11,2010-02-11,2.0,29.9,24.7,76,6.1728,42
2010-02-12,2010-02-12,12.6,30.2,24.6,79,5.144,43
2010-02-13,2010-02-13,0.3,29.2,23,91,4.1152,44
2010-02-14,2010-02-14,2.1,29.1,24.4,76,9.2592,45
2010-02-15,2010-02-15,3.5,31.2,24.8,89,4.6296,46
2010-02-16,2010-02-16,0.0,31.9,25,74,4.1152,47
2010-02-17,2010-02-17,0.0,32,25,71,0,48
2010-02-18,2010-02-18,0.0,34,23.7,72,0,49
2010-02-19,2010-02-19,2.1,31.4,23.1,74,3.0864,50
2010-02-20,2010-02-20,2.7,29.1,25.1,93,0,51
2010-02-21,2010-02-21,0.3,31.2,25.5,82,3.0864,52
2010-02-22,2010-02-22,7.7,31,25.5,75,4.6296,53
2010-02-23,2010-02-23,2.6,30.5,24.5,75,5.144,54
2010-02-24,2010-02-24,9.3,30.7,24.1,72,6.1728,55
2010-02-25,2010-02-25,0.7,30.4,24.4,84,5.144,56
2010-02-26,2010-02-26,0.1,29.9,26.7,79,8.2304,57
2010-02-27,2010-02-27,33.2,30.6,25.7,77,6.1728,58
2010-02-28,2010-02-28,8.0,30,23.4,78,3.0864,59
2010-03-01,2010-03-01,51.2,27,24.8,92,0,60
2010-03-02,2010-03-02,3.6,31.9,24,90,3.0864,61
2010-03-03,2010-03-03,27.1,32,24,81,0,62
2010-03-04,2010-03-04,0.0,31.8,22.6,69,0,63
2010-03-05,2010-03-05,4.2,31,23.4,71,2.0576,64
2010-03-06,2010-03-06,0.0,29.5,23.1,78,2.572,65
2010-03-07,2010-03-07,0.0,30,23.8,66,4.1152,66
2010-03-08,2010-03-08,4.2,30.8,23.6,69,5.144,67
2010-03-09,2010-03-09,0.0,30.2,24,75,5.144,68
2010-03-10,2010-03-10,0.0,30.1,25.1,70,5.144,69
2010-03-11,2010-03-11,2.2,30.6,25.5,72,5.144,70
2010-03-12,2010-03-12,1.5,30.6,25.8,87,3.0864,71
2010-03-13,2010-03-13,11.3,30.2,25.6,80,7.716,72
2010-03-14,2010-03-14,19.4,30.2,24.9,69,10.288,73
2010-03-15,2010-03-15,25.2,27.8,26.6,82,12.86,74
2010-03-16,2010-03-16,5.0,30,25.5,91,3.0864,75
2010-03-17,2010-03-17,0.0,32.8,25,84,4.1152,76
2010-03-18,2010-03-18,2.6,30,24.6,85,3.0864,77
2010-03-19,2010-03-19,4.3,29.3,22.5,83,5.144,78
2010-03-20,2010-03-20,14.8,28.9,24.8,82,6.1728,79
2010-03-21,2010-03-21,41.4,28.5,24.5,82,3.6008,80
2010-03-22,2010-03-22,8.2,28.4,23.8,92,5.144,81
2010-03-23,2010-03-23,0.0,29.3,23.6,79,3.0864,82
2010-03-24,2010-03-24,8.0,30.5,25.4,68,4.1152,83
2010-03-25,2010-03-25,3.2,29.8,25.5,87,3.6008,84
2010-03-26,2010-03-26,0.0,29.5,24.9,91,3.0864,85
2010-03-27,2010-03-27,15.8,29,25,75,7.716,86
2010-03-28,2010-03-28,56.2,28.1,24.8,90,3.0864,87
2010-03-29,2010-03-29,7.0,29.1,24.7,95,5.144,88
2010-03-30,2010-03-30,0.0,30,24.6,76,3.6008,89
2010-03-31,2010-03-31,3.2,28.1,25.1,82,0,90
2010-04-01,2010-04-01,4.0,28.9,22.7,88,2.572,91
2010-04-02,2010-04-02,3.5,28.1,22.5,95,0,92
2010-04-03,2010-04-03,28.4,29.2,23.5,84,5.144,93
2010-04-04,2010-04-04,9.5,31.1,23,79,2.572,94
2010-04-05,2010-04-05,0.0,29.8,23.3,77,3.0864,95
2010-04-06,2010-04-06,0.8,30.5,24.1,87,3.0864,96
2010-04-07,2010-04-07,0.0,30.2,25.7,83,5.144,97
2010-04-08,2010-04-08,0.0,30.7,26,78,5.144,98
2010-04-09,2010-04-09,2.4,29.8,24.6,82,5.144,99
2010-04-10,2010-04-10,0.1,31.1,23.7,74,3.0864,100
2010-04-11,2010-04-11,1.0,31.8,24.3,90,0,101
2010-04-12,2010-04-12,21.8,28.5,24.3,95,0,102
2010-04-13,2010-04-13,0.1,29.8,22.6,89,4.1152,103
2010-04-14,2010-04-14,0.0,30.4,23.6,76,5.144,104
2010-04-15,2010-04-15,0.0,30,24.5,78,4.1152,105
2010-04-16,2010-04-16,0.9,30.4,25.9,73,5.144,106
2010-04-17,2010-04-17,22.6,29.3,25.6,81,3.6008,107
2010-04-18,2010-04-18,12.8,29,24.3,89,3.0864,108
2010-04-19,2010-04-19,2.2,29.4,24.1,91,0,109
2010-04-20,2010-04-20,1.1,31.1,23.4,86,0,110
2010-04-21,2010-04-21,0.0,29.1,25,84,5.144,111
2010-04-22,2010-04-22,0.0,29.5,24.4,76,5.144,112
2010-04-23,2010-04-23,0.0,29.1,26.2,70,6.6872,113
2010-04-24,2010-04-24,1.4,29.5,25.4,69,5.6584,114
2010-04-25,2010-04-25,38.3,27.5,24.3,82,5.144,115
2010-04-26,2010-04-26,0.0,31,23.1,85,5.144,116
2010-04-27,2010-04-27,0.0,30.4,23.2,77,3.0864,117
2010-04-28,2010-04-28,0.0,29.2,23.5,81,3.0864,118
2010-04-29,2010-04-29,0.0,29,23.4,74,2.572,119
2010-04-30,2010-04-30,0.0,29,22.4,76,4.1152,120
2010-05-01,2010-05-01,0.0,29.9,22.1,71,3.0864,121
2010-05-02,2010-05-02,1.0,29.7,23.6,71,3.0864,122
2010-05-03,2010-05-03,0.0,28.8,24.3,68,3.0864,123
2010-05-04,2010-05-04,100.9,29,25,71,7.2016,124
2010-05-05,2010-05-05,11.6,28.3,23.2,82,5.144,125
2010-05-06,2010-05-06,0.1,27.7,23.5,87,6.6872,126
2010-05-07,2010-05-07,1.5,28.1,23.9,76,7.2016,127
2010-05-08,2010-05-08,0.0,28.6,23.8,72,2.572,128
2010-05-09,2010-05-09,0.0,29.7,24.2,81,2.572,129
2010-05-10,2010-05-10,0.0,29,24.8,81,0,130
2010-05-11,2010-05-11,0.0,30.4,23.8,85,3.0864,131
2010-05-12,2010-05-12,1.2,30.5,24.5,85,0,132
2010-05-13,2010-05-13,0.0,29.3,24.3,90,2.572,133
2010-05-14,2010-05-14,1.8,29.8,25.5,84,2.572,134
2010-05-15,2010-05-15,55.0,27,25,90,3.0864,135
2010-05-16,2010-05-16,2.8,32.1,24,90,0,136
2010-05-17,2010-05-17,0.0,29,24.6,72,5.144,137
2010-05-18,2010-05-18,0.0,29.5,24,79,2.572,138
2010-05-19,2010-05-19,0.0,29.5,24.7,77,5.144,139
2010-05-20,2010-05-20,1.9,28.6,25.5,78,8.7448,140
2010-05-21,2010-05-21,10.6,29.3,24.8,80,3.0864,141
2010-05-22,2010-05-22,3.2,29,24.5,81,8.2304,142
2010-05-23,2010-05-23,3.4,27.9,25.4,82,5.144,143
2010-05-24,2010-05-24,2.7,31.1,25,81,0,144
2010-05-25,2010-05-25,0.0,29,24.5,92,0,145
2010-05-26,2010-05-26,0.0,29,24.4,74,0,146
2010-05-27,2010-05-27,0.0,29.4,24.8,77,4.1152,147
2010-05-28,2010-05-28,0.0,29.2,24.4,74,4.6296,148
2010-05-29,2010-05-29,5.6,29.9,23.6,81,3.0864,149
2010-05-30,2010-05-30,0.3,29.3,24.4,90,6.6872,150
2010-05-31,2010-05-31,3.2,28.7,25,86,6.1728,151
2010-06-01,2010-06-01,0.8,28.7,25.2,80,6.1728,152
2010-06-02,2010-06-02,3.0,29,25.8,72,3.0864,153
2010-06-03,2010-06-03,10.1,28.3,24.5,91,3.0864,154
2010-06-04,2010-06-04,0.0,29.1,24.3,90,3.0864,155
2010-06-05,2010-06-05,2.2,29.6,25.4,79,6.1728,156
2010-06-06,2010-06-06,3.6,29.1,24.3,86,5.144,157
2010-06-07,2010-06-07,10.6,30.4,23.6,79,0,158
2010-06-08,2010-06-08,0.0,30.1,22.3,82,3.0864,159
2010-06-09,2010-06-09,0.0,29.7,23,79,3.0864,160
2010-06-10,2010-06-10,0.0,29,23.7,75,3.0864,161
2010-06-11,2010-06-11,0.0,28.7,23.2,81,0,162
2010-06-12,2010-06-12,0.0,28.7,24.1,80,5.144,163
2010-06-13,2010-06-13,0.0,29.3,24,70,5.144,164
2010-06-14,2010-06-14,0.0,28.4,24.2,81,5.144,165
2010-06-15,2010-06-15,9.0,28.6,25,73,5.144,166
2010-06-16,2010-06-16,21.0,26.6,23,77,7.716,167
2010-06-17,2010-06-17,80.5,27.4,23,86,8.2304,168
2010-06-18,2010-06-18,0.0,32.1,22.7,77,3.0864,169
2010-06-19,2010-06-19,0.0,29.5,23.9,86,2.572,170
2010-06-20,2010-06-20,0.0,28.7,25,79,4.1152,171
2010-06-21,2010-06-21,5.3,28,24.4,73,5.144,172
2010-06-22,2010-06-22,0.8,27.5,23.2,74,5.144,173
2010-06-23,2010-06-23,0.1,28.1,23.6,70,5.144,174
2010-06-24,2010-06-24,6.6,28.1,23.4,81,5.144,175
2010-06-25,2010-06-25,18.8,26,24.2,92,2.572,176
2010-06-26,2010-06-26,0.0,28,25.2,90,7.2016,177
2010-06-27,2010-06-27,9.4,29.5,24.4,80,3.6008,178
2010-06-28,2010-06-28,2.3,29,24,85,3.0864,179
2010-06-29,2010-06-29,0.0,29.6,24.1,78,1.5432,180
2010-06-30,2010-06-30,0.0,29,23.4,80,5.144,181
2010-07-01,2010-07-01,2.2,28.2,23.7,81,4.1152,182
2010-07-02,2010-07-02,0.0,25.9,23.2,80,5.144,183
2010-07-03,2010-07-03,0.0,26.2,22.8,63,6.1728,184
2010-07-04,2010-07-04,0.0,26.6,21.5,66,4.6296,185
2010-07-05,2010-07-05,0.0,27.4,21.5,70,0,186
2010-07-06,2010-07-06,0.0,28.5,19.6,72,0,187
2010-07-07,2010-07-07,0.0,27.5,21,77,4.1152,188
2010-07-08,2010-07-08,0.0,27.5,22.5,76,5.144,189
2010-07-09,2010-07-09,6.5,27.5,22.3,75,4.6296,190
2010-07-10,2010-07-10,15.6,26.7,23.2,90,4.6296,191
2010-07-11,2010-07-11,36.1,28.6,22.5,85,0,192
2010-07-12,2010-07-12,0.0,29.1,21.9,88,0,193
2010-07-13,2010-07-13,0.0,30.6,20.6,76,0,194
2010-07-14,2010-07-14,0.0,29.2,21,66,0,195
2010-07-15,2010-07-15,0.0,25.8,22,61,6.1728,196
2010-07-16,2010-07-16,0.0,26.5,21,56,5.144,197
2010-07-17,2010-07-17,0.0,25.9,22.1,78,5.144,198
2010-07-18,2010-07-18,0.0,28,23.6,79,6.6872,199
2010-07-19,2010-07-19,0.3,25.7,23.4,84,11.8312,200
2010-07-20,2010-07-20,0.0,27.5,22.5,73,7.716,201
2010-07-21,2010-07-21,0.0,26.9,23.5,63,7.716,202
2010-07-22,2010-07-22,0.0,27.5,23,68,6.1728,203
2010-07-23,2010-07-23,0.0,28,23.2,65,4.6296,204
2010-07-24,2010-07-24,0.0,27.3,22.4,69,5.144,205
2010-07-25,2010-07-25,0.0,26.6,22.7,83,4.1152,206
2010-07-26,2010-07-26,0.9,27.9,23,81,5.6584,207
2010-07-27,2010-07-27,2.4,26.7,23.5,79,6.1728,208
2010-07-28,2010-07-28,3.4,26.1,21.6,76,9.2592,209
2010-07-29,2010-07-29,5.5,25.6,21.7,86,8.2304,210
2010-07-30,2010-07-30,7.7,25.9,22.7,87,9.2592,211
2010-07-31,2010-07-31,14.1,25.9,22.7,88,7.2016,212
2010-08-01,2010-08-01,2.3,26.3,22.1,86,7.716,213
2010-08-02,2010-08-02,0.0,26.5,21.7,72,8.7448,214
2010-08-03,2010-08-03,2.7,26.5,22.5,67,6.1728,215
2010-08-04,2010-08-04,5.3,27.8,22.4,87,4.6296,216
2010-08-05,2010-08-05,0.5,28.4,22.6,79,2.572,217
2010-08-06,2010-08-06,0.0,27.4,23,78,6.1728,218
2010-08-07,2010-08-07,0.0,27.6,23.5,74,8.2304,219
2010-08-08,2010-08-08,0.0,28.5,24,79,2.572,220
2010-08-09,2010-08-09,0.0,28.6,24.6,82,5.144,221
2010-08-10,2010-08-10,1.9,27,24.4,81,9.7736,222
2010-08-11,2010-08-11,0.2,26.2,22.5,86,7.716,223
2010-08-12,2010-08-12,0.0,25.7,22.5,69,9.2592,224
2010-08-13,2010-08-13,0.0,27.3,22.5,69,7.716,225
2010-08-14,2010-08-14,0.0,28,23.5,75,6.1728,226
2010-08-15,2010-08-15,0.0,28.4,21.4,73,0,227
2010-08-16,2010-08-16,0.0,27.8,22.2,71,2.572,228
2010-08-17,2010-08-17,0.0,27.8,23,74,6.1728,229
2010-08-18,2010-08-18,0.0,27.8,22.5,67,5.144,230
2010-08-19,2010-08-19,0.0,27.4,23.1,73,4.1152,231
2010-08-20,2010-08-20,0.0,27.4,23,76,6.1728,232
2010-08-21,2010-08-21,0.0,27.3,23.4,77,5.144,233
2010-08-22,2010-08-22,0.2,28.1,23.6,85,3.6008,234
2010-08-23,2010-08-23,0.0,30.1,23.4,70,0,235
2010-08-24,2010-08-24,2.1,28.9,23,77,2.572,236
2010-08-25,2010-08-25,0.0,29.4,22.9,78,3.0864,237
2010-08-26,2010-08-26,0.0,29,22.5,73,6.1728,238
2010-08-27,2010-08-27,0.0,29,24.5,81,4.1152,239
2010-08-28,2010-08-28,0.6,28.6,24,86,7.2016,240
2010-08-29,2010-08-29,0.5,28.9,23.6,74,4.6296,241
2010-08-30,2010-08-30,0.0,29.7,21.4,78,5.144,242
2010-08-31,2010-08-31,16.1,28.7,23.4,86,3.0864,243
2010-09-01,2010-09-01,21.4,27.2,22.9,86,3.0864,244
2010-09-02,2010-09-02,0.1,26.2,22,63,6.6872,245
2010-09-03,2010-09-03,0.0,27.4,21.4,72,6.1728,246
2010-09-04,2010-09-04,0.0,25.9,22.4,72,8.7448,247
2010-09-05,2010-09-05,0.0,26.7,23,79,10.288,248
2010-09-06,2010-09-06,0.0,27,22,67,7.716,249
2010-09-07,2010-09-07,0.0,27.5,22.6,57,5.6584,250
2010-09-08,2010-09-08,3.3,28,23.1,66,5.144,251
2010-09-09,2010-09-09,0.7,28,22.1,79,5.144,252
2010-09-10,2010-09-10,3.3,29.7,22.8,74,2.572,253
2010-09-11,2010-09-11,2.7,29,24.1,85,6.1728,254
2010-09-12,2010-09-12,0.0,29.6,23.6,73,3.0864,255
2010-09-13,2010-09-13,22.4,30.5,24,71,3.0864,256
2010-09-14,2010-09-14,2.2,28.3,21.6,86,4.1152,257
2010-09-15,2010-09-15,2.9,29.4,23.6,78,5.6584,258
2010-09-16,2010-09-16,0.0,29.6,24.1,86,4.1152,259
2010-09-17,2010-09-17,0.0,29,23.5,72,2.572,260
2010-09-18,2010-09-18,0.0,29.2,25,79,4.42384,261
2010-09-19,2010-09-19,2.9,27.9,23.1,64,7.716,262
2010-09-20,2010-09-20,0.0,28.6,23.7,74,7.716,263
2010-09-21,2010-09-21,2.9,27.6,24,75,8.2304,264
2010-09-22,2010-09-22,26.5,28.3,22.3,84,6.1728,265
2010-09-23,2010-09-23,9.6,27.2,23,89,4.1152,266
2010-09-24,2010-09-24,0.0,29.2,23.2,84,6.1728,267
2010-09-25,2010-09-25,0.0,29.2,25,74,5.144,268
2010-09-26,2010-09-26,0.8,29.8,24.8,81,6.1728,269
2010-09-27,2010-09-27,0.0,29.7,23.3,74,7.716,270
2010-09-28,2010-09-28,0.1,28.8,24.3,72,5.144,271
2010-09-29,2010-09-29,1.3,28.9,23.6,64,5.144,272
2010-09-30,2010-09-30,0.0,28.5,23.4,72,7.716,273
2010-10-01,2010-10-01,0.0,29.6,24.2,68,6.6872,274
2010-10-02,2010-10-02,0.0,29,24.3,76,5.144,275
2010-10-03,2010-10-03,0.0,28.8,24.9,73,8.2304,276
2010-10-04,2010-10-04,0.0,27.8,24,75,6.6872,277
2010-10-05,2010-10-05,20.8,28.2,23.7,73,6.6872,278
2010-10-06,2010-10-06,10.2,26,21.9,86,5.144,279
2010-10-07,2010-10-07,26.1,27.2,22.4,94,7.716,280
2010-10-08,2010-10-08,0.0,28.8,20.6,84,0,281
2010-10-09,2010-10-09,0.0,28.5,22,72,4.1152,282
2010-10-10,2010-10-10,0.0,28.4,23.4,67,4.1152,283
2010-10-11,2010-10-11,0.0,28.7,23.6,70,4.1152,284
2010-10-12,2010-10-12,10.1,29.3,22.7,80,0,285
2010-10-13,2010-10-13,11.4,27.2,20.7,76,0,286
2010-10-14,2010-10-14,84.7,26.2,21.2,85,3.0864,287
2010-10-15,2010-10-15,9.5,27.9,20.1,82,0,288
2010-10-16,2010-10-16,0.0,29.4,21.3,79,3.6008,289
2010-10-17,2010-10-17,0.6,29,22.3,79,7.2016,290
2010-10-18,2010-10-18,0.0,30.1,23.7,64,4.1152,291
2010-10-19,2010-10-19,0.0,30.2,24,67,5.144,292
2010-10-20,2010-10-20,8.3,31.1,24,69,3.6008,293
2010-10-21,2010-10-21,59.2,29.5,22.6,79,3.6008,294
2010-10-22,2010-10-22,3.5,26.7,22.4,95,7.2016,295
2010-10-23,2010-10-23,4.1,29,23.7,75,7.716,296
2010-10-24,2010-10-24,31.5,28.1,23,90,6.6872,297
2010-10-25,2010-10-25,17.2,29.2,23.1,76,8.2304,298
2010-10-26,2010-10-26,21.7,27.5,23.1,91,2.572,299
2010-10-27,2010-10-27,1.3,27.5,22,85,8.2304,300
2010-10-28,2010-10-28,8.2,28.7,22.2,77,5.144,301
2010-10-29,2010-10-29,77.5,27.8,23,84,5.144,302
2010-10-30,2010-10-30,3.2,28.8,22.2,72,5.6584,303
2010-10-31,2010-10-31,5.2,28,23.4,78,7.2016,304
2010-11-01,2010-11-01,10.8,30,23.3,84,5.144,305
2010-11-02,2010-11-02,0.0,30.1,22.3,77,6.6872,306
2010-11-03,2010-11-03,0.8,29.8,23.6,74,3.0864,307
2010-11-04,2010-11-04,2.8,30.5,23.7,72,4.1152,308
2010-11-05,2010-11-05,0.0,30.5,24,73,0,309
2010-11-06,2010-11-06,0.0,30.6,22.7,65,0,310
2010-11-07,2010-11-07,6.5,30.9,22.6,75,0,311
2010-11-08,2010-11-08,14.1,30,24.5,82,2.572,312
2010-11-09,2010-11-09,8.8,29.2,23.2,70,3.6008,313
2010-11-10,2010-11-10,0.3,27.4,21.7,73,6.6872,314
2010-11-11,2010-11-11,0.0,27.1,22.1,58,9.7736,315
2010-11-12,2010-11-12,7.0,28.6,23.5,62,8.2304,316
2010-11-13,2010-11-13,21.0,24.8,22.3,87,6.6872,317
2010-11-14,2010-11-14,3.0,29.8,21.3,77,0,318
2010-11-15,2010-11-15,41.3,27.5,23.6,89,0,319
2010-11-16,2010-11-16,64.7,29.3,22.6,84,0,320
2010-11-17,2010-11-17,0.5,29.4,22.6,73,5.144,321
2010-11-18,2010-11-18,13.4,30,25,75,4.6296,322
2010-11-19,2010-11-19,56.0,29.7,24,74,4.6296,323
2010-11-20,2010-11-20,3.1,28.1,22.1,72,5.144,324
2010-11-21,2010-11-21,2.5,28.9,23,74,0,325
2010-11-22,2010-11-22,32.3,30.2,24.1,82,5.144,326
2010-11-23,2010-11-23,5.6,29.2,24.5,89,3.0864,327
2010-11-24,2010-11-24,30.5,29.4,23.8,76,3.0864,328
2010-11-25,2010-11-25,106.6,25.8,23,94,5.144,329
2010-11-26,2010-11-26,34.7,26.6,22,93,7.2016,330
2010-11-27,2010-11-27,26.9,27.2,21.8,86,4.1152,331
2010-11-28,2010-11-28,47.2,29.4,21.9,95,3.6008,332
2010-11-29,2010-11-29,75.2,31.6,22,72,6.1728,333
2010-11-30,2010-11-30,11.3,29.3,23.2,94,4.6296,334
2010-12-01,2010-12-01,0.0,29.2,23.4,86,0,335
2010-12-02,2010-12-02,0.0,29.3,23.6,80,3.0864,336
2010-12-03,2010-12-03,0.0,29.2,23.6,75,4.6296,337
2010-12-04,2010-12-04,0.0,30,23.6,77,5.144,338
2010-12-05,2010-12-05,7.0,31,23,73,0,339
2010-12-06,2010-12-06,2.4,30.9,23.3,75,4.6296,340
2010-12-07,2010-12-07,0.0,30.6,24.4,74,4.6296,341
2010-12-08,2010-12-08,29.4,30.4,25.1,74,4.6296,342
2010-12-09,2010-12-09,4.1,26.3,23.2,95,3.0864,343
2010-12-10,2010-12-10,1.6,30.5,23.8,87,5.144,344
2010-12-11,2010-12-11,31.6,29,23.5,81,4.1152,345
2010-12-12,2010-12-12,44.6,29,24,88,4.1152,346
2010-12-13,2010-12-13,30.4,29.6,22.6,89,3.0864,347
2010-12-14,2010-12-14,3.1,30.4,23.4,76,6.1728,348
2010-12-15,2010-12-15,37.6,31,23.4,71,0,349
2010-12-16,2010-12-16,0.0,31,23,68,4.1152,350
2010-12-17,2010-12-17,11.3,30.7,23.1,76,4.6296,351
2010-12-18,2010-12-18,0.5,30.9,23.3,73,0,352
2010-12-19,2010-12-19,18.3,30.4,22.8,91,5.144,353
2010-12-20,2010-12-20,0.0,30,22.2,80,5.144,354
2010-12-21,2010-12-21,0.0,,23,71,3.0864,355
2010-12-22,2010-12-22,0.0,30,,,,356
2010-12-23,2010-12-23,0.8,31.4,23,71,3.0864,357
2010-12-24,2010-12-24,0.0,30.9,23,74,4.1152,358
2010-12-25,2010-12-25,8.9,29.8,21.7,73,4.1152,359
2010-12-26,2010-12-26,5.0,29.6,23.5,76,4.1152,360
2010-12-27,2010-12-27,6.0,30.2,22.5,75,3.0864,361
2010-12-28,2010-12-28,6.6,30.2,24,76,6.1728,362
2010-12-29,2010-12-29,4.2,29.2,24.4,86,4.6296,363
2010-12-30,2010-12-30,0.0,31.1,23.2,86,5.144,364
2010-12-31,2010-12-31,3.4,30.2,22.1,84,3.0864,365
2011-01-01,2011-01-01,1.9,30.6,23.2,65,0,1
2011-01-02,2011-01-02,0.0,30.3,24.9,79,6.1728,2
2011-01-03,2011-01-03,0.0,30.1,24,60,4.1152,3
2011-01-04,2011-01-04,0.0,30.5,23.7,63,3.6008,4
2011-01-05,2011-01-05,0.0,30.1,24.4,75,0,5
2011-01-06,2011-01-06,56.5,28.4,24.4,74,0,6
2011-01-07,2011-01-07,71.4,28.3,23.2,85,0,7
2011-01-08,2011-01-08,10.6,29.8,22,81,0,8
2011-01-09,2011-01-09,6.9,29.9,23.1,77,0,9
2011-01-10,2011-01-10,20.7,29.7,23,74,0,10
2011-01-11,2011-01-11,4.0,30.9,24.5,74,0,11
2011-01-12,2011-01-12,13.2,30.2,24.1,81,0,12
2011-01-13,2011-01-13,5.8,26.4,23.8,83,3.6008,13
2011-01-14,2011-01-14,0.7,30.2,22.4,85,3.0864,14
2011-01-15,2011-01-15,0.0,30.7,23.1,79,3.0864,15
2011-01-16,2011-01-16,40.3,30,22.4,72,0,16
2011-01-17,2011-01-17,4.9,30.7,22.6,73,4.1152,17
2011-01-18,2011-01-18,0.0,30.6,23.8,74,4.6296,18
2011-01-19,2011-01-19,4.3,31,24,77,4.1152,19
2011-01-20,2011-01-20,0.0,31.1,23.5,74,4.6296,20
2011-01-21,2011-01-21,0.0,31.1,24.5,75,5.144,21
2011-01-22,2011-01-22,0.0,31,24.1,78,3.0864,22
2011-01-23,2011-01-23,0.0,30.7,24.6,71,5.144,23
2011-01-24,2011-01-24,0.4,31.6,24.1,71,4.6296,24
2011-01-25,2011-01-25,0.0,31.6,25.8,70,5.144,25
2011-01-26,2011-01-26,1.0,33,25.9,75,0,26
2011-01-27,2011-01-27,3.7,31.9,23.7,68,3.0864,27
2011-01-28,2011-01-28,28.3,31.6,24.4,69,5.144,28
2011-01-29,2011-01-29,3.7,30,23.8,79,3.0864,29
2011-01-30,2011-01-30,0.9,31.2,24.2,67,3.0864,30
2011-01-31,2011-01-31,3.6,31,24.1,69,6.1728,31
2011-02-01,2011-02-01,1.7,30.7,25.1,69,6.1728,32
2011-02-02,2011-02-02,0.5,30.9,24,68,5.144,33
2011-02-03,2011-02-03,5.1,30.7,24.5,66,6.1728,34
2011-02-04,2011-02-04,1.9,30.7,23.7,74,6.1728,35
2011-02-05,2011-02-05,3.2,31,24.6,70,3.0864,36
2011-02-06,2011-02-06,4.0,30.7,23.6,72,5.144,37
2011-02-07,2011-02-07,20.7,30.5,23.7,66,5.144,38
2011-02-08,2011-02-08,0.4,29.5,24.5,68,2.52056,39
2011-02-09,2011-02-09,0.0,30.1,22.6,74,5.144,40
2011-02-10,2011-02-10,12.2,30.1,23.8,71,3.6008,41
2011-02-11,2011-02-11,1.7,30,22.2,83,5.144,42
2011-02-12,2011-02-12,4.6,30.3,23.3,83,6.1728,43
2011-02-13,2011-02-13,1.0,30,23.8,70,0,44
2011-02-14,2011-02-14,15.7,30.1,23.1,88,0,45
2011-02-15,2011-02-15,27.3,31.7,23.4,68,0,46
2011-02-16,2011-02-16,0.0,31.7,23.1,77,0,47
2011-02-17,2011-02-17,11.7,31.6,23.9,83,0,48
2011-02-18,2011-02-18,22.6,31.4,23.9,87,3.0864,49
2011-02-19,2011-02-19,4.5,28.3,22.7,96,5.144,50
2011-02-20,2011-02-20,7.5,29.2,23,88,0,51
2011-02-21,2011-02-21,0.0,31.4,22.6,86,0,52
2011-02-22,2011-02-22,5.2,31.6,24.9,73,3.0864,53
2011-02-23,2011-02-23,0.0,32.5,23.7,81,0,54
2011-02-24,2011-02-24,8.3,30.9,23,78,4.1152,55
2011-02-25,2011-02-25,0.0,32.5,23.4,76,0,56
2011-02-26,2011-02-26,3.9,31.4,23,76,0,57
2011-02-27,2011-02-27,0.0,31.5,23.7,68,3.0864,58
2011-02-28,2011-02-28,0.0,31.7,25.3,67,5.144,59
2011-03-01,2011-03-01,0.0,31.7,25.6,73,6.1728,60
2011-03-02,2011-03-02,3.1,30.7,25.6,76,4.1152,61
2011-03-03,2011-03-03,0.0,30.6,24.5,87,4.6296,62
2011-03-04,2011-03-04,12.5,29.8,24.2,83,5.144,63
2011-03-05,2011-03-05,0.0,31.4,23.1,77,3.0864,64
2011-03-06,2011-03-06,7.3,33.1,23.1,73,0,65
2011-03-07,2011-03-07,18.4,31.5,23.2,78,0,66
2011-03-08,2011-03-08,0.0,32,22.2,73,4.6296,67
2011-03-09,2011-03-09,3.0,32.8,23,71,3.6008,68
2011-03-10,2011-03-10,4.6,33.4,24.6,82,0,69
2011-03-11,2011-03-11,2.3,30.7,23.1,76,0,70
2011-03-12,2011-03-12,2.3,31.8,23.6,74,5.144,71
2011-03-13,2011-03-13,0.0,31.7,25.5,75,7.2016,72
2011-03-14,2011-03-14,0.0,31.1,25.3,75,4.6296,73
2011-03-15,2011-03-15,0.5,31.8,25,73,4.6296,74
2011-03-16,2011-03-16,1.0,32.1,24.2,73,3.0864,75
2011-03-17,2011-03-17,0.0,31.7,24.4,83,4.6296,76
2011-03-18,2011-03-18,59.3,31.5,25,69,5.144,77
2011-03-19,2011-03-19,0.2,32,24.3,76,0,78
2011-03-20,2011-03-20,0.0,31.4,23.3,70,5.144,79
2011-03-21,2011-03-21,2.0,30.5,24.4,69,5.144,80
2011-03-22,2011-03-22,17.8,30.1,24.4,78,5.144,81
2011-03-23,2011-03-23,14.3,28.9,23.7,87,5.144,82
2011-03-24,2011-03-24,33.4,31.4,24,84,5.144,83
2011-03-25,2011-03-25,29.5,29.9,24.1,91,6.6872,84
2011-03-26,2011-03-26,2.4,31.4,23.1,81,6.1728,85
2011-03-27,2011-03-27,4.5,31.1,24.8,84,3.0864,86
2011-03-28,2011-03-28,0.0,31.8,24.5,82,4.1152,87
2011-03-29,2011-03-29,0.0,31.1,24,73,0,88
2011-03-30,2011-03-30,7.8,30.8,24.1,71,5.144,89
2011-03-31,2011-03-31,0.1,30.8,23.4,87,5.144,90
2011-04-01,2011-04-01,0.0,30.5,25.2,71,4.1152,91
2011-04-02,2011-04-02,8.5,31.5,24.1,72,3.0864,92
2011-04-03,2011-04-03,1.6,31.8,23.2,76,4.1152,93
2011-04-04,2011-04-04,23.9,30.3,23.1,76,0,94
2011-04-05,2011-04-05,0.6,31.4,24.4,76,0,95
2011-04-06,2011-04-06,3.5,28.3,24.7,87,0,96
2011-04-07,2011-04-07,6.7,32.1,23.9,79,0,97
2011-04-08,2011-04-08,22.6,31,23.7,83,0,98
2011-04-09,2011-04-09,23.5,29.9,22.8,74,3.0864,99
2011-04-10,2011-04-10,0.1,30.2,23.3,82,0,100
2011-04-11,2011-04-11,5.5,31.1,23.7,68,4.1152,101
2011-04-12,2011-04-12,6.8,31.5,24.4,71,0,102
2011-04-13,2011-04-13,0.0,30.4,23.1,74,5.144,103
2011-04-14,2011-04-14,0.0,30,23.7,74,4.1152,104
2011-04-15,2011-04-15,0.7,30.3,23.9,74,0,105
2011-04-16,2011-04-16,51.8,29.9,23.9,77,4.1152,106
2011-04-17,2011-04-17,0.0,32.9,24.1,77,0,107
2011-04-18,2011-04-18,0.0,31.6,25,71,3.0864,108
2011-04-19,2011-04-19,19.3,32,25.1,68,0,109
2011-04-20,2011-04-20,24.5,29,23.7,88,5.144,110
2011-04-21,2011-04-21,12.5,29.2,23.4,82,6.1728,111
2011-04-22,2011-04-22,78.5,28.8,23.5,92,6.1728,112
2011-04-23,2011-04-23,0.5,30,22.9,79,3.0864,113
2011-04-24,2011-04-24,0.0,30.7,22.9,80,4.1152,114
2011-04-25,2011-04-25,0.0,30.6,22.9,74,4.1152,115
2011-04-26,2011-04-26,0.0,31.9,23.1,69,0,116
2011-04-27,2011-04-27,3.0,31,22.3,70,5.144,117
2011-04-28,2011-04-28,8.3,30.8,24,82,0,118
2011-04-29,2011-04-29,1.7,29.6,24.3,97,3.0864,119
2011-04-30,2011-04-30,7.8,30.3,23.6,78,0,120
2011-05-01,2011-05-01,0.8,30.6,24.3,77,6.1728,121
2011-05-02,2011-05-02,90.3,30.5,25.7,71,0,122
2011-05-03,2011-05-03,0.0,30,22.5,76,3.0864,123
2011-05-04,2011-05-04,0.0,31,24.5,74,4.1152,124
2011-05-05,2011-05-05,7.3,31.1,25,72,4.1152,125
2011-05-06,2011-05-06,33.5,27.4,23.7,94,0,126
2011-05-07,2011-05-07,45.0,26,22.6,90,0,127
2011-05-08,2011-05-08,0.0,29.6,21.6,83,0,128
2011-05-09,2011-05-09,1.1,30.2,23,74,0,129
2011-05-10,2011-05-10,5.0,29.6,23.5,78,4.6296,130
2011-05-11,2011-05-11,0.0,29.9,24.5,73,5.144,131
2011-05-12,2011-05-12,0.0,29.2,25,73,4.6296,132
2011-05-13,2011-05-13,0.0,,24.2,69,3.0864,133
2011-05-14,2011-05-14,0.0,,,,,134
2011-05-15,2011-05-15,0.0,31,,,,135
2011-05-16,2011-05-16,0.0,30.7,21.5,75,3.0864,136
2011-05-17,2011-05-17,5.8,31.4,23.5,75,4.1152,137
2011-05-18,2011-05-18,32.0,30.2,22.1,89,4.6296,138
2011-05-19,2011-05-19,13.2,32.4,23,90,3.0864,139
2011-05-20,2011-05-20,0.4,29.2,23.9,82,3.0864,140
2011-05-21,2011-05-21,0.0,28.7,25.1,69,6.6872,141
2011-05-22,2011-05-22,5.3,28.4,24.8,74,6.1728,142
2011-05-23,2011-05-23,20.4,27.1,23.1,89,6.6872,143
2011-05-24,2011-05-24,14.8,29.2,22.5,74,5.144,144
2011-05-25,2011-05-25,42.3,27.6,22.7,88,5.6584,145
2011-05-26,2011-05-26,0.0,28.6,22.9,87,6.1728,146
2011-05-27,2011-05-27,3.0,31.1,23,77,4.6296,147
2011-05-28,2011-05-28,0.0,30.3,23.2,78,3.0864,148
2011-05-29,2011-05-29,23.6,28.3,24.2,70,4.1152,149
2011-05-30,2011-05-30,10.3,29,23.4,89,5.144,150
2011-05-31,2011-05-31,14.8,30.4,24.2,81,0,151
2011-06-01,2011-06-01,13.6,30,23.2,84,3.0864,152
2011-06-02,2011-06-02,0.5,28.1,23.4,90,0,153
2011-06-03,2011-06-03,0.0,30.7,22.2,81,0,154
2011-06-04,2011-06-04,0.0,30.4,23.9,70,3.0864,155
2011-06-05,2011-06-05,0.2,30.4,22.7,79,0,156
2011-06-06,2011-06-06,0.0,27.9,24.2,79,6.6872,157
2011-06-07,2011-06-07,0.0,28.6,24.8,81,6.1728,158
2011-06-08,2011-06-08,2.6,28.1,23.9,78,5.144,159
2011-06-09,2011-06-09,0.3,28.6,23.3,97,5.144,160
2011-06-10,2011-06-10,0.0,28.7,24.1,76,6.1728,161
2011-06-11,2011-06-11,1.6,28,24.8,76,4.1152,162
2011-06-12,2011-06-12,0.0,29.2,24.1,81,6.1728,163
2011-06-13,2011-06-13,0.0,29.2,23.3,74,5.144,164
2011-06-14,2011-06-14,1.5,28.7,24.6,75,5.144,165
2011-06-15,2011-06-15,7.6,27.4,23.6,89,6.6872,166
2011-06-16,2011-06-16,94.8,30,23.4,77,4.1152,167
2011-06-17,2011-06-17,1.0,29.4,22,86,0,168
2011-06-18,2011-06-18,0.0,30.8,21.7,75,0,169
2011-06-19,2011-06-19,5.0,29.6,22.6,81,0,170
2011-06-20,2011-06-20,0.0,30,22.8,83,0,171
2011-06-21,2011-06-21,0.1,29.5,23.4,77,4.1152,172
2011-06-22,2011-06-22,0.6,29.8,24.5,100,0,173
2011-06-23,2011-06-23,2.4,29.7,24.2,85,5.144,174
2011-06-24,2011-06-24,13.4,29.4,24.2,85,4.6296,175
2011-06-25,2011-06-25,19.2,28.6,23.4,74,5.144,176
2011-06-26,2011-06-26,21.8,24.9,22.6,94,5.144,177
2011-06-27,2011-06-27,26.6,23.8,20.4,79,10.288,178
2011-06-28,2011-06-28,0.0,25.7,19.2,77,9.2592,179
2011-06-29,2011-06-29,0.0,26.4,21.8,68,8.2304,180
2011-06-30,2011-06-30,0.0,27.2,22,69,5.144,181
2011-07-01,2011-07-01,58.6,28.5,23,83,6.1728,182
2011-07-02,2011-07-02,0.0,30.2,23,86,3.0864,183
2011-07-03,2011-07-03,0.0,30,22.3,75,0,184
2011-07-04,2011-07-04,0.0,31.1,22.3,83,4.1152,185
2011-07-05,2011-07-05,0.0,27,21.9,74,3.0864,186
2011-07-06,2011-07-06,0.2,28.3,22.9,81,4.6296,187
2011-07-07,2011-07-07,4.9,28.3,24.1,78,6.1728,188
2011-07-08,2011-07-08,0.0,28.7,23.2,79,6.1728,189
2011-07-09,2011-07-09,0.0,27.9,24,78,5.144,190
2011-07-10,2011-07-10,1.2,26.8,23.4,83,6.1728,191
2011-07-11,2011-07-11,0.8,27.6,23,74,5.144,192
2011-07-12,2011-07-12,2.1,28.1,22.8,83,6.1728,193
2011-07-13,2011-07-13,0.0,27.5,22.6,82,5.144,194
2011-07-14,2011-07-14,0.0,27.6,22.6,70,5.144,195
2011-07-15,2011-07-15,0.0,27,22.6,69,6.6872,196
2011-07-16,2011-07-16,0.0,27.1,24,74,9.2592,197
2011-07-17,2011-07-17,0.0,26.1,24,73,6.6872,198
2011-07-18,2011-07-18,0.0,27.8,24,76,6.6872,199
2011-07-19,2011-07-19,0.0,27,23.4,85,5.144,200
2011-07-20,2011-07-20,0.0,27.2,23.6,81,5.144,201
2011-07-21,2011-07-21,0.0,27.6,22.6,67,5.144,202
2011-07-22,2011-07-22,0.0,28,22.6,74,3.0864,203
2011-07-23,2011-07-23,0.0,31.4,19,79,0,204
2011-07-24,2011-07-24,0.2,29.6,25.1,74,7.716,205
2011-07-25,2011-07-25,0.2,28.2,23.5,79,3.0864,206
2011-07-26,2011-07-26,8.7,25.5,23.3,90,6.1728,207
2011-07-27,2011-07-27,0.6,26,22.5,87,6.6872,208
2011-07-28,2011-07-28,1.2,28.3,22.5,70,6.1728,209
2011-07-29,2011-07-29,12.6,27.1,22.8,83,6.1728,210
2011-07-30,2011-07-30,14.2,29.2,23.2,83,4.1152,211
2011-07-31,2011-07-31,0.4,28.1,22.5,88,5.144,212
2011-08-01,2011-08-01,0.0,31,23.5,67,0,213
2011-08-02,2011-08-02,8.8,28.4,23,84,0,214
2011-08-03,2011-08-03,42.3,29.5,23,87,0,215
2011-08-04,2011-08-04,14.1,23.7,21.6,81,5.144,216
2011-08-05,2011-08-05,0.0,24,19.2,57,6.6872,217
2011-08-06,2011-08-06,0.0,24.9,21.4,59,7.716,218
2011-08-07,2011-08-07,0.0,25.4,20.5,53,6.6872,219
2011-08-08,2011-08-08,2.2,26.8,22.2,66,6.1728,220
2011-08-09,2011-08-09,23.8,25.9,22.3,97,4.6296,221
2011-08-10,2011-08-10,0.2,29.3,22,83,3.0864,222
2011-08-11,2011-08-11,0.0,29.4,22.7,78,3.0864,223
2011-08-12,2011-08-12,0.0,28.6,20,69,0,224
2011-08-13,2011-08-13,0.0,29.6,22.2,78,0,225
2011-08-14,2011-08-14,1.2,27.7,22,78,0,226
2011-08-15,2011-08-15,0.8,27.6,21.4,97,6.1728,227
2011-08-16,2011-08-16,3.1,29,21.2,76,0,228
2011-08-17,2011-08-17,6.5,28.2,22.5,75,4.6296,229
2011-08-18,2011-08-18,0.2,29.4,21.8,84,5.144,230
2011-08-19,2011-08-19,0.0,,21.7,68,5.144,231
2011-08-20,2011-08-20,0.0,27,,,,232
2011-08-21,2011-08-21,0.0,27.5,22.1,69,6.1728,233
2011-08-22,2011-08-22,0.0,27.6,23,75,7.716,234
2011-08-23,2011-08-23,0.0,27.3,23.2,66,10.288,235
2011-08-24,2011-08-24,0.0,26.7,22.3,67,9.2592,236
2011-08-25,2011-08-25,2.5,25.6,22.7,73,9.2592,237
2011-08-26,2011-08-26,0.4,25,22.2,70,8.7448,238
2011-08-27,2011-08-27,1.2,27.7,22.7,81,5.144,239
2011-08-28,2011-08-28,9.5,28.4,22.4,82,5.144,240
2011-08-29,2011-08-29,0.0,28.1,23.3,82,7.2016,241
2011-08-30,2011-08-30,0.0,29.5,24.1,69,4.1152,242
2011-08-31,2011-08-31,0.0,29.3,23,68,5.144,243
2011-09-01,2011-09-01,3.9,28.3,22.6,76,4.1152,244
2011-09-02,2011-09-02,38.0,25.1,22.7,92,6.1728,245
2011-09-03,2011-09-03,5.0,27.3,22.7,87,4.6296,246
2011-09-04,2011-09-04,14.0,25.9,22.3,91,1.5432,247
2011-09-05,2011-09-05,1.7,27.6,21.7,74,5.144,248
2011-09-06,2011-09-06,4.0,27.5,21.4,76,7.716,249
2011-09-07,2011-09-07,3.0,28.8,22.4,71,5.144,250
2011-09-08,2011-09-08,1.1,31.4,21.3,78,1.0288,251
2011-09-09,2011-09-09,0.7,30.7,21.7,75,1.5432,252
2011-09-10,2011-09-10,0.0,28.2,22.8,74,1.5432,253
2011-09-11,2011-09-11,0.0,29.3,22.6,75,1.0288,254
2011-09-12,2011-09-12,0.0,30.1,21.9,74,5.144,255
2011-09-13,2011-09-13,0.0,27.3,24.2,76,4.6296,256
2011-09-14,2011-09-14,0.0,26.8,23.5,74,7.716,257
2011-09-15,2011-09-15,0.0,27.4,22.8,69,6.1728,258
2011-09-16,2011-09-16,0.2,28.2,21.8,67,5.144,259
2011-09-17,2011-09-17,0.1,28.4,22.6,74,5.144,260
2011-09-18,2011-09-18,0.0,28.7,23.7,77,5.6584,261
2011-09-19,2011-09-19,0.0,26.7,23.3,74,11.3168,262
2011-09-20,2011-09-20,1.4,27.5,24.2,78,6.1728,263
2011-09-21,2011-09-21,0.0,26.7,23.1,71,6.1728,264
2011-09-22,2011-09-22,0.0,26.7,22.3,62,5.144,265
2011-09-23,2011-09-23,0.1,26.1,21.3,66,4.1152,266
2011-09-24,2011-09-24,0.0,25.8,21.5,65,5.6584,267
2011-09-25,2011-09-25,0.0,27.1,22.3,62,6.6872,268
2011-09-26,2011-09-26,0.0,28.6,22.9,66,4.1152,269
2011-09-27,2011-09-27,1.8,29.8,22.4,69,4.1152,270
2011-09-28,2011-09-28,2.0,29.6,23.2,94,1.5432,271
2011-09-29,2011-09-29,0.2,31.8,22.8,83,0,272
2011-09-30,2011-09-30,4.6,30.8,22.7,80,3.6008,273
2011-10-01,2011-10-01,3.1,29.3,23.5,69,3.6008,274
2011-10-02,2011-10-02,0.3,27,23,72,2.0576,275
2011-10-03,2011-10-03,12.0,28.7,24.7,80,4.1152,276
2011-10-04,2011-10-04,3.6,30.1,22.9,69,4.1152,277
2011-10-05,2011-10-05,2.0,32.7,22.5,62,0,278
2011-10-06,2011-10-06,1.5,28.7,23.6,94,4.1152,279
2011-10-07,2011-10-07,21.2,28.8,22.7,73,1.5432,280
2011-10-08,2011-10-08,5.0,26.2,20.2,66,6.1728,281
2011-10-09,2011-10-09,24.9,25.2,22.8,82,6.1728,282
2011-10-10,2011-10-10,24.8,28.1,22.2,91,6.1728,283
2011-10-11,2011-10-11,10.1,30.4,22.2,66,6.1728,284
2011-10-12,2011-10-12,0.0,30.7,23.4,78,0,285
2011-10-13,2011-10-13,21.8,30.3,23.6,83,4.1152,286
2011-10-14,2011-10-14,4.4,29.5,22.3,79,4.1152,287
2011-10-15,2011-10-15,0.0,29.2,24.2,83,5.144,288
2011-10-16,2011-10-16,0.0,28.1,24.6,72,5.144,289
2011-10-17,2011-10-17,10.6,28.7,24.9,79,6.1728,290
2011-10-18,2011-10-18,0.0,29.7,23.4,84,2.0576,291
2011-10-19,2011-10-19,3.0,29,23.6,78,6.1728,292
2011-10-20,2011-10-20,0.5,28.8,24.9,77,6.1728,293
2011-10-21,2011-10-21,0.7,26.7,24.2,82,9.7736,294
2011-10-22,2011-10-22,0.0,27.7,22.2,66,8.2304,295
2011-10-23,2011-10-23,0.0,27.9,23.5,52,7.2016,296
2011-10-24,2011-10-24,0.3,28.7,24.8,69,8.7448,297
2011-10-25,2011-10-25,12.4,28.6,23,74,8.2304,298
2011-10-26,2011-10-26,1.4,29.7,23.6,72,6.6872,299
2011-10-27,2011-10-27,0.0,29.2,23.7,77,6.1728,300
2011-10-28,2011-10-28,0.0,27.5,24.6,64,7.2016,301
2011-10-29,2011-10-29,0.2,28.5,23.6,76,5.144,302
2011-10-30,2011-10-30,1.8,29.2,24.6,83,2.0576,303
2011-10-31,2011-10-31,0.0,30.2,24.1,85,3.6008,304
2011-11-01,2011-11-01,0.0,29.8,23.1,70,1.5432,305
2011-11-02,2011-11-02,0.0,29.9,23.8,71,2.572,306
2011-11-03,2011-11-03,0.0,30.3,23.4,80,5.144,307
2011-11-04,2011-11-04,0.0,31.1,22.7,79,2.572,308
2011-11-05,2011-11-05,0.2,32.5,22.9,73,1.5432,309
2011-11-06,2011-11-06,0.0,29.4,23.6,72,6.6872,310
2011-11-07,2011-11-07,10.2,29.8,25,73,5.144,311
2011-11-08,2011-11-08,22.0,27,23,84,8.2304,312
2011-11-09,2011-11-09,24.8,29.8,22.8,81,5.144,313
2011-11-10,2011-11-10,30.0,27.8,22.5,88,6.1728,314
2011-11-11,2011-11-11,0.0,28.4,22.8,77,6.1728,315
2011-11-12,2011-11-12,1.5,28.1,24.6,71,9.7736,316
2011-11-13,2011-11-13,0.4,28.7,23.3,71,7.2016,317
2011-11-14,2011-11-14,96.0,26.3,23.9,90,10.288,318
2011-11-15,2011-11-15,67.2,30.3,22.2,97,5.6584,319
2011-11-16,2011-11-16,61.0,31.4,23.1,75,5.144,320
2011-11-17,2011-11-17,1.7,29.1,22.6,75,5.144,321
2011-11-18,2011-11-18,37.0,28.9,23.7,88,5.144,322
2011-11-19,2011-11-19,15.2,25.6,22.8,91,2.572,323
2011-11-20,2011-11-20,9.6,27.6,22.1,88,5.144,324
2011-11-21,2011-11-21,2.3,28.5,22.2,66,6.1728,325
2011-11-22,2011-11-22,13.5,27.9,23.8,76,11.3168,326
2011-11-23,2011-11-23,18.9,27.1,22.8,92,6.1728,327
2011-11-24,2011-11-24,17.0,27.5,23.8,85,8.7448,328
2011-11-25,2011-11-25,42.2,27.8,23.5,82,2.572,329
2011-11-26,2011-11-26,7.2,27.9,23.3,86,4.1152,330
2011-11-27,2011-11-27,5.2,29.2,23.3,88,7.2016,331
2011-11-28,2011-11-28,8.4,29.8,23.8,77,5.144,332
2011-11-29,2011-11-29,7.7,29.9,23.8,72,6.1728,333
2011-11-30,2011-11-30,12.2,29.6,23.3,79,5.144,334
2011-12-01,2011-12-01,0.0,29.1,24.1,77,6.1728,335
2011-12-02,2011-12-02,0.4,30.2,23.2,81,7.716,336
2011-12-03,2011-12-03,0.0,30.2,24.2,74,7.716,337
2011-12-04,2011-12-04,0.5,30.8,24.6,75,6.1728,338
2011-12-05,2011-12-05,0.0,29.9,24.6,78,5.144,339
2011-12-06,2011-12-06,0.0,30.1,24.1,64,4.1152,340
2011-12-07,2011-12-07,0.0,30.2,23.8,70,5.144,341
2011-12-08,2011-12-08,6.0,31.1,23.4,83,1.0288,342
2011-12-09,2011-12-09,27.5,29.9,22.8,78,2.572,343
2011-12-10,2011-12-10,3.6,30.7,23.6,73,5.144,344
2011-12-11,2011-12-11,49.0,30.8,24.6,78,4.1152,345
2011-12-12,2011-12-12,0.2,30.2,23.3,71,2.572,346
2011-12-13,2011-12-13,7.4,30.8,24.1,70,2.572,347
2011-12-14,2011-12-14,0.6,31.9,22.6,67,1.5432,348
2011-12-15,2011-12-15,7.6,30.8,22.3,61,1.5432,349
2011-12-16,2011-12-16,81.0,30.1,23.1,82,4.1152,350
2011-12-17,2011-12-17,8.1,30.5,23.2,82,5.144,351
2011-12-18,2011-12-18,14.0,30.9,24.8,70,1.5432,352
2011-12-19,2011-12-19,43.4,30.3,24.3,75,0,353
2011-12-20,2011-12-20,1.6,30.2,23.1,69,0,354
2011-12-21,2011-12-21,26.4,30.2,25.6,74,1.5432,355
2011-12-22,2011-12-22,8.0,28.2,23.8,87,3.0864,356
2011-12-23,2011-12-23,3.2,29.9,23.4,82,1.0288,357
2011-12-24,2011-12-24,19.0,31.8,23.5,72,1.5432,358
2011-12-25,2011-12-25,9.2,31.7,23.2,78,1.5432,359
2011-12-26,2011-12-26,32.0,31.3,23.5,72,1.5432,360
2011-12-27,2011-12-27,13.1,31.7,24.5,85,1.5432,361
2011-12-28,2011-12-28,3.2,31.6,24.2,82,3.0864,362
2011-12-29,2011-12-29,0.0,31.4,23.8,76,4.1152,363
2011-12-30,2011-12-30,0.0,32.8,24.3,69,0.87448,364
2011-12-31,2011-12-31,0.0,31.7,25,59,5.144,365
2012-01-01,2012-01-01,0.5,31.8,24.2,67,2.572,1
2012-01-02,2012-01-02,6.0,32.2,25.2,71,1.5432,2
2012-01-03,2012-01-03,1.9,32.1,24.7,65,1.5432,3
2012-01-04,2012-01-04,0.7,31.8,23.4,67,3.0864,4
2012-01-05,2012-01-05,23.0,33.1,24.8,75,0,5
2012-01-06,2012-01-06,96.0,31.7,24.9,95,5.144,6
2012-01-07,2012-01-07,6.6,30.8,23.2,95,6.1728,7
2012-01-08,2012-01-08,0.0,32.4,23.5,76,1.5432,8
2012-01-09,2012-01-09,5.0,30.7,23.8,71,5.144,9
2012-01-10,2012-01-10,0.1,31.3,22.4,67,2.572,10
2012-01-11,2012-01-11,5.6,28.6,23.2,75,7.2016,11
2012-01-12,2012-01-12,6.2,29.3,23.2,74,5.144,12
2012-01-13,2012-01-13,23.0,30,23.5,76,3.0864,13
2012-01-14,2012-01-14,2.6,31.3,23.2,68,3.0864,14
2012-01-15,2012-01-15,0.2,30.5,25.5,80,7.716,15
2012-01-16,2012-01-16,3.7,32.2,25.7,74,7.2016,16
2012-01-17,2012-01-17,0.5,31.3,25,67,5.144,17
2012-01-18,2012-01-18,13.8,31.7,25.2,75,1.0288,18
2012-01-19,2012-01-19,32.0,31.1,24.6,75,4.1152,19
2012-01-20,2012-01-20,1.5,30.7,23.8,88,5.144,20
2012-01-21,2012-01-21,0.0,30.8,25,73,4.1152,21
2012-01-22,2012-01-22,45.3,28.8,25.5,76,3.6008,22
2012-01-23,2012-01-23,70.0,25.8,22.2,90,10.288,23
2012-01-24,2012-01-24,17.4,26.7,22.1,90,10.288,24
2012-01-25,2012-01-25,50.0,29.8,22.8,88,8.2304,25
2012-01-26,2012-01-26,0.2,29.8,24.2,93,10.288,26
2012-01-27,2012-01-27,0.0,30.7,25.1,83,9.7736,27
2012-01-28,2012-01-28,0.0,30.4,24.3,72,2.572,28
2012-01-29,2012-01-29,1.5,30.6,24.2,85,2.572,29
2012-01-30,2012-01-30,17.6,28.1,24,86,3.0864,30
2012-01-31,2012-01-31,20.0,30.1,23.1,94,1.5432,31
2012-02-01,2012-02-01,33.7,29.8,23.1,93,0,32
2012-02-02,2012-02-02,19.0,29.1,24.2,86,7.716,33
2012-02-03,2012-02-03,27.3,29.1,23.8,84,0,34
2012-02-04,2012-02-04,58.0,29.6,23.9,94,7.716,35
2012-02-05,2012-02-05,32.7,30.3,24.1,94,12.3456,36
2012-02-06,2012-02-06,62.0,30.9,23.6,93,10.288,37
2012-02-07,2012-02-07,32.9,32.2,24,76,4.42384,38
2012-02-08,2012-02-08,0.0,32.8,23.7,85,5.144,39
2012-02-09,2012-02-09,27.2,32.8,25.2,82,1.5432,40
2012-02-10,2012-02-10,31.0,30.7,24.2,81,3.6008,41
2012-02-11,2012-02-11,47.9,28.3,23.2,89,2.0576,42
2012-02-12,2012-02-12,18.0,32.3,23.4,83,10.288,43
2012-02-13,2012-02-13,3.7,30.5,23.3,80,7.716,44
2012-02-14,2012-02-14,4.0,29.8,24.5,74,2.572,45
2012-02-15,2012-02-15,0.0,32.1,22.6,70,2.572,46
2012-02-16,2012-02-16,0.0,31.8,23.6,66,5.144,47
2012-02-17,2012-02-17,53.9,32.1,22.6,71,1.5432,48
2012-02-18,2012-02-18,0.2,30.8,23.8,74,3.0864,49
2012-02-19,2012-02-19,0.0,31.6,24.8,73,3.6008,50
2012-02-20,2012-02-20,7.6,29.6,24.3,72,2.572,51
2012-02-21,2012-02-21,0.0,30.2,24.3,75,4.1152,52
2012-02-22,2012-02-22,14.6,29.7,24.7,82,0,53
2012-02-23,2012-02-23,1.3,30.2,23.9,80,2.572,54
2012-02-24,2012-02-24,0.4,30.3,22.3,72,3.0864,55
2012-02-25,2012-02-25,0.0,30.7,23.1,70,4.1152,56
2012-02-26,2012-02-26,6.8,30.3,24.3,67,5.144,57
2012-02-27,2012-02-27,0.9,29.8,23.1,83,3.6008,58
2012-02-28,2012-02-28,7.6,30.1,22.7,75,0,59
2012-02-29,2012-02-29,7.0,29.8,21.8,72,0,60
2012-03-01,2012-03-01,0.0,30.2,23.2,82,7.2016,61
2012-03-02,2012-03-02,0.0,30.5,25.7,67,4.6296,62
2012-03-03,2012-03-03,13.5,31.2,25.5,72,5.6584,63
2012-03-04,2012-03-04,0.0,31.2,25.3,80,5.144,64
2012-03-05,2012-03-05,6.9,31.8,23.2,65,1.5432,65
2012-03-06,2012-03-06,10.6,28.8,22.1,86,1.0288,66
2012-03-07,2012-03-07,0.9,29.6,22.6,92,1.5432,67
2012-03-08,2012-03-08,2.3,30.8,23.3,73,2.572,68
2012-03-09,2012-03-09,0.0,30.7,25.3,71,3.6008,69
2012-03-10,2012-03-10,0.0,30.8,25.2,79,9.7736,70
2012-03-11,2012-03-11,0.0,31.3,25.1,73,4.6296,71
2012-03-12,2012-03-12,0.7,30.8,24.6,67,2.0576,72
2012-03-13,2012-03-13,7.8,30.8,25.2,69,7.2016,73
2012-03-14,2012-03-14,2.1,30.1,23.8,76,4.6296,74
2012-03-15,2012-03-15,0.6,31.3,25.8,71,7.716,75
2012-03-16,2012-03-16,8.3,30.8,24.6,74,2.0576,76
2012-03-17,2012-03-17,35.2,31.1,24.2,78,1.5432,77
2012-03-18,2012-03-18,0.0,32.8,23.7,79,3.0864,78
2012-03-19,2012-03-19,0.1,30.8,25,82,4.1152,79
2012-03-20,2012-03-20,26.0,30.8,24.6,76,3.6008,80
2012-03-21,2012-03-21,6.2,31.1,23.8,79,1.0288,81
2012-03-22,2012-03-22,1.2,30.9,23.6,74,6.6872,82
2012-03-23,2012-03-23,0.0,30.7,24,66,3.6008,83
2012-03-24,2012-03-24,4.3,30.1,24.5,74,5.6584,84
2012-03-25,2012-03-25,1.3,30.6,24.9,72,6.6872,85
2012-03-26,2012-03-26,13.0,29.9,24.3,80,3.6008,86
2012-03-27,2012-03-27,10.0,29.6,24.8,91,10.288,87
2012-03-28,2012-03-28,16.1,29.7,24.8,94,2.572,88
2012-03-29,2012-03-29,58.0,29.2,22.2,81,1.5432,89
2012-03-30,2012-03-30,23.1,26.3,23.2,83,1.5432,90
2012-03-31,2012-03-31,121.0,25.9,23.3,87,5.6584,91
2012-04-01,2012-04-01,24.0,27.3,23,92,7.2016,92
2012-04-02,2012-04-02,6.6,30.8,22,83,1.5432,93
2012-04-03,2012-04-03,9.7,31.7,23.6,71,2.572,94
2012-04-04,2012-04-04,0.0,31.3,24.5,78,4.1152,95
2012-04-05,2012-04-05,27.1,32.8,24.2,73,4.1152,96
2012-04-06,2012-04-06,3.1,30.9,24,84,1.0288,97
2012-04-07,2012-04-07,0.0,31.7,24.1,81,3.0864,98
2012-04-08,2012-04-08,2.5,31.1,25.1,78,2.572,99
2012-04-09,2012-04-09,3.2,31.3,24.6,86,4.6296,100
2012-04-10,2012-04-10,20.9,31.3,25.2,80,3.0864,101
2012-04-11,2012-04-11,23.1,31.3,23.6,61,1.5432,102
2012-04-12,2012-04-12,0.0,31.6,23.6,75,1.5432,103
2012-04-13,2012-04-13,0.0,30.5,24.2,74,1.5432,104
2012-04-14,2012-04-14,11.9,31.1,24.1,75,3.6008,105
2012-04-15,2012-04-15,26.7,29.2,23.2,80,1.5432,106
2012-04-16,2012-04-16,0.0,29.2,21.8,70,1.0288,107
2012-04-17,2012-04-17,1.4,29,23.1,80,1.0288,108
2012-04-18,2012-04-18,58.0,30.1,23.5,75,3.6008,109
2012-04-19,2012-04-19,4.9,29,23.1,82,5.6584,110
2012-04-20,2012-04-20,123.0,29,23.3,75,5.144,111
2012-04-21,2012-04-21,53.2,24.8,22.5,90,4.1152,112
2012-04-22,2012-04-22,20.0,26.7,22.2,86,6.1728,113
2012-04-23,2012-04-23,18.5,28.7,22.8,88,9.2592,114
2012-04-24,2012-04-24,0.5,28.8,22.8,80,0,115
2012-04-25,2012-04-25,0.0,29.3,21.8,83,1.0288,116
2012-04-26,2012-04-26,0.2,29,22.7,77,3.0864,117
2012-04-27,2012-04-27,0.2,29.3,24.3,89,3.6008,118
2012-04-28,2012-04-28,0.0,29.2,24.2,71,4.6296,119
2012-04-29,2012-04-29,0.0,29.3,23.7,75,5.144,120
2012-04-30,2012-04-30,4.5,29.5,24,73,3.6008,121
2012-05-01,2012-05-01,0.0,30.2,24.2,79,4.1152,122
2012-05-02,2012-05-02,12.8,28.9,23.9,76,6.1728,123
2012-05-03,2012-05-03,0.0,29.3,23.5,85,8.7448,124
2012-05-04,2012-05-04,3.3,28.8,25.3,77,9.2592,125
2012-05-05,2012-05-05,0.1,28.6,24.2,84,10.288,126
2012-05-06,2012-05-06,4.4,28.4,25,82,10.8024,127
2012-05-07,2012-05-07,0.0,28.9,23.5,74,7.2016,128
2012-05-08,2012-05-08,0.2,28.6,25.4,78,5.144,129
2012-05-09,2012-05-09,0.1,28,24,86,1.5432,130
2012-05-10,2012-05-10,0.0,31.2,25.7,84,4.1152,131
2012-05-11,2012-05-11,0.0,27.7,23.5,84,7.716,132
2012-05-12,2012-05-12,6.4,27.8,23.5,78,7.716,133
2012-05-13,2012-05-13,83.5,27.8,23.8,92,4.1152,134
2012-05-14,2012-05-14,5.8,29.8,21.8,86,1.5432,135
2012-05-15,2012-05-15,0.0,30.6,23.6,86,1.5432,136
2012-05-16,2012-05-16,0.0,31.3,24.3,83,1.5432,137
2012-05-17,2012-05-17,0.0,27.2,25,73,10.288,138
2012-05-18,2012-05-18,0.2,27.9,23.1,76,6.1728,139
2012-05-19,2012-05-19,54.0,26.5,23,80,11.3168,140
2012-05-20,2012-05-20,7.5,25.3,21.8,95,10.288,141
2012-05-21,2012-05-21,3.1,27.8,22.2,81,10.288,142
2012-05-22,2012-05-22,0.0,26.4,23.4,81,9.2592,143
2012-05-23,2012-05-23,0.0,26.3,23.2,64,11.3168,144
2012-05-24,2012-05-24,0.7,26.6,22.9,61,10.288,145
2012-05-25,2012-05-25,4.5,25.2,21.2,82,7.716,146
2012-05-26,2012-05-26,0.0,26.3,21.2,78,10.288,147
2012-05-27,2012-05-27,0.0,26.9,22.1,66,10.288,148
2012-05-28,2012-05-28,0.0,26.8,23,68,9.2592,149
2012-05-29,2012-05-29,0.9,27.3,21,69,3.6008,150
2012-05-30,2012-05-30,1.4,26.6,21.2,91,3.6008,151
2012-05-31,2012-05-31,0.8,24.7,21,83,7.716,152
2012-06-01,2012-06-01,0.0,25.7,21.3,58,8.2304,153
2012-06-02,2012-06-02,0.2,26.3,21.6,61,4.6296,154
2012-06-03,2012-06-03,1.4,27.3,22.1,78,5.144,155
2012-06-04,2012-06-04,0.0,28.4,23.3,67,5.144,156
2012-06-05,2012-06-05,0.4,27.9,22.8,68,4.1152,157
2012-06-06,2012-06-06,0.9,28.1,22.7,75,7.716,158
2012-06-07,2012-06-07,4.2,28.1,24.1,88,2.572,159
2012-06-08,2012-06-08,5.5,29.6,23.2,89,3.0864,160
2012-06-09,2012-06-09,0.9,28.6,22.9,85,1.5432,161
2012-06-10,2012-06-10,4.3,26.9,24.1,88,7.2016,162
2012-06-11,2012-06-11,3.0,26.7,22.8,88,4.1152,163
2012-06-12,2012-06-12,1.8,27.8,23,84,6.1728,164
2012-06-13,2012-06-13,24.7,27.6,22.6,91,0,165
2012-06-14,2012-06-14,18.5,31.1,23,82,5.144,166
2012-06-15,2012-06-15,0.0,25.6,23.8,91,3.0864,167
2012-06-16,2012-06-16,0.0,26.7,22.9,79,7.2016,168
2012-06-17,2012-06-17,9.4,25.6,22.6,72,6.6872,169
2012-06-18,2012-06-18,0.1,26.8,21.3,80,7.716,170
2012-06-19,2012-06-19,0.0,28.3,23,74,7.2016,171
2012-06-20,2012-06-20,0.2,28.9,23.8,75,2.0576,172
2012-06-21,2012-06-21,9.6,26.4,24,87,2.572,173
2012-06-22,2012-06-22,0.0,26.7,22.3,67,11.8312,174
2012-06-23,2012-06-23,0.0,26.8,22.8,69,10.288,175
2012-06-24,2012-06-24,0.0,27.1,23.8,69,7.716,176
2012-06-25,2012-06-25,0.0,26.7,22.9,60,8.2304,177
2012-06-26,2012-06-26,0.0,27.3,22.3,68,4.1152,178
2012-06-27,2012-06-27,0.0,26.8,22.7,63,6.1728,179
2012-06-28,2012-06-28,2.0,27.6,22.8,69,6.1728,180
2012-06-29,2012-06-29,0.0,27.1,21.3,75,5.6584,181
2012-06-30,2012-06-30,12.3,28.1,22.7,83,2.0576,182
2012-07-01,2012-07-01,0.0,27.7,22.5,81,4.6296,183
2012-07-02,2012-07-02,0.0,27.4,20.3,82,1.5432,184
2012-07-03,2012-07-03,0.0,29.2,20.8,83,3.6008,185
2012-07-04,2012-07-04,1.5,27.6,23.2,79,4.1152,186
2012-07-05,2012-07-05,2.1,27.2,22,79,3.6008,187
2012-07-06,2012-07-06,0.1,27.3,22,75,4.1152,188
2012-07-07,2012-07-07,0.1,26.9,22.8,79,7.716,189
2012-07-08,2012-07-08,0.0,27.1,23,66,9.7736,190
2012-07-09,2012-07-09,0.0,27.6,22.8,68,9.7736,191
2012-07-10,2012-07-10,0.0,27.2,22.1,64,8.2304,192
2012-07-11,2012-07-11,1.4,25.7,23.2,66,7.716,193
2012-07-12,2012-07-12,0.8,26.9,21.7,79,7.716,194
2012-07-13,2012-07-13,0.0,26.6,21.8,78,9.2592,195
2012-07-14,2012-07-14,0.1,26,21,65,7.716,196
2012-07-15,2012-07-15,0.3,26.1,21.4,56,9.7736,197
2012-07-16,2012-07-16,0.2,24.3,18.9,70,3.0864,198
2012-07-17,2012-07-17,9.2,26.2,21,57,3.6008,199
2012-07-18,2012-07-18,0.0,25.4,20,80,9.2592,200
2012-07-19,2012-07-19,0.0,26.7,21.8,73,7.2016,201
2012-07-20,2012-07-20,4.7,27.8,23,67,4.6296,202
2012-07-21,2012-07-21,0.7,27.1,23,88,4.6296,203
2012-07-22,2012-07-22,0.0,28.2,23.7,88,2.0576,204
2012-07-23,2012-07-23,7.8,30.1,21.8,81,1.0288,205
2012-07-24,2012-07-24,3.1,27.7,21.8,85,6.1728,206
2012-07-25,2012-07-25,13.1,26,22.1,84,13.3744,207
2012-07-26,2012-07-26,3.4,28.3,20.9,75,3.6008,208
2012-07-27,2012-07-27,1.5,26.2,21.9,91,3.0864,209
2012-07-28,2012-07-28,0.0,27.1,22.2,88,6.1728,210
2012-07-29,2012-07-29,0.0,28.8,21.8,83,0,211
2012-07-30,2012-07-30,0.0,28.3,20.7,80,1.5432,212
2012-07-31,2012-07-31,2.0,26.4,22.6,77,4.1152,213
2012-08-01,2012-08-01,0.0,26.9,23,75,5.144,214
2012-08-02,2012-08-02,0.0,26.7,21.7,76,4.6296,215
2012-08-03,2012-08-03,57.4,28.9,22.3,76,2.0576,216
2012-08-04,2012-08-04,0.0,27.8,21.1,91,0,217
2012-08-05,2012-08-05,4.4,25.7,22.9,89,5.144,218
2012-08-06,2012-08-06,2.9,25.2,21.4,60,10.288,219
2012-08-07,2012-08-07,6.9,27.8,21.7,83,8.2304,220
2012-08-08,2012-08-08,6.0,25.9,22.4,89,8.7448,221
2012-08-09,2012-08-09,0.0,27.5,20.3,89,3.0864,222
2012-08-10,2012-08-10,0.6,27.1,22,88,2.572,223
2012-08-11,2012-08-11,1.0,29.7,23.1,79,2.572,224
2012-08-12,2012-08-12,4.3,29.8,21.9,84,1.5432,225
2012-08-13,2012-08-13,0.0,29.1,21.9,86,6.1728,226
2012-08-14,2012-08-14,0.0,28.6,23.4,75,5.6584,227
2012-08-15,2012-08-15,1.1,28.6,22.1,73,3.6008,228
2012-08-16,2012-08-16,6.8,27.1,22.3,90,4.42384,229
2012-08-17,2012-08-17,0.0,26.8,21.9,73,8.7448,230
2012-08-18,2012-08-18,1.1,27.6,21.5,74,6.6872,231
2012-08-19,2012-08-19,8.2,27.8,22.3,84,3.0864,232
2012-08-20,2012-08-20,3.7,25.9,22.1,92,6.1728,233
2012-08-21,2012-08-21,0.0,27.1,21.3,70,3.6008,234
2012-08-22,2012-08-22,0.1,27.5,22.3,65,9.2592,235
2012-08-23,2012-08-23,0.0,27.1,21.8,69,4.6296,236
2012-08-24,2012-08-24,0.0,26.8,21.7,75,7.716,237
2012-08-25,2012-08-25,0.0,26.5,22.5,57,5.6584,238
2012-08-26,2012-08-26,0.0,26.3,21.8,57,5.6584,239
2012-08-27,2012-08-27,11.0,28.2,21.3,70,9.2592,240
2012-08-28,2012-08-28,4.2,27.2,21.8,77,7.716,241
2012-08-29,2012-08-29,0.0,28.1,22.6,81,7.2016,242
2012-08-30,2012-08-30,0.0,27.8,23.2,77,5.144,243
2012-08-31,2012-08-31,0.6,28.8,23,72,2.572,244
2012-09-01,2012-09-01,0.0,27.5,22.8,74,8.7448,245
2012-09-02,2012-09-02,0.0,27.7,23.1,73,6.1728,246
2012-09-03,2012-09-03,0.1,28.7,22.1,80,9.7736,247
2012-09-04,2012-09-04,9.2,28.8,23.6,77,8.2304,248
2012-09-05,2012-09-05,1.0,24.2,22.1,93,5.144,249
2012-09-06,2012-09-06,0.3,25.8,20.2,72,5.6584,250
2012-09-07,2012-09-07,0.0,26.2,19.7,73,10.288,251
2012-09-08,2012-09-08,0.0,26.8,19.1,76,5.6584,252
2012-09-09,2012-09-09,0.6,28.6,21.6,71,5.6584,253
2012-09-10,2012-09-10,4.2,29.2,23.5,85,5.144,254
2012-09-11,2012-09-11,0.0,28.2,24.8,80,4.1152,255
2012-09-12,2012-09-12,0.1,29.1,24,83,4.1152,256
2012-09-13,2012-09-13,15.1,29.8,21.2,79,4.1152,257
2012-09-14,2012-09-14,0.7,27.5,22.1,73,11.3168,258
2012-09-15,2012-09-15,0.0,27.1,21.2,69,7.2016,259
2012-09-16,2012-09-16,0.0,28.6,22.5,70,10.288,260
2012-09-17,2012-09-17,3.3,27.8,23.5,89,7.716,261
2012-09-18,2012-09-18,0.0,29.6,24.1,96,4.6296,262
2012-09-19,2012-09-19,0.0,30.1,24.5,87,6.1728,263
2012-09-20,2012-09-20,0.0,30.7,23.5,76,5.144,264
2012-09-21,2012-09-21,0.0,30.7,22.3,74,4.6296,265
2012-09-22,2012-09-22,59.3,28.8,23.3,82,2.572,266
2012-09-23,2012-09-23,0.0,29.2,20.6,90,4.1152,267
2012-09-24,2012-09-24,0.1,28.2,21.6,78,1.0288,268
2012-09-25,2012-09-25,15.8,29.4,22.8,70,3.0864,269
2012-09-26,2012-09-26,14.5,29.1,22,99,6.6872,270
2012-09-27,2012-09-27,11.8,28.6,22.1,82,1.0288,271
2012-09-28,2012-09-28,18.3,27.7,22.8,80,2.572,272
2012-09-29,2012-09-29,5.0,26.8,20.8,85,1.5432,273
2012-09-30,2012-09-30,0.8,28.8,21.8,76,4.1152,274
2012-10-01,2012-10-01,0.0,27.3,22.7,81,7.716,275
2012-10-02,2012-10-02,0.0,26.7,20.6,68,5.6584,276
2012-10-03,2012-10-03,0.0,27.4,21.2,64,5.144,277
2012-10-04,2012-10-04,21.9,27.9,22.5,71,4.6296,278
2012-10-05,2012-10-05,26.0,24.1,21.4,85,4.1152,279
2012-10-06,2012-10-06,1.0,25.7,19.2,82,9.2592,280
2012-10-07,2012-10-07,3.0,27.8,21.8,82,6.6872,281
2012-10-08,2012-10-08,0.3,28.3,23.5,82,10.8024,282
2012-10-09,2012-10-09,0.2,30,24.4,78,1.5432,283
2012-10-10,2012-10-10,0.0,30.2,24.6,71,4.1152,284
2012-10-11,2012-10-11,2.5,29.2,25.1,79,6.6872,285
2012-10-12,2012-10-12,2.0,28.7,24.5,84,9.2592,286
2012-10-13,2012-10-13,1.1,28.4,23.1,75,7.716,287
2012-10-14,2012-10-14,1.5,29.2,23.5,73,15.432,288
2012-10-15,2012-10-15,26.8,28.7,23.7,79,9.7736,289
2012-10-16,2012-10-16,9.4,28.7,24,81,4.1152,290
2012-10-17,2012-10-17,0.0,30.1,24.1,76,0,291
2012-10-18,2012-10-18,0.1,30.2,23.4,67,4.6296,292
2012-10-19,2012-10-19,0.6,29.2,24.2,75,4.1152,293
2012-10-20,2012-10-20,4.0,29.8,24.2,78,4.1152,294
2012-10-21,2012-10-21,0.4,29.1,23.3,81,5.6584,295
2012-10-22,2012-10-22,2.1,29.8,24.2,78,7.2016,296
2012-10-23,2012-10-23,1.7,29.9,24.9,85,3.6008,297
2012-10-24,2012-10-24,74.8,31.9,24.4,71,0,298
2012-10-25,2012-10-25,0.0,33.5,22.8,73,1.0288,299
2012-10-26,2012-10-26,4.7,32.2,24.5,71,4.6296,300
2012-10-27,2012-10-27,0.0,30.5,24,83,8.2304,301
2012-10-28,2012-10-28,0.0,30.1,23.4,75,5.6584,302
2012-10-29,2012-10-29,0.0,31.1,24.3,74,1.5432,303
2012-10-30,2012-10-30,0.0,28.4,23.3,77,7.2016,304
2012-10-31,2012-10-31,0.0,29.8,23.5,65,5.144,305
2012-11-01,2012-11-01,0.0,28.6,23.4,78,5.144,306
2012-11-02,2012-11-02,0.0,29.2,23.6,70,6.6872,307
2012-11-03,2012-11-03,0.0,28.8,23.3,75,4.1152,308
2012-11-04,2012-11-04,0.0,29.8,24,78,2.572,309
2012-11-05,2012-11-05,0.0,29.8,25.2,71,8.2304,310
2012-11-06,2012-11-06,25.0,29.9,24.8,73,6.6872,311
2012-11-07,2012-11-07,21.3,30.1,22.3,84,0,312
2012-11-08,2012-11-08,0.0,28.4,19.1,62,1.5432,313
2012-11-09,2012-11-09,0.2,26.8,21.4,67,5.6584,314
2012-11-10,2012-11-10,0.2,25.6,22.2,78,10.8024,315
2012-11-11,2012-11-11,0.0,28.1,21.9,73,10.288,316
2012-11-12,2012-11-12,0.0,28.8,23.6,71,4.1152,317
2012-11-13,2012-11-13,6.7,29.8,23.9,83,8.2304,318
2012-11-14,2012-11-14,1.4,27.8,23.6,84,7.2016,319
2012-11-15,2012-11-15,0.4,28.6,22.8,75,9.7736,320
2012-11-16,2012-11-16,12.0,28.3,23.6,78,13.3744,321
2012-11-17,2012-11-17,3.2,28.1,23.6,88,9.2592,322
2012-11-18,2012-11-18,11.6,30.8,23,85,8.7448,323
2012-11-19,2012-11-19,0.7,30.7,23.1,82,10.8024,324
2012-11-20,2012-11-20,6.8,32.1,25.6,68,0,325
2012-11-21,2012-11-21,43.2,31.2,24.1,80,4.6296,326
2012-11-22,2012-11-22,7.9,29.8,23.8,80,4.1152,327
2012-11-23,2012-11-23,21.2,30.8,23.8,84,6.6872,328
2012-11-24,2012-11-24,0.7,31.8,23.6,80,4.6296,329
2012-11-25,2012-11-25,0.0,29.8,24.5,84,4.42384,330
2012-11-26,2012-11-26,0.0,29.4,24.6,77,4.6296,331
2012-11-27,2012-11-27,3.7,28.8,23.6,86,7.716,332
2012-11-28,2012-11-28,0.4,29,23.7,76,7.2016,333
2012-11-29,2012-11-29,25.6,30.1,23.8,71,6.6872,334
2012-11-30,2012-11-30,44.0,28.7,24.2,85,4.6296,335
2012-12-01,2012-12-01,1.2,30.7,24.1,78,5.6584,336
2012-12-02,2012-12-02,8.5,29.3,24.6,86,5.144,337
2012-12-03,2012-12-03,13.4,29.4,24.6,85,7.716,338
2012-12-04,2012-12-04,25.0,30.3,24,91,4.1152,339
2012-12-05,2012-12-05,41.8,31.1,23.5,74,3.6008,340
2012-12-06,2012-12-06,9.1,31.3,24.8,78,5.6584,341
2012-12-07,2012-12-07,0.0,30.4,25,84,4.1152,342
2012-12-08,2012-12-08,1.5,29.3,23.8,75,5.144,343
2012-12-09,2012-12-09,0.0,30.1,24.4,82,6.1728,344
2012-12-10,2012-12-10,23.0,30.2,24.3,80,2.572,345
2012-12-11,2012-12-11,14.8,28.6,23.2,83,5.144,346
2012-12-12,2012-12-12,4.0,29.2,23.8,73,11.3168,347
2012-12-13,2012-12-13,0.0,29.9,22.9,94,5.144,348
2012-12-14,2012-12-14,0.0,29.7,23.6,63,7.2016,349
2012-12-15,2012-12-15,0.8,29.7,24.3,78,5.6584,350
2012-12-16,2012-12-16,87.3,28.5,25.3,88,15.432,351
2012-12-17,2012-12-17,73.0,30.7,24.1,85,10.288,352
2012-12-18,2012-12-18,1.6,33.2,23.9,77,11.8312,353
2012-12-19,2012-12-19,0.0,31.7,25.1,81,6.6872,354
2012-12-20,2012-12-20,0.0,31.3,25.1,67,5.144,355
2012-12-21,2012-12-21,0.0,30.3,22.4,74,0,356
2012-12-22,2012-12-22,0.1,29,24.5,86,3.6008,357
2012-12-23,2012-12-23,5.8,29.3,24.6,80,7.2016,358
2012-12-24,2012-12-24,28.0,29.2,24.6,83,5.144,359
2012-12-25,2012-12-25,0.5,31.3,24.5,79,3.6008,360
2012-12-26,2012-12-26,0.0,30.8,26,76,7.716,361
2012-12-27,2012-12-27,0.9,31.1,26,79,10.8024,362
2012-12-28,2012-12-28,5.4,29,25.1,78,7.716,363
2012-12-29,2012-12-29,0.7,30.6,24.4,84,5.144,364
2012-12-30,2012-12-30,36.0,30.7,25.6,77,3.6008,365
2012-12-31,2012-12-31,17.1,31.1,23.3,72,5.6584,366
2013-01-01,2013-01-01,0.0,30.7,24.1,76,9.2592,1
2013-01-02,2013-01-02,0.0,30.8,25.2,70,5.144,2
2013-01-03,2013-01-03,29.0,31.4,24.8,70,1.5432,3
2013-01-04,2013-01-04,6.4,32.2,24.2,76,3.0864,4
2013-01-05,2013-01-05,20.0,30.5,25,78,1.0288,5
2013-01-06,2013-01-06,54.6,29.8,23.4,75,1.0288,6
2013-01-07,2013-01-07,6.0,31.2,23.9,79,3.0864,7
2013-01-08,2013-01-08,11.2,28.4,24,86,1.0288,8
2013-01-09,2013-01-09,0.0,30.2,24.6,73,5.6584,9
2013-01-10,2013-01-10,4.9,31.2,25,72,3.6008,10
2013-01-11,2013-01-11,21.0,31.7,25.5,76,3.6008,11
2013-01-12,2013-01-12,1.3,30.8,24.6,84,7.2016,12
2013-01-13,2013-01-13,0.0,31.6,25.3,84,3.0864,13
2013-01-14,2013-01-14,9.1,33.2,26,83,1.0288,14
2013-01-15,2013-01-15,9.5,31.5,25.2,93,1.0288,15
2013-01-16,2013-01-16,0.0,30.8,24.8,86,5.144,16
2013-01-17,2013-01-17,0.0,31.1,25.8,71,3.6008,17
2013-01-18,2013-01-18,0.0,31.2,24.9,73,3.6008,18
2013-01-19,2013-01-19,0.0,32.4,25.2,59,4.1152,19
2013-01-20,2013-01-20,22.3,31.2,25.6,71,5.144,20
2013-01-21,2013-01-21,0.0,30.1,23.2,93,1.0288,21
2013-01-22,2013-01-22,0.2,31.1,24.6,63,3.6008,22
2013-01-23,2013-01-23,0.8,31.2,25.5,70,5.6584,23
2013-01-24,2013-01-24,0.0,30.8,24.4,67,6.6872,24
2013-01-25,2013-01-25,0.0,30.3,25.8,65,6.6872,25
2013-01-26,2013-01-26,0.2,32.1,24.3,81,3.0864,26
2013-01-27,2013-01-27,8.7,30.3,24.8,76,0,27
2013-01-28,2013-01-28,0.4,31.3,24.3,76,2.572,28
2013-01-29,2013-01-29,0.0,31.7,25.2,73,1.5432,29
2013-01-30,2013-01-30,0.0,33.1,25.5,69,10.8024,30
2013-01-31,2013-01-31,18.6,32.1,25.2,64,6.1728,31
2013-02-01,2013-02-01,28.6,31.9,23.2,78,0,32
2013-02-02,2013-02-02,15.0,32.1,23.8,76,4.6296,33
2013-02-03,2013-02-03,16.0,32.2,24.2,92,1.0288,34
2013-02-04,2013-02-04,13.0,32.8,25.1,74,1.0288,35
2013-02-05,2013-02-05,31.4,31.7,24,92,1.0288,36
2013-02-06,2013-02-06,9.7,31.3,23.8,76,3.0864,37
2013-02-07,2013-02-07,0.2,31,23.2,71,1.0288,38
2013-02-08,2013-02-08,0.0,31.1,24.3,86,2.572,39
2013-02-09,2013-02-09,0.0,32.3,24,69,1.0288,40
2013-02-10,2013-02-10,1.0,32.6,25.2,70,1.0288,41
2013-02-11,2013-02-11,0.0,32.4,24.2,68,1.0288,42
2013-02-12,2013-02-12,0.0,32.6,25,69,1.0288,43
2013-02-13,2013-02-13,0.0,32.5,23.1,75,3.0864,44
2013-02-14,2013-02-14,3.5,31.8,25.5,75,3.6008,45
2013-02-15,2013-02-15,1.4,31.1,24.5,77,2.0576,46
2013-02-16,2013-02-16,1.6,31.6,23.4,77,4.1152,47
2013-02-17,2013-02-17,0.6,32.8,25,76,6.1728,48
2013-02-18,2013-02-18,10.4,31.6,24.5,80,3.6008,49
2013-02-19,2013-02-19,2.6,30.6,23.2,79,1.0288,50
2013-02-20,2013-02-20,22.0,28.8,22.5,84,0,51
2013-02-21,2013-02-21,6.1,32.8,23,76,0,52
2013-02-22,2013-02-22,10.0,31.3,23.9,80,1.0288,53
2013-02-23,2013-02-23,4.6,29.9,24.3,86,1.5432,54
2013-02-24,2013-02-24,86.0,31.7,24.1,71,2.572,55
2013-02-25,2013-02-25,17.7,30.6,23.5,86,6.6872,56
2013-02-26,2013-02-26,0.0,31.1,24,76,4.6296,57
2013-02-27,2013-02-27,15.0,31.5,24.6,76,2.0576,58
2013-02-28,2013-02-28,8.0,29.8,23.2,94,4.1152,59
2013-03-01,2013-03-01,1.7,31.8,22.9,71,1.0288,60
2013-03-02,2013-03-02,20.0,31.1,25.1,78,2.0576,61
2013-03-03,2013-03-03,15.3,30.5,24.4,94,0,62
2013-03-04,2013-03-04,34.0,28.2,23.8,94,0,63
2013-03-05,2013-03-05,95.4,27.7,23.7,96,2.0576,64
2013-03-06,2013-03-06,87.0,28.4,23.6,91,2.572,65
2013-03-07,2013-03-07,62.7,28,24,96,3.6008,66
2013-03-08,2013-03-08,0.0,30.1,24.1,80,7.716,67
2013-03-09,2013-03-09,0.0,30,23.7,78,4.6296,68
2013-03-10,2013-03-10,15.6,30.7,25.4,67,6.6872,69
2013-03-11,2013-03-11,9.0,31.1,23.7,80,2.0576,70
2013-03-12,2013-03-12,7.2,32.2,24.6,76,1.0288,71
2013-03-13,2013-03-13,0.3,32.8,24.2,76,1.0288,72
2013-03-14,2013-03-14,1.3,32.8,26,73,1.5432,73
2013-03-15,2013-03-15,0.0,33,24.8,77,3.0864,74
2013-03-16,2013-03-16,41.0,32.9,24,74,3.6008,75
2013-03-17,2013-03-17,1.3,31.1,23.1,91,3.0864,76
2013-03-18,2013-03-18,0.5,30.6,24.1,95,3.0864,77
2013-03-19,2013-03-19,1.7,31.2,24,82,2.572,78
2013-03-20,2013-03-20,0.5,31.1,24.6,80,2.572,79
2013-03-21,2013-03-21,3.5,31.3,23.8,74,3.0864,80
2013-03-22,2013-03-22,0.0,31.1,24,78,2.0576,81
2013-03-23,2013-03-23,3.2,31.8,25.2,63,2.572,82
2013-03-24,2013-03-24,62.0,31.7,24.3,79,1.5432,83
2013-03-25,2013-03-25,0.9,30.8,23.5,78,2.0576,84
2013-03-26,2013-03-26,45.0,30.3,25.3,75,2.572,85
2013-03-27,2013-03-27,18.3,29.1,22.5,100,7.716,86
2013-03-28,2013-03-28,0.2,31.2,22.3,75,1.5432,87
2013-03-29,2013-03-29,18.7,27.8,24.1,86,0,88
2013-03-30,2013-03-30,14.0,29.4,23.6,98,1.5432,89
2013-03-31,2013-03-31,0.2,31.6,23.9,73,1.5432,90
2013-04-01,2013-04-01,0.9,29.8,24.2,90,3.0864,91
2013-04-02,2013-04-02,0.0,30.1,24.6,77,3.0864,92
2013-04-03,2013-04-03,0.0,30.6,24.4,72,4.6296,93
2013-04-04,2013-04-04,0.0,30.3,24.8,74,4.1152,94
2013-04-05,2013-04-05,10.2,30.7,25.8,79,7.716,95
2013-04-06,2013-04-06,6.0,30.1,24.9,93,3.0864,96
2013-04-07,2013-04-07,2.8,29.8,25,81,6.1728,97
2013-04-08,2013-04-08,2.8,30.1,25.1,70,6.1728,98
2013-04-09,2013-04-09,22.0,31.7,24.1,75,7.2016,99
2013-04-10,2013-04-10,1.2,30.7,24.4,81,1.5432,100
2013-04-11,2013-04-11,0.0,30.8,25.3,79,6.1728,101
2013-04-12,2013-04-12,0.0,30.7,24.9,81,5.144,102
2013-04-13,2013-04-13,6.4,31.1,25.3,76,3.6008,103
2013-04-14,2013-04-14,29.7,30.1,24.3,78,4.1152,104
2013-04-15,2013-04-15,0.4,30.5,24.2,78,2.0576,105
2013-04-16,2013-04-16,0.0,30.8,25.1,71,0,106
2013-04-17,2013-04-17,3.6,30.4,24.6,76,4.1152,107
2013-04-18,2013-04-18,0.0,30.5,24.7,72,6.1728,108
2013-04-19,2013-04-19,0.3,29.3,25.2,77,6.1728,109
2013-04-20,2013-04-20,9.3,30.1,25.2,83,7.716,110
2013-04-21,2013-04-21,0.0,30.9,25.2,81,7.716,111
2013-04-22,2013-04-22,0.0,29.7,25.9,74,4.1152,112
2013-04-23,2013-04-23,0.1,31.2,24.6,77,3.6008,113
2013-04-24,2013-04-24,0.3,31.1,24.8,85,5.144,114
2013-04-25,2013-04-25,29.0,30.2,25.1,83,3.6008,115
2013-04-26,2013-04-26,40.6,29,24.2,87,4.6296,116
2013-04-27,2013-04-27,22.0,28.2,22.9,97,4.1152,117
2013-04-28,2013-04-28,0.0,30.3,22.5,78,1.5432,118
2013-04-29,2013-04-29,2.7,29.3,24.1,77,1.0288,119
2013-04-30,2013-04-30,18.1,32.3,23.8,84,5.144,120
2013-05-01,2013-05-01,0.0,31.7,24.3,78,1.0288,121
2013-05-02,2013-05-02,0.0,30.2,21.8,63,1.0288,122
2013-05-03,2013-05-03,0.0,28.1,18.8,67,8.2304,123
2013-05-04,2013-05-04,0.0,29,20.3,59,1.5432,124
2013-05-05,2013-05-05,0.0,28.8,19.8,69,1.0288,125
2013-05-06,2013-05-06,0.0,29.1,22.8,70,5.6584,126
2013-05-07,2013-05-07,0.1,28.1,23.5,80,5.6584,127
2013-05-08,2013-05-08,5.1,29.3,23.4,65,5.144,128
2013-05-09,2013-05-09,0.9,29.1,23,86,6.1728,129
2013-05-10,2013-05-10,10.6,28.8,25,70,3.6008,130
2013-05-11,2013-05-11,4.6,29.7,25.1,78,2.572,131
2013-05-12,2013-05-12,0.3,28.7,24.7,79,2.572,132
2013-05-13,2013-05-13,0.0,30.8,23.8,77,2.572,133
2013-05-14,2013-05-14,0.0,31.7,23.5,80,1.0288,134
2013-05-15,2013-05-15,0.0,32.2,24,76,0,135
2013-05-16,2013-05-16,0.3,29.6,25.5,81,5.6584,136
2013-05-17,2013-05-17,0.9,28.8,24.5,85,3.0864,137
2013-05-18,2013-05-18,0.0,30.3,25.4,81,5.144,138
2013-05-19,2013-05-19,0.2,30.2,25.4,79,5.6584,139
2013-05-20,2013-05-20,0.0,30.1,25.2,89,3.6008,140
2013-05-21,2013-05-21,0.1,30.1,24.5,79,3.0864,141
2013-05-22,2013-05-22,6.2,28.8,24.1,81,1.0288,142
2013-05-23,2013-05-23,3.4,31.3,22.7,88,1.0288,143
2013-05-24,2013-05-24,0.0,29.3,24.8,84,7.716,144
2013-05-25,2013-05-25,67.0,30,25.6,76,5.6584,145
2013-05-26,2013-05-26,0.0,30.3,23.6,87,0,146
2013-05-27,2013-05-27,3.9,29.6,22.9,86,1.0288,147
2013-05-28,2013-05-28,8.3,28.8,25.4,88,0,148
2013-05-29,2013-05-29,31.0,25.7,23.8,86,9.2592,149
2013-05-30,2013-05-30,25.5,25.9,22.6,87,9.2592,150
2013-05-31,2013-05-31,9.6,27,23.4,90,9.2592,151
2013-06-01,2013-06-01,7.9,30.3,23.8,91,1.0288,152
2013-06-02,2013-06-02,0.0,30.7,23.8,87,3.6008,153
2013-06-03,2013-06-03,0.0,29.6,23,77,1.0288,154
2013-06-04,2013-06-04,0.0,30.3,23.8,81,0,155
2013-06-05,2013-06-05,0.0,29.6,23.8,76,3.0864,156
2013-06-06,2013-06-06,1.2,29.3,25.7,81,6.6872,157
2013-06-07,2013-06-07,0.8,28.6,24,76,7.716,158
2013-06-08,2013-06-08,3.4,25.8,24,89,10.288,159
2013-06-09,2013-06-09,0.0,26.6,22.5,62,7.716,160
2013-06-10,2013-06-10,0.0,27.4,22.8,57,5.144,161
2013-06-11,2013-06-11,10.6,27.2,23.8,71,5.144,162
2013-06-12,2013-06-12,56.0,26.7,23,91,4.1152,163
2013-06-13,2013-06-13,44.9,25.7,23.3,93,4.1152,164
2013-06-14,2013-06-14,0.0,27.6,23,81,7.716,165
2013-06-15,2013-06-15,0.0,28.1,24,71,5.6584,166
2013-06-16,2013-06-16,0.0,28.3,24,78,4.6296,167
2013-06-17,2013-06-17,3.7,29.1,23,81,5.6584,168
2013-06-18,2013-06-18,6.1,29.3,24.2,81,1.5432,169
2013-06-19,2013-06-19,0.3,28.1,24.1,87,0,170
2013-06-20,2013-06-20,8.5,31.7,22.5,79,4.6296,171
2013-06-21,2013-06-21,0.0,28.8,23.7,86,0,172
2013-06-22,2013-06-22,0.0,28.1,24.6,85,7.2016,173
2013-06-23,2013-06-23,0.0,28.1,23.6,77,5.144,174
2013-06-24,2013-06-24,0.4,26.8,23.3,68,9.2592,175
2013-06-25,2013-06-25,0.0,27.3,22,67,7.716,176
2013-06-26,2013-06-26,0.5,27.7,23.7,86,7.2016,177
2013-06-27,2013-06-27,5.1,28.8,23.6,90,0,178
2013-06-28,2013-06-28,0.0,30.8,23.1,84,1.0288,179
2013-06-29,2013-06-29,0.0,30.6,22.7,78,0,180
2013-06-30,2013-06-30,4.5,29.8,22.3,78,1.0288,181
2013-07-01,2013-07-01,36.6,28.6,23.9,78,6.1728,182
2013-07-02,2013-07-02,2.8,27.7,22.6,89,7.716,183
2013-07-03,2013-07-03,0.0,27.7,24.4,66,10.8024,184
2013-07-04,2013-07-04,0.0,27.6,24,73,2.572,185
2013-07-05,2013-07-05,0.0,28.2,22.6,79,5.144,186
2013-07-06,2013-07-06,2.0,27.9,23,80,4.6296,187
2013-07-07,2013-07-07,0.0,28.6,23.4,81,5.144,188
2013-07-08,2013-07-08,13.2,27.6,23.8,77,5.6584,189
2013-07-09,2013-07-09,9.6,26.1,22.5,76,4.6296,190
2013-07-10,2013-07-10,6.3,26.8,22.8,73,9.2592,191
2013-07-11,2013-07-11,0.0,27.1,21.3,73,9.7736,192
2013-07-12,2013-07-12,0.0,27.3,22,70,3.6008,193
2013-07-13,2013-07-13,4.4,25.3,23.3,76,10.288,194
2013-07-14,2013-07-14,1.9,25.2,20.5,85,10.8024,195
2013-07-15,2013-07-15,0.7,24.7,20,72,9.2592,196
2013-07-16,2013-07-16,0.0,24.6,21.2,68,10.288,197
2013-07-17,2013-07-17,0.0,25.7,21.9,62,11.3168,198
2013-07-18,2013-07-18,11.1,25.6,21.7,69,9.2592,199
2013-07-19,2013-07-19,0.7,26.8,20.4,80,10.288,200
2013-07-20,2013-07-20,6.9,27.9,23.1,76,9.2592,201
2013-07-21,2013-07-21,0.0,30.6,22.8,85,1.0288,202
2013-07-22,2013-07-22,0.0,26.8,23.2,74,9.2592,203
2013-07-23,2013-07-23,0.0,25.3,21.6,59,6.1728,204
2013-07-24,2013-07-24,0.0,26.2,19.2,69,5.6584,205
2013-07-25,2013-07-25,0.1,27.7,21.1,92,7.716,206
2013-07-26,2013-07-26,0.0,27.2,22,80,7.716,207
2013-07-27,2013-07-27,4.1,27.8,22.8,67,7.2016,208
2013-07-28,2013-07-28,2.2,27.6,22.5,85,6.1728,209
2013-07-29,2013-07-29,0.0,27.2,23.6,81,9.7736,210
2013-07-30,2013-07-30,5.7,27.8,22.8,89,4.1152,211
2013-07-31,2013-07-31,0.0,30,23,75,0,212
2013-08-01,2013-08-01,7.12,,,80,0,213
2013-08-02,2013-08-02,6.126666666666667,,,78,0,214
2013-08-03,2013-08-03,5.34,,,84,1,215
2013-08-04,2013-08-04,3.776666666666667,,,75,8.2,216
2013-08-05,2013-08-05,0.6433333333333332,,,64,5.7,217
2013-08-06,2013-08-06,2.7517241379310344,,,64,6.7,218
2013-08-07,2013-08-07,8.937931034482759,,,79,8.2,219
2013-08-08,2013-08-08,6.793103448275862,,,98,11.3,220
2013-08-09,2013-08-09,6.751724137931035,,,76,5.7,221
2013-08-10,2013-08-10,3.639285714285714,,,78,3.6,222
2013-08-11,2013-08-11,2.6321428571428576,,,83,1,223
2013-08-12,2013-08-12,2.9827586206896552,,,83,8.2,224
2013-08-13,2013-08-13,1.0724137931034485,,,83,8.2,225
2013-08-14,2013-08-14,3.0966666666666667,,,81,4.6,226
2013-08-15,2013-08-15,4.923333333333334,,,79,5.7,227
2013-08-16,2013-08-16,4.653333333333332,,,,,228
2013-08-17,2013-08-17,3.73448275862069,,,,,229
2013-08-18,2013-08-18,3.9399999999999995,,,,,230
2013-08-19,2013-08-19,4.56206896551724,,,,,231
2013-08-20,2013-08-20,3.510344827586206,,,,,232
2013-08-21,2013-08-21,1.5833333333333333,,,,,233
2013-08-22,2013-08-22,3.0900000000000003,,,,,234
2013-08-23,2013-08-23,5.244827586206896,,,,,235
2013-08-24,2013-08-24,1.6266666666666667,,,,,236
2013-08-25,2013-08-25,3.1299999999999994,,,,,237
2013-08-26,2013-08-26,1.5933333333333333,,,,,238
2013-08-27,2013-08-27,2.1433333333333335,,,,,239
2013-08-28,2013-08-28,1.7833333333333337,,,,,240
2013-08-29,2013-08-29,4.21,,,,,241
2013-08-30,2013-08-30,2.596551724137931,,,,,242
2013-08-31,2013-08-31,3.099999999999999,,,,,243
2013-09-01,2013-09-01,3.6555555555555554,,,,,244
2013-09-02,2013-09-02,5.114814814814815,,,,,245
2013-09-03,2013-09-03,2.840740740740741,,,,,246
2013-09-04,2013-09-04,14.0,28.1,,,,247
2013-09-05,2013-09-05,0.0,25.1,19,88,3.6008,248
2013-09-06,2013-09-06,0.0,25.1,20,69,5.6584,249
2013-09-07,2013-09-07,0.0,24.7,21.3,66,6.1728,250
2013-09-08,2013-09-08,0.0,25.8,21.3,53,11.8312,251
2013-09-09,2013-09-09,0.0,26.3,21.9,57,4.6296,252
2013-09-10,2013-09-10,0.0,27.3,22.2,79,6.1728,253
2013-09-11,2013-09-11,0.0,27.9,23.2,73,5.6584,254
2013-09-12,2013-09-12,5.2,27.6,23,86,9.2592,255
2013-09-13,2013-09-13,3.9,29.1,24.3,83,5.144,256
2013-09-14,2013-09-14,0.4,27.6,24,86,5.6584,257
2013-09-15,2013-09-15,6.0,28.2,22.5,79,9.2592,258
2013-09-16,2013-09-16,0.0,28.1,23.7,75,6.1728,259
2013-09-17,2013-09-17,0.0,29.7,23.5,80,8.2304,260
2013-09-18,2013-09-18,1.7,27.8,23.5,81,5.144,261
2013-09-19,2013-09-19,2.1,28.1,23.5,59,7.2016,262
2013-09-20,2013-09-20,7.3,28.3,23.6,76,4.6296,263
2013-09-21,2013-09-21,1.1,30.1,23.8,81,7.716,264
2013-09-22,2013-09-22,12.6,29.4,23.5,89,2.572,265
2013-09-23,2013-09-23,0.0,31.1,23.1,74,2.572,266
2013-09-24,2013-09-24,0.0,30.8,21.7,74,0,267
2013-09-25,2013-09-25,5.7,31.1,22.9,78,4.6296,268
2013-09-26,2013-09-26,5.8,26.7,23.8,87,9.2592,269
2013-09-27,2013-09-27,0.0,26.8,22.5,75,8.2304,270
2013-09-28,2013-09-28,0.0,27.3,22.5,73,7.716,271
2013-09-29,2013-09-29,0.0,27.7,23,81,8.2304,272
2013-09-30,2013-09-30,0.0,27.3,23,80,8.2304,273
2013-10-01,2013-10-01,0.0,27.1,23.2,58,9.2592,274
2013-10-02,2013-10-02,0.0,26.8,22.7,73,10.8024,275
2013-10-03,2013-10-03,0.0,27,22.5,66,7.716,276
2013-10-04,2013-10-04,0.0,26.8,21.3,85,9.2592,277
2013-10-05,2013-10-05,0.6,29.1,21.8,80,8.2304,278
2013-10-06,2013-10-06,1.0,27.2,23.4,92,0,279
2013-10-07,2013-10-07,6.9,28.7,23.4,88,0,280
2013-10-08,2013-10-08,2.1,28.7,23.3,95,3.0864,281
2013-10-09,2013-10-09,3.8,29.8,23.8,91,2.0576,282
2013-10-10,2013-10-10,0.1,30.6,22.6,83,1.0288,283
2013-10-11,2013-10-11,0.0,26.8,21.7,76,3.6008,284
2013-10-12,2013-10-12,0.0,27.6,21,58,4.1152,285
2013-10-13,2013-10-13,0.0,27.8,22.2,63,9.7736,286
2013-10-14,2013-10-14,0.0,28.8,23.4,82,7.716,287
2013-10-15,2013-10-15,1.3,28.1,23.2,75,6.6872,288
2013-10-16,2013-10-16,6.1,30,23,81,3.6008,289
2013-10-17,2013-10-17,15.3,26.3,23.6,95,4.1152,290
2013-10-18,2013-10-18,0.0,27.3,22.1,76,9.2592,291
2013-10-19,2013-10-19,0.0,27.8,24,77,11.8312,292
2013-10-20,2013-10-20,28.0,27.7,23.1,67,7.2016,293
2013-10-21,2013-10-21,55.0,24.8,22.1,96,1.5432,294
2013-10-22,2013-10-22,1.2,26.5,20.8,83,9.2592,295
2013-10-23,2013-10-23,2.8,28.7,22.6,84,8.2304,296
2013-10-24,2013-10-24,6.7,29.1,24.1,81,7.716,297
2013-10-25,2013-10-25,2.9,28.2,23.5,87,6.6872,298
2013-10-26,2013-10-26,9.4,29.6,23.5,76,3.6008,299
2013-10-27,2013-10-27,0.0,31.2,23.3,67,1.5432,300
2013-10-28,2013-10-28,0.0,31.5,22.2,78,0,301
2013-10-29,2013-10-29,0.5,28.9,22.7,84,3.6008,302
2013-10-30,2013-10-30,53.8,28.4,23.9,88,6.1728,303
2013-10-31,2013-10-31,0.0,29.8,23,80,1.5432,304
2013-11-01,2013-11-01,4.7,30.8,24.2,70,6.1728,305
2013-11-02,2013-11-02,2.7,30.3,22.1,76,5.144,306
2013-11-03,2013-11-03,13.0,30.6,23.2,91,0,307
2013-11-04,2013-11-04,0.2,31.3,23.1,70,3.6008,308
2013-11-05,2013-11-05,34.0,31.2,24.6,73,1.5432,309
2013-11-06,2013-11-06,0.0,31.3,22.5,71,3.0864,310
2013-11-07,2013-11-07,0.0,30.7,22.4,74,3.6008,311
2013-11-08,2013-11-08,0.0,31.7,22.8,70,0,312
2013-11-09,2013-11-09,2.8,31.8,24.6,71,4.6296,313
2013-11-10,2013-11-10,3.7,29.8,23.8,79,1.5432,314
2013-11-11,2013-11-11,4.5,28.8,23.9,90,7.716,315
2013-11-12,2013-11-12,2.8,29.3,22.8,84,7.2016,316
2013-11-13,2013-11-13,11.0,28.2,23,94,4.6296,317
2013-11-14,2013-11-14,28.5,28.7,22.6,85,5.6584,318
2013-11-15,2013-11-15,64.0,29.6,22.2,87,9.2592,319
2013-11-16,2013-11-16,13.8,30.6,22.5,84,2.572,320
2013-11-17,2013-11-17,13.0,29.2,23,88,0,321
2013-11-18,2013-11-18,2.9,30.1,23,93,0,322
2013-11-19,2013-11-19,0.0,30.6,24.6,75,5.144,323
2013-11-20,2013-11-20,11.2,31.3,24.3,68,2.572,324
2013-11-21,2013-11-21,0.0,32.2,22.3,92,0,325
2013-11-22,2013-11-22,0.0,32.3,23.8,77,1.5432,326
2013-11-23,2013-11-23,2.0,31.2,23.3,74,0,327
2013-11-24,2013-11-24,0.0,30.7,24,85,7.716,328
2013-11-25,2013-11-25,0.0,31.3,24.5,69,3.0864,329
2013-11-26,2013-11-26,0.0,31.9,25.2,77,3.6008,330
2013-11-27,2013-11-27,9.0,32.3,24.5,72,0,331
2013-11-28,2013-11-28,8.8,31.2,22.3,73,0,332
2013-11-29,2013-11-29,1.0,31.8,23.8,78,3.6008,333
2013-11-30,2013-11-30,0.0,32.2,24.7,76,6.6872,334
2013-12-01,2013-12-01,10.0,31.8,26.4,75,4.1152,335
2013-12-02,2013-12-02,19.0,31.8,24.5,88,6.6872,336
2013-12-03,2013-12-03,0.0,31.1,23.8,89,0,337
2013-12-04,2013-12-04,0.0,32.2,22.8,70,2.0576,338
2013-12-05,2013-12-05,0.0,32.1,24.3,72,2.0576,339
2013-12-06,2013-12-06,0.3,31.5,24.2,65,3.6008,340
2013-12-07,2013-12-07,0.6,31.3,24.8,69,5.144,341
2013-12-08,2013-12-08,47.9,30.3,24.6,72,9.7736,342
2013-12-09,2013-12-09,91.0,31.8,23.4,79,3.0864,343
2013-12-10,2013-12-10,1.3,30.6,22.2,95,0,344
2013-12-11,2013-12-11,0.3,31.4,23.3,81,5.144,345
2013-12-12,2013-12-12,0.0,32.6,24.9,70,2.572,346
2013-12-13,2013-12-13,0.0,31.6,24.6,70,6.1728,347
2013-12-14,2013-12-14,0.0,33.6,23.8,73,4.1152,348
2013-12-15,2013-12-15,0.0,32.1,22.3,67,2.572,349
2013-12-16,2013-12-16,0.0,33.1,23.2,73,5.6584,350
2013-12-17,2013-12-17,1.5,32.3,25,71,6.1728,351
2013-12-18,2013-12-18,36.6,31.1,25.3,78,2.52056,352
2013-12-19,2013-12-19,32.0,31.8,23.7,80,2.572,353
2013-12-20,2013-12-20,34.0,30.3,23.3,90,2.572,354
2013-12-21,2013-12-21,0.0,30.8,23.6,81,8.7448,355
2013-12-22,2013-12-22,0.0,29.6,24.2,78,4.6296,356
2013-12-23,2013-12-23,0.0,30.1,22.1,74,7.716,357
2013-12-24,2013-12-24,0.0,30.6,23.3,75,4.6296,358
2013-12-25,2013-12-25,0.9,31.3,23.8,69,8.2304,359
2013-12-26,2013-12-26,1.0,30.5,24.3,70,6.1728,360
2013-12-27,2013-12-27,6.0,31.1,24.9,87,5.6584,361
2013-12-28,2013-12-28,51.6,31.1,23.8,91,5.144,362
2013-12-29,2013-12-29,0.0,32.3,23.5,70,3.0864,363
2013-12-30,2013-12-30,0.1,31.6,23.6,79,3.6008,364
2013-12-31,2013-12-31,12.9,32.3,24.7,78,4.6296,365
2014-01-01,2014-01-01,2.1,32.6,24.5,74,5.1,1
2014-01-02,2014-01-02,0.0,32.3,25.2,80,3.1,2
2014-01-03,2014-01-03,0.0,33,24,81,0,3
2014-01-04,2014-01-04,1.6,32.1,24.9,78,0,4
2014-01-05,2014-01-05,0.0,33.6,23.8,74,0,5
2014-01-06,2014-01-06,0.0,33,24.5,76,4.1,6
2014-01-07,2014-01-07,2.4,34.1,25.2,74,0,7
2014-01-08,2014-01-08,1.2,31.6,24.7,85,3.1,8
2014-01-09,2014-01-09,3.0,32.3,26.2,82,6.2,9
2014-01-10,2014-01-10,1.8,32.1,23.9,62,4.6,10
2014-01-11,2014-01-11,0.8,31.3,24.5,81,7.7,11
2014-01-12,2014-01-12,0.0,31.8,24.5,75,4.1,12
2014-01-13,2014-01-13,25.5,32.6,25,66,4.1,13
2014-01-14,2014-01-14,12.0,32.3,22.1,73,8.2,14
2014-01-15,2014-01-15,83.1,31.9,24.6,82,5.1,15
2014-01-16,2014-01-16,5.0,32.2,22.9,81,2.6,16
2014-01-17,2014-01-17,10.1,31.7,24.8,70,0,17
2014-01-18,2014-01-18,11.6,33.1,24.8,72,0,18
2014-01-19,2014-01-19,0.1,33.2,23.8,74,2.6,19
2014-01-20,2014-01-20,0.8,32.3,24.3,69,0,20
2014-01-21,2014-01-21,3.7,32.8,26,69,4.6,21
2014-01-22,2014-01-22,19.4,32.8,25.8,70,5.7,22
2014-01-23,2014-01-23,0.0,32.3,24.8,70,3.1,23
2014-01-24,2014-01-24,7.8,32.6,23.1,69,3.1,24
2014-01-25,2014-01-25,0.0,32.8,22.6,71,2.6,25
2014-01-26,2014-01-26,2.4,33.1,24.7,71,0,26
2014-01-27,2014-01-27,0.5,32.7,25.1,71,3.1,27
2014-01-28,2014-01-28,1.4,33.2,24.9,80,2.6,28
2014-01-29,2014-01-29,67.2,30.2,24.6,87,0,29
2014-01-30,2014-01-30,63.0,30.1,23.9,93,9.3,30
2014-01-31,2014-01-31,0.0,32.1,24.2,75,3.6,31
2014-02-01,2014-02-01,0.0,32.4,23,65,2.1,32
2014-02-02,2014-02-02,7.9,32.3,20.8,54,1.5,33
2014-02-03,2014-02-03,4.3,31.2,23.5,87,0,34
2014-02-04,2014-02-04,0.0,33.3,23.8,71,1.5,35
2014-02-05,2014-02-05,8.7,32.7,24.3,75,7.7,36
2014-02-06,2014-02-06,0.0,32.8,25.1,79,4.1,37
2014-02-07,2014-02-07,2.8,31.8,24.8,70,5.1,38
2014-02-08,2014-02-08,2.6,31.2,25.1,83,4.1,39
2014-02-09,2014-02-09,0.0,32.5,25.5,69,7.2,40
2014-02-10,2014-02-10,0.0,32.2,25.1,76,1,41
2014-02-11,2014-02-11,64.0,34.4,24.5,70,0,42
2014-02-12,2014-02-12,10.0,32.1,23.5,76,4.6,43
2014-02-13,2014-02-13,0.0,33.6,24.8,77,0,44
2014-02-14,2014-02-14,1.7,32.7,24.6,72,1.5,45
2014-02-15,2014-02-15,14.7,30.1,24.3,80,0,46
2014-02-16,2014-02-16,21.2,28.4,23.5,97,0,47
2014-02-17,2014-02-17,0.4,33.3,23.8,88,0,48
2014-02-18,2014-02-18,0.1,33.1,24.4,73,3.1,49
2014-02-19,2014-02-19,0.0,32.8,24.6,72,0,50
2014-02-20,2014-02-20,0.0,32.8,24.8,78,2.6,51
2014-02-21,2014-02-21,0.9,31.6,25.8,81,0,52
2014-02-22,2014-02-22,17.6,32.8,24.9,75,0,53
2014-02-23,2014-02-23,21.0,31.6,23.3,78,0,54
2014-02-24,2014-02-24,22.3,32.1,23.8,79,0,55
2014-02-25,2014-02-25,7.6,32.3,23.6,72,0,56
2014-02-26,2014-02-26,13.1,32.1,24.7,90,0,57
2014-02-27,2014-02-27,40.5,31.3,25.4,95,7.7,58
2014-02-28,2014-02-28,4.5,29.6,25.6,97,9.3,59
2014-03-01,2014-03-01,0.0,31.3,25.3,91,6.2,60
2014-03-02,2014-03-02,21.0,33.3,26.8,84,2.6,61
2014-03-03,2014-03-03,0.1,31.8,24.8,81,3.1,62
2014-03-04,2014-03-04,0.5,31.3,25.1,78,3.6,63
2014-03-05,2014-03-05,0.0,30.7,25.1,86,7.7,64
2014-03-06,2014-03-06,1.3,32.1,24.5,78,0,65
2014-03-07,2014-03-07,7.3,32.1,24.8,84,3.6,66
2014-03-08,2014-03-08,2.5,32.1,24.8,92,0,67
2014-03-09,2014-03-09,1.0,32.2,23.4,73,3.6,68
2014-03-10,2014-03-10,1.0,32.7,24.8,85,0,69
2014-03-11,2014-03-11,0.3,31.8,25.6,85,0,70
2014-03-12,2014-03-12,10.7,32.7,24,69,1.5,71
2014-03-13,2014-03-13,0.7,34.1,24.7,72,3.6,72
2014-03-14,2014-03-14,1.3,33.6,25.4,79,0,73
2014-03-15,2014-03-15,0.0,33.1,24.8,71,2.1,74
2014-03-16,2014-03-16,29.6,31.3,25.1,78,5.1,75
2014-03-17,2014-03-17,9.9,31.8,25.3,76,7.7,76
2014-03-18,2014-03-18,7.3,31.1,23.5,73,10.3,77
2014-03-19,2014-03-19,1.6,31.1,24,78,9.3,78
2014-03-20,2014-03-20,8.8,30.6,23.7,67,9.3,79
2014-03-21,2014-03-21,0.0,30.9,21.8,71,5.7,80
2014-03-22,2014-03-22,0.0,31.1,24.8,72,4.1,81
2014-03-23,2014-03-23,64.0,31.1,24.7,78,5.1,82
2014-03-24,2014-03-24,0.7,30.4,23.5,96,2.6,83
2014-03-25,2014-03-25,0.0,30.9,24.5,70,4.1,84
2014-03-26,2014-03-26,0.0,31.4,24.2,71,0,85
2014-03-27,2014-03-27,21.0,30.8,24.8,88,2.1,86
2014-03-28,2014-03-28,30.8,31.6,23.4,76,0,87
2014-03-29,2014-03-29,38.3,29,23.5,96,10.3,88
2014-03-30,2014-03-30,0.6,30.4,23,71,5.7,89
2014-03-31,2014-03-31,0.0,30.1,24.5,94,9.8,90
2014-04-01,2014-04-01,1.5,30.1,24.2,76,4.6296,91
2014-04-02,2014-04-02,0.0,28.4,22.3,77,6.1728,92
2014-04-03,2014-04-03,0.0,29.8,23.8,69,4.1152,93
2014-04-04,2014-04-04,4.9,29.8,24.8,83,2.0576,94
2014-04-05,2014-04-05,4.9,27.7,21.4,87,0,95
2014-04-06,2014-04-06,0.9,28.7,22.5,77,0,96
2014-04-07,2014-04-07,0.0,30.1,22.9,73,6.6872,97
2014-04-08,2014-04-08,0.0,31.1,23.6,69,0,98
2014-04-09,2014-04-09,39.0,32.2,23.3,71,4.6296,99
2014-04-10,2014-04-10,2.2,30.7,23.3,82,0,100
2014-04-11,2014-04-11,0.0,31.1,22.4,71,0,101
2014-04-12,2014-04-12,0.0,30.7,23.6,70,3.6,102
2014-04-13,2014-04-13,0.0,30.3,25.3,80,4.1152,103
2014-04-14,2014-04-14,0.0,30.3,25.7,73,4.6296,104
2014-04-15,2014-04-15,0.8,30.1,23.8,71,4.6296,105
2014-04-16,2014-04-16,1.6,30,23.6,69,3.6008,106
2014-04-17,2014-04-17,0.0,30.2,23.2,76,4.1152,107
2014-04-18,2014-04-18,0.0,30.1,24.4,74,4.1152,108
2014-04-19,2014-04-19,0.0,30.6,23.9,65,2.572,109
2014-04-20,2014-04-20,0.0,30.5,23.6,69,3.6008,110
2014-04-21,2014-04-21,1.5,30.2,24,72,5.144,111
2014-04-22,2014-04-22,3.5,28.8,24.1,86,3.6008,112
2014-04-23,2014-04-23,1.4,29.1,23.9,91,8.7448,113
2014-04-24,2014-04-24,16.0,29.6,23.8,76,3.6008,114
2014-04-25,2014-04-25,1.1,28.7,22.1,78,10.288,115
2014-04-26,2014-04-26,0.8,28.1,23.7,73,8.7448,116
2014-04-27,2014-04-27,0.3,28.8,24.2,79,2.6,117
2014-04-28,2014-04-28,10.5,30.9,23.6,77,2.0576,118
2014-04-29,2014-04-29,0.1,30.2,22.5,78,4.1152,119
2014-04-30,2014-04-30,20.8,30.2,23.2,80,1.5432,120
2014-05-01,2014-05-01,11.2,31.1,23.4,92,2.6,121
2014-05-02,2014-05-02,0.0,29.6,23.6,84,4.6,122
2014-05-03,2014-05-03,1.1,30.5,23.8,74,2.6,123
2014-05-04,2014-05-04,3.2,29.7,23.7,76,5.1,124
2014-05-05,2014-05-05,0.0,28.6,23,73,4.1,125
2014-05-06,2014-05-06,3.6,27.8,21.4,76,6.7,126
2014-05-07,2014-05-07,0.4,29,22,81,5.1,127
2014-05-08,2014-05-08,0.0,28.6,23,74,6.2,128
2014-05-09,2014-05-09,1.6,29.2,22.8,81,3.6,129
2014-05-10,2014-05-10,4.6,30.1,23.6,74,6.2,130
2014-05-11,2014-05-11,0.0,30.2,23.7,81,0,131
2014-05-12,2014-05-12,0.3,29.3,23.3,72,8.2,132
2014-05-13,2014-05-13,2.7,28.7,24.1,92,9.3,133
2014-05-14,2014-05-14,14.9,29.8,23.8,73,4.1,134
2014-05-15,2014-05-15,13.3,28.1,24,88,7.2,135
2014-05-16,2014-05-16,16.4,27.7,23.6,83,2.6,136
2014-05-17,2014-05-17,185.5,25.6,24.4,95,3.1,137
2014-05-18,2014-05-18,11.8,25.8,22.8,96,5.7,138
2014-05-19,2014-05-19,0.0,28.1,22.7,78,8.7,139
2014-05-20,2014-05-20,0.0,27.7,20.2,71,2.6,140
2014-05-21,2014-05-21,0.0,27.2,21.6,76,6.7,141
2014-05-22,2014-05-22,2.2,26.4,21.1,70,5.1,142
2014-05-23,2014-05-23,0.0,26.4,20.2,70,6.7,143
2014-05-24,2014-05-24,1.5,27.8,21.1,72,7.7,144
2014-05-25,2014-05-25,0.0,28.1,22.6,80,4.1,145
2014-05-26,2014-05-26,0.0,28.3,23.7,79,4.6,146
2014-05-27,2014-05-27,0.0,28.3,23.1,77,2.6,147
2014-05-28,2014-05-28,3.9344827586206903,,21.5,77,6.687772,148
2014-05-29,2014-05-29,5.1068965517241365,,,,,149
2014-05-30,2014-05-30,13.6,27.8,,,,150
2014-05-31,2014-05-31,28.2,28.1,22.3,80,7.7,151
2014-06-01,2014-06-01,11.6,26.2,22.2,95,2.6,152
2014-06-02,2014-06-02,0.2,27.6,23.9,88,10.3,153
2014-06-03,2014-06-03,12.0,26.1,23.5,87,9.8,154
2014-06-04,2014-06-04,0.2,27.6,22,92,5.1,155
2014-06-05,2014-06-05,0.0,27.8,21.3,72,7.7,156
2014-06-06,2014-06-06,0.7,27.9,22.1,67,7.2,157
2014-06-07,2014-06-07,1.2,29.1,22.7,77,2.1,158
2014-06-08,2014-06-08,26.9,27.1,24,88,9.3,159
2014-06-09,2014-06-09,0.6,27.8,23.1,83,10.8,160
2014-06-10,2014-06-10,0.0,27.9,22.5,81,4.1,161
2014-06-11,2014-06-11,0.0,29.7,21.8,76,0,162
2014-06-12,2014-06-12,0.0,28.8,22.5,78,0,163
2014-06-13,2014-06-13,1.1,29.8,21.5,84,0,164
2014-06-14,2014-06-14,0.0,27.2,22.7,89,10.3,165
2014-06-15,2014-06-15,0.0,27.8,22,74,4.1,166
2014-06-16,2014-06-16,0.0,27.6,21.8,75,2.6,167
2014-06-17,2014-06-17,0.0,28.8,22.5,79,6.7,168
2014-06-18,2014-06-18,0.0,28.9,22.4,75,2.6,169
2014-06-19,2014-06-19,0.0,28.9,22.1,86,0,170
2014-06-20,2014-06-20,2.0,25.5,22.9,82,4.1,171
2014-06-21,2014-06-21,1.8,26.3,21.2,77,5.1,172
2014-06-22,2014-06-22,0.0,27.9,22.9,78,3.6,173
2014-06-23,2014-06-23,0.0,28.1,22.3,74,5.1,174
2014-06-24,2014-06-24,0.0,29.1,23.1,82,6.7,175
2014-06-25,2014-06-25,16.1,29.3,23.2,75,3.1,176
2014-06-26,2014-06-26,4.0,28.3,22.2,91,2.6,177
2014-06-27,2014-06-27,0.0,27.7,21.7,82,2.6,178
2014-06-28,2014-06-28,0.0,27.2,21.5,69,2.6,179
2014-06-29,2014-06-29,0.0,27.3,20.7,75,9.8,180
2014-06-30,2014-06-30,0.0,27.5,21.8,80,8.2,181
2014-07-01,2014-07-01,0.0,28.5,23.6,76,2.1,182
2014-07-02,2014-07-02,0.0,28.6,21.1,78,0.5,183
2014-07-03,2014-07-03,0.0,27.4,22.5,75,1.5,184
2014-07-04,2014-07-04,0.0,26.1,22,82,1.5,185
2014-07-05,2014-07-05,0.0,26.8,18.8,80,2.1,186
2014-07-06,2014-07-06,0.0,27.1,21,79,1.5,187
2014-07-07,2014-07-07,8.5,28.1,22.3,75,2.1,188
2014-07-08,2014-07-08,0.2,29.6,22.2,86,2.1,189
2014-07-09,2014-07-09,0.0,29.4,22.1,86,0,190
2014-07-10,2014-07-10,0.0,27.1,22.1,82,2.1,191
2014-07-11,2014-07-11,0.0,26.8,21.1,74,2.1,192
2014-07-12,2014-07-12,2.0,27,18.8,63,0,193
2014-07-13,2014-07-13,0.0,26.2,20,76,1,194
2014-07-14,2014-07-14,0.0,27.7,16.5,71,0,195
2014-07-15,2014-07-15,0.0,27.2,20.4,63,0.5,196
2014-07-16,2014-07-16,0.0,26.7,18.5,59,0.5,197
2014-07-17,2014-07-17,0.0,26.1,20.1,70,1,198
2014-07-18,2014-07-18,0.0,27.1,19.8,73,0.5,199
2014-07-19,2014-07-19,14.6,28.7,20.5,77,0,200
2014-07-20,2014-07-20,0.0,29.7,21.9,90,0,201
2014-07-21,2014-07-21,1.2,28.7,22.1,74,0,202
2014-07-22,2014-07-22,5.1,26.1,19.8,85,1,203
2014-07-23,2014-07-23,7.7,23.3,20,95,3.1,204
2014-07-24,2014-07-24,0.0,24.9,18.8,68,2.1,205
2014-07-25,2014-07-25,0.0,23.8,18.2,65,2.1,206
2014-07-26,2014-07-26,0.0,24.4,17,56,3.1,207
2014-07-27,2014-07-27,6.4,24.4,18.3,67,1.5,208
2014-07-28,2014-07-28,0.0,25.8,17.8,80,2.6,209
2014-07-29,2014-07-29,2.6,25.8,20.2,73,2.1,210
2014-07-30,2014-07-30,0.4,26.7,19.6,76,2.1,211
2014-07-31,2014-07-31,0.7,26.5,19,69,3.1,212
2014-08-01,2014-08-01,2.1,26.5,21.7,85,9.3,213
2014-08-02,2014-08-02,3.5,27.1,21,73,8.2,214
2014-08-03,2014-08-03,2.6,27.1,20.7,78,5.7,215
2014-08-04,2014-08-04,0.0,26.6,19.8,69,7.2,216
2014-08-05,2014-08-05,0.0,26.7,20.6,79,7.7,217
2014-08-06,2014-08-06,0.0,25.8,21.3,80,3.6,218
2014-08-07,2014-08-07,5.5,27,20,76,3.1,219
2014-08-08,2014-08-08,8.0,24.6,21.7,96,4.6,220
2014-08-09,2014-08-09,0.0,26.3,21.6,77,9.8,221
2014-08-10,2014-08-10,2.4,26.2,21,80,8.2,222
2014-08-11,2014-08-11,7.1,25.8,21.8,91,9.8,223
2014-08-12,2014-08-12,12.3,26.1,21.6,89,9.8,224
2014-08-13,2014-08-13,0.7,27.1,22.3,81,3.6,225
2014-08-14,2014-08-14,0.2,28.3,22.2,81,7.2,226
2014-08-15,2014-08-15,0.0,25.8,21.1,92,10.3,227
2014-08-16,2014-08-16,0.0,25.8,20.2,78,6.7,228
2014-08-17,2014-08-17,0.0,25.8,18.8,72,6.2,229
2014-08-18,2014-08-18,0.2,26.8,20.6,76,2.6,230
2014-08-19,2014-08-19,0.0,26.8,20.8,74,9.8,231
2014-08-20,2014-08-20,0.0,28.4,22.4,81,2.1,232
2014-08-21,2014-08-21,0.0,28.1,22.3,83,3.6,233
2014-08-22,2014-08-22,0.0,27.2,21.5,75,8.2,234
2014-08-23,2014-08-23,0.2,26.2,20.3,75,10.3,235
2014-08-24,2014-08-24,0.2,25.1,20.4,74,8.2,236
2014-08-25,2014-08-25,0.0,26.1,19,73,7.7,237
2014-08-26,2014-08-26,0.0,26.1,19,61,9.3,238
2014-08-27,2014-08-27,0.0,26.7,19.5,62,9.3,239
2014-08-28,2014-08-28,0.0,27,19.8,69,4.1,240
2014-08-29,2014-08-29,4.3,27.1,21.5,68,2.6,241
2014-08-30,2014-08-30,0.4,27.1,20.8,76,8.7,242
2014-08-31,2014-08-31,0.3,28.3,21.6,71,2.6,243
2014-09-01,2014-09-01,3.6555555555555554,,,75,2.6,244
2014-09-02,2014-09-02,5.114814814814815,,,,,245
2014-09-03,2014-09-03,2.840740740740741,,,70,3.1,246
2014-09-04,2014-09-04,3.0,,,70,4.6,247
2014-09-05,2014-09-05,1.3620689655172413,,,76,4.1,248
2014-09-06,2014-09-06,1.9172413793103447,,,72,5.7,249
2014-09-07,2014-09-07,0.7517241379310345,,,77,0,250
2014-09-08,2014-09-08,3.6551724137931036,,,89,9.8,251
2014-09-09,2014-09-09,1.5551724137931038,,,73,4.1,252
2014-09-10,2014-09-10,1.9620689655172416,,,78,4.1,253
2014-09-11,2014-09-11,3.7896551724137937,,,71,4.1,254
2014-09-12,2014-09-12,7.031034482758618,,,79,7.7,255
2014-09-13,2014-09-13,8.037931034482757,,,65,2.6,256
2014-09-14,2014-09-14,6.013793103448276,,,72,9.3,257
2014-09-15,2014-09-15,2.5793103448275865,,,61,7.7,258
2014-09-16,2014-09-16,1.9689655172413791,,,,,259
2014-09-17,2014-09-17,5.5,,,,,260
2014-09-18,2014-09-18,3.9379310344827587,,,,,261
2014-09-19,2014-09-19,1.2034482758620688,,,,,262
2014-09-20,2014-09-20,3.296551724137931,,,,,263
2014-09-21,2014-09-21,3.4103448275862065,,,,,264
2014-09-22,2014-09-22,4.0137931034482754,,,,,265
2014-09-23,2014-09-23,8.217241379310343,,,,,266
2014-09-24,2014-09-24,3.9206896551724135,,,,,267
2014-09-25,2014-09-25,2.4793103448275864,,,,,268
2014-09-26,2014-09-26,5.682758620689657,,,,,269
2014-09-27,2014-09-27,3.0357142857142856,,,,,270
2014-09-28,2014-09-28,2.8071428571428574,,,,,271
2014-09-29,2014-09-29,4.425,,,,,272
2014-09-30,2014-09-30,1.3148148148148149,,,,,273
2014-10-01,2014-10-01,2.682142857142857,,,,,274
2014-10-02,2014-10-02,3.6785714285714284,,,,,275
2014-10-03,2014-10-03,7.299999999999999,,,,,276
2014-10-04,2014-10-04,5.078571428571429,,,,,277
2014-10-05,2014-10-05,4.932142857142857,,,,,278
2014-10-06,2014-10-06,4.435714285714286,,,,,279
2014-10-07,2014-10-07,5.107142857142857,,,,,280
2014-10-08,2014-10-08,4.360714285714287,,,,,281
2014-10-09,2014-10-09,3.9249999999999994,,,,,282
2014-10-10,2014-10-10,7.682142857142857,,,,,283
2014-10-11,2014-10-11,13.710714285714284,,,,,284
2014-10-12,2014-10-12,5.046428571428572,,,,,285
2014-10-13,2014-10-13,3.492857142857143,,,,,286
2014-10-14,2014-10-14,13.924999999999999,,,,7.2,287
2014-10-15,2014-10-15,7.303571428571429,,,,8.7,288
2014-10-16,2014-10-16,3.610714285714286,,,,10.3,289
2014-10-17,2014-10-17,12.335714285714287,,,,11.3,290
2014-10-18,2014-10-18,4.292857142857144,,,,7.7,291
2014-10-19,2014-10-19,10.62857142857143,,,,8.2,292
2014-10-20,2014-10-20,8.542857142857143,,,,9.3,293
2014-10-21,2014-10-21,5.139285714285714,,,,6.2,294
2014-10-22,2014-10-22,1.8464285714285713,,,,,295
2014-10-23,2014-10-23,2.382142857142857,,,,9.3,296
2014-10-24,2014-10-24,2.8964285714285714,,,,7.7,297
2014-10-25,2014-10-25,6.835714285714287,,,,7.7,298
2014-10-26,2014-10-26,4.182142857142858,,,,6.7,299
2014-10-27,2014-10-27,8.200000000000001,,,,5.1,300
2014-10-28,2014-10-28,9.082142857142857,,,,8.7,301
2014-10-29,2014-10-29,6.221428571428571,,,,7.7,302
2014-10-30,2014-10-30,5.935714285714285,,,,2.6,303
2014-10-31,2014-10-31,2.0142857142857142,,,,10.3,304
2014-11-01,2014-11-01,3.535714285714286,,,,,305
2014-11-02,2014-11-02,0.0,29.6,,,,306
2014-11-03,2014-11-03,0.0,29.3,24.2,83,4.6296,307
2014-11-04,2014-11-04,0.2,29.3,24.1,76,7.2016,308
2014-11-05,2014-11-05,0.0,29.3,23.8,76,5.6584,309
2014-11-06,2014-11-06,0.9,30,24.5,80,7.716,310
2014-11-07,2014-11-07,25.5,30,24.3,83,3.0864,311
2014-11-08,2014-11-08,20.0,31.1,23,84,0,312
2014-11-09,2014-11-09,0.0,29.6,24.8,87,4.1152,313
2014-11-10,2014-11-10,0.0,30.1,23.1,71,1.0288,314
2014-11-11,2014-11-11,0.0,29.3,23.1,64,2.572,315
2014-11-12,2014-11-12,0.0,28.8,21.2,66,7.2016,316
2014-11-13,2014-11-13,0.0,29.3,23.1,73,4.1152,317
2014-11-14,2014-11-14,0.0,27.8,23.8,83,10.288,318
2014-11-15,2014-11-15,0.0,28.1,22.8,76,8.2304,319
2014-11-16,2014-11-16,0.0,29.9,23.2,72,4.1152,320
2014-11-17,2014-11-17,0.0,29.3,23.1,75,4.6296,321
2014-11-18,2014-11-18,3.3,28.8,22.7,69,9.2592,322
2014-11-19,2014-11-19,14.7,28.1,23.9,95,4.6296,323
2014-11-20,2014-11-20,0.0,28.8,23.9,84,7.716,324
2014-11-21,2014-11-21,3.0,30.2,24.2,86,5.144,325
2014-11-22,2014-11-22,6.4,28.6,24.5,85,4.6296,326
2014-11-23,2014-11-23,0.0,29.1,23.2,73,7.716,327
2014-11-24,2014-11-24,1.2,28.1,22.9,71,8.7448,328
2014-11-25,2014-11-25,0.7,28.8,22.3,84,3.0864,329
2014-11-26,2014-11-26,0.0,28.2,22.7,75,10.288,330
2014-11-27,2014-11-27,3.6,29.7,23.5,75,8.7448,331
2014-11-28,2014-11-28,5.506896551724139,,23.3,76,9.7736,332
2014-11-29,2014-11-29,8.70344827586207,,,,,333
2014-11-30,2014-11-30,5.275862068965517,,,,,334
2014-12-01,2014-12-01,0.0,31.1,,,,335
2014-12-02,2014-12-02,0.6,30,23.4,85,3.0864,336
2014-12-03,2014-12-03,0.4,30.1,24.6,83,4.1152,337
2014-12-04,2014-12-04,81.9,28.7,24,74,11.3168,338
2014-12-05,2014-12-05,5.6,28.2,21.8,87,4.1152,339
2014-12-06,2014-12-06,44.6,28.8,24,81,3.0864,340
2014-12-07,2014-12-07,11.0,27.1,23.2,88,5.144,341
2014-12-08,2014-12-08,13.9,26.8,23.4,98,5.144,342
2014-12-09,2014-12-09,3.3,26.8,23.4,92,7.2016,343
2014-12-10,2014-12-10,0.0,28.7,22.8,83,8.2304,344
2014-12-11,2014-12-11,5.3,29.3,23.8,83,5.144,345
2014-12-12,2014-12-12,37.9,30.6,23.5,83,2.572,346
2014-12-13,2014-12-13,11.2,31.1,23.1,82,6.1728,347
2014-12-14,2014-12-14,0.0,31.8,22.8,76,0,348
2014-12-15,2014-12-15,8.55,,24,73,3.6008,349
2014-12-16,2014-12-16,7.376666666666667,,,,,350
2014-12-17,2014-12-17,12.0,,,,,351
2014-12-18,2014-12-18,1.7,30.8,,,,352
2014-12-19,2014-12-19,3.6,30.1,23.6,76,5.144,353
2014-12-20,2014-12-20,7.4,30.9,24.2,79,2.572,354
2014-12-21,2014-12-21,1.0,30.1,23.8,81,8.2304,355
2014-12-22,2014-12-22,1.7,30,23.7,73,2.572,356
2014-12-23,2014-12-23,1.3,30.3,23.6,73,4.1152,357
2014-12-24,2014-12-24,0.7,29.8,24.2,93,6.6872,358
2014-12-25,2014-12-25,0.0,30.3,24.5,78,3.6008,359
2014-12-26,2014-12-26,8.6,30.6,24.3,70,8.2304,360
2014-12-27,2014-12-27,4.8,28.5,22.8,83,6.1728,361
2014-12-28,2014-12-28,25.7,29,23.5,94,5.6584,362
2014-12-29,2014-12-29,8.0,30.1,23.3,80,6.6872,363
2014-12-30,2014-12-30,0.2,29.6,23.7,81,7.716,364
2014-12-31,2014-12-31,0.0,29.3,23.7,72,5.6584,365
2015-01-01,2015-01-01,0.0,29.8,23.8,75,9.8,1
2015-01-02,2015-01-02,0.0,30.1,25.2,79,3.6,2
2015-01-03,2015-01-03,12.6,30.5,25.4,78,5.1,3
2015-01-04,2015-01-04,4.1,30.3,25,83,5.1,4
2015-01-05,2015-01-05,33.0,29.3,25,83,5.7,5
2015-01-06,2015-01-06,19.8,30.4,22.5,81,0,6
2015-01-07,2015-01-07,0.0,32.6,23.6,81,0,7
2015-01-08,2015-01-08,0.0,32.9,25.6,78,0,8
2015-01-09,2015-01-09,0.0,33.5,25.7,76,0,9
2015-01-10,2015-01-10,0.2,31.4,25.3,79,0,10
2015-01-11,2015-01-11,0.9,30.5,24.3,87,0,11
2015-01-12,2015-01-12,36.5,30.1,24.9,96,0,12
2015-01-13,2015-01-13,0.0,32.1,23.6,81,0,13
2015-01-14,2015-01-14,32.7,32.3,23.8,88,3.6,14
2015-01-15,2015-01-15,2.3,32.9,23.5,82,3.1,15
2015-01-16,2015-01-16,25.4,32.8,25.1,75,4.1,16
2015-01-17,2015-01-17,37.0,32.1,24.2,90,5.1,17
2015-01-18,2015-01-18,27.0,32.2,25.4,94,5.1,18
2015-01-19,2015-01-19,0.0,32.8,24.5,92,2.6,19
2015-01-20,2015-01-20,1.9,32.6,24.5,79,1.5,20
2015-01-21,2015-01-21,0.0,32.1,24.6,76,3.1,21
2015-01-22,2015-01-22,0.0,31.6,25.6,80,6.2,22
2015-01-23,2015-01-23,0.0,30.2,25.1,74,5.7,23
2015-01-24,2015-01-24,0.0,31.2,24.5,71,3.6,24
2015-01-25,2015-01-25,0.0,31.4,24.2,65,4.1,25
2015-01-26,2015-01-26,0.1,30.3,23.4,75,5.1,26
2015-01-27,2015-01-27,0.0,31.6,23,76,3.1,27
2015-01-28,2015-01-28,0.0,31.7,24.9,76,4.1,28
2015-01-29,2015-01-29,0.0,31.9,26,72,6.2,29
2015-01-30,2015-01-30,0.0,30.3,24.8,73,5.1,30
2015-01-31,2015-01-31,0.0,32,26,77,7.2,31
2015-02-01,2015-02-01,1.7,32.7,25.5,79,4.115552,32
2015-02-02,2015-02-02,2.1,31.8,26.5,88,5.1,33
2015-02-03,2015-02-03,2.6,32.5,26,77,5.1,34
2015-02-04,2015-02-04,9.6,33.9,25,78,0,35
2015-02-05,2015-02-05,43.8,31.7,25.5,92,0,36
2015-02-06,2015-02-06,0.0,32,24.5,83,1.5,37
2015-02-07,2015-02-07,0.0,32.3,25.2,79,4.6,38
2015-02-08,2015-02-08,0.0,32.1,27.2,83,7.2,39
2015-02-09,2015-02-09,6.606451612903224,,24.2,78,3.6,40
2015-02-10,2015-02-10,10.677419354838708,,,,,41
2015-02-11,2015-02-11,12.751612903225805,,,,,42
2015-02-12,2015-02-12,9.374193548387096,31.7,,,,43
2015-02-13,2015-02-13,74.0,31.6,23.5,82,1,44
2015-02-14,2015-02-14,24.0,33.4,23.4,82,4.1,45
2015-02-15,2015-02-15,11.7,32.6,24.1,74,1.5,46
2015-02-16,2015-02-16,17.9,32.5,24.5,76,4.1,47
2015-02-17,2015-02-17,0.4,33.4,24,75,0,48
2015-02-18,2015-02-18,4.8,31.2,25,86,5.1,49
2015-02-19,2015-02-19,35.7,31.1,24.8,75,0,50
2015-02-20,2015-02-20,5.1,32.2,24,79,2.6,51
2015-02-21,2015-02-21,56.0,33.1,24.9,75,0,52
2015-02-22,2015-02-22,76.8,30.1,24.7,86,3.1,53
2015-02-23,2015-02-23,42.1,30.1,24.5,91,6.2,54
2015-02-24,2015-02-24,37.0,31.6,24.5,77,3.1,55
2015-02-25,2015-02-25,0.8,31.9,23.1,87,3.1,56
2015-02-26,2015-02-26,23.8,32,25,77,0,57
2015-02-27,2015-02-27,73.6,30.8,24.5,76,0,58
2015-02-28,2015-02-28,31.0,31.5,24,78,2.6,59
2015-03-01,2015-03-01,0.0,32.4,23.9,79,4.6,60
2015-03-02,2015-03-02,0.0,31.8,25.5,71,5.1,61
2015-03-03,2015-03-03,7.2,32.7,25.8,76,4.6,62
2015-03-04,2015-03-04,8.5,33.1,26,73,1.5,63
2015-03-05,2015-03-05,0.0,33.1,25.6,73,5.1,64
2015-03-06,2015-03-06,0.0,32.8,25,71,1.5,65
2015-03-07,2015-03-07,10.6,32.7,25.3,71,6.2,66
2015-03-08,2015-03-08,0.0,32.3,25,75,6.2,67
2015-03-09,2015-03-09,2.2,32.9,25.9,69,1.5,68
2015-03-10,2015-03-10,4.6,33.5,26,71,2.6,69
2015-03-11,2015-03-11,1.6,33.4,26.2,73,0,70
2015-03-12,2015-03-12,9.9,30.1,25,79,0,71
2015-03-13,2015-03-13,12.2,33.1,25,75,5.1,72
2015-03-14,2015-03-14,18.0,31.5,25.2,81,4.1,73
2015-03-15,2015-03-15,5.5,32.5,25.4,87,5.1,74
2015-03-16,2015-03-16,14.9,32.9,26.3,80,0,75
2015-03-17,2015-03-17,0.0,32.1,25.4,91,0,76
2015-03-18,2015-03-18,0.0,29.9,26.1,72,2.6,77
2015-03-19,2015-03-19,13.8,30.1,25,73,6.2,78
2015-03-20,2015-03-20,24.5,29.8,24,74,5.1,79
2015-03-21,2015-03-21,3.4,32.1,24.1,94,1.5,80
2015-03-22,2015-03-22,0.0,32.2,24.2,73,3.1,81
2015-03-23,2015-03-23,0.4,29.7,24.1,79,4.6,82
2015-03-24,2015-03-24,8.2,30.6,23.9,72,3.1,83
2015-03-25,2015-03-25,0.5,29.8,23,92,2.1,84
2015-03-26,2015-03-26,1.0,30.1,23.8,76,2.6,85
2015-03-27,2015-03-27,5.2,28,24.3,82,7.7,86
2015-03-28,2015-03-28,0.0,29.4,23.5,83,7.7,87
2015-03-29,2015-03-29,0.0,29.4,24.6,62,6.7,88
2015-03-30,2015-03-30,0.0,30.4,23.9,67,5.1,89
2015-03-31,2015-03-31,13.996874999999998,,,,,90
2015-04-01,2015-04-01,13.8,,,,,91
2015-04-02,2015-04-02,10.306451612903226,,,,,92
2015-04-03,2015-04-03,7.786666666666666,,,,,93
2015-04-04,2015-04-04,9.083870967741936,,,,,94
2015-04-05,2015-04-05,10.470967741935485,,,,,95
2015-04-06,2015-04-06,11.880645161290321,,,,,96
2015-04-07,2015-04-07,8.829032258064515,,,,7.7,97
2015-04-08,2015-04-08,6.764516129032258,,,,6.2,98
2015-04-09,2015-04-09,14.674193548387096,,,,5.7,99
2015-04-10,2015-04-10,7.4741935483870945,,,,3.6,100
2015-04-11,2015-04-11,8.212903225806452,,,,5.1,101
2015-04-12,2015-04-12,7.638709677419355,,,,3.6,102
2015-04-13,2015-04-13,6.270967741935484,,,,0,103
2015-04-14,2015-04-14,6.954838709677419,,,,0,104
2015-04-15,2015-04-15,5.287096774193548,,,,2.6,105
2015-04-16,2015-04-16,9.248387096774191,,,,7.7,106
2015-04-17,2015-04-17,8.790322580645162,,,,9.3,107
2015-04-18,2015-04-18,14.203225806451611,,,,10.3,108
2015-04-19,2015-04-19,8.332258064516129,,,,4.1,109
2015-04-20,2015-04-20,9.35161290322581,,,,6.7,110
2015-04-21,2015-04-21,10.006451612903225,,,,8.7,111
2015-04-22,2015-04-22,7.619354838709677,,,,5.7,112
2015-04-23,2015-04-23,3.0064516129032257,,,,5.1,113
2015-04-24,2015-04-24,4.564516129032259,,,,4.6,114
2015-04-25,2015-04-25,6.709677419354837,,,,6.7,115
2015-04-26,2015-04-26,9.419354838709678,,,,5.1,116
2015-04-27,2015-04-27,12.63225806451613,,,,4.1,117
2015-04-28,2015-04-28,6.577419354838709,,,,3.6,118
2015-04-29,2015-04-29,9.337931034482757,,,,2.6,119
2015-04-30,2015-04-30,9.563333333333333,,,,5.1,120
2015-05-01,2015-05-01,18.9,27.6,24.3,79,2.1,121
2015-05-02,2015-05-02,0.0,28.6,23.7,80,2.6,122
2015-05-03,2015-05-03,15.0,28.7,24.8,82,2.1,123
2015-05-04,2015-05-04,5.9,27.4,23.6,93,2.1,124
2015-05-05,2015-05-05,0.0,28.7,23.5,84,2.1,125
2015-05-06,2015-05-06,44.8,27.8,24.6,84,2.6,126
2015-05-07,2015-05-07,35.2,25.7,24,97,1.5,127
2015-05-08,2015-05-08,0.0,27.8,23.9,85,1,128
2015-05-09,2015-05-09,0.0,29,24.2,75,1.5,129
2015-05-10,2015-05-10,0.0,31.5,23.8,77,0,130
2015-05-11,2015-05-11,3.306896551724137,,22.5,80,1,131
2015-05-12,2015-05-12,2.286206896551724,,,,,132
2015-05-13,2015-05-13,0.0,29.6,,,,133
2015-05-14,2015-05-14,0.0,28.4,23.1,79,1,134
2015-05-15,2015-05-15,0.0,27.3,21.9,57,1.5,135
2015-05-16,2015-05-16,0.0,28.3,21.5,63,1,136
2015-05-17,2015-05-17,4.0,28.1,20.3,64,1,137
2015-05-18,2015-05-18,0.1,27.2,21.1,70,2.1,138
2015-05-19,2015-05-19,3.3,26.3,21.4,66,1.5,139
2015-05-20,2015-05-20,9.0,27.5,21.5,72,0.5,140
2015-05-21,2015-05-21,0.4,27.4,21.1,88,1,141
2015-05-22,2015-05-22,0.0,27.3,22.3,72,2.1,142
2015-05-23,2015-05-23,0.0,27.8,22.5,65,2.1,143
2015-05-24,2015-05-24,0.0,29.5,21.1,81,1.5,144
2015-05-25,2015-05-25,0.4,27.3,23.9,78,1.5,145
2015-05-26,2015-05-26,0.0,26.1,22.4,87,2.1,146
2015-05-27,2015-05-27,1.4,25.8,22.4,76,3.1,147
2015-05-28,2015-05-28,7.9,28.2,22,88,2.1,148
2015-05-29,2015-05-29,3.0,28.7,23.1,93,1.5,149
2015-05-30,2015-05-30,12.5,27.2,23.5,91,1.5,150
2015-05-31,2015-05-31,0.0,26.7,22.4,86,2.6,151
2015-06-01,2015-06-01,0.0,28.8,23.5,84,4.4,152
2015-06-02,2015-06-02,0.0,29.1,23.5,83,4.4,153
2015-06-03,2015-06-03,0.0,29.5,23.6,78,0,154
2015-06-04,2015-06-04,0.0,30.1,22.1,78,0,155
2015-06-05,2015-06-05,3.2,29.1,22,82,0.9,156
2015-06-06,2015-06-06,0.0,29,23,81,2.5,157
2015-06-07,2015-06-07,2.2,29.3,23.5,78,2.5,158
2015-06-08,2015-06-08,0.1,28.8,23.1,89,6.7,159
2015-06-09,2015-06-09,4.416666666666667,,23.1,82,1.5,160
2015-06-10,2015-06-10,4.993333333333334,,,,,161
2015-06-11,2015-06-11,2.743333333333333,,,,,162
2015-06-12,2015-06-12,4.1,28.9,,,,163
2015-06-13,2015-06-13,12.1,28.4,22.4,84,4.4,164
2015-06-14,2015-06-14,3.9,25.7,22.4,80,9.35,165
2015-06-15,2015-06-15,6.9,26.4,23,87,9.35,166
2015-06-16,2015-06-16,0.3,28.2,22.4,82,2.5,167
2015-06-17,2015-06-17,2.2,27.2,23.6,83,6.7,168
2015-06-18,2015-06-18,1.0,24.9,21.9,75,12.3,169
2015-06-19,2015-06-19,0.2,25.6,21.5,64,9.35,170
2015-06-20,2015-06-20,2.7,26.8,21,61,2.6,171
2015-06-21,2015-06-21,0.3,27.7,20.5,89,1.5,172
2015-06-22,2015-06-22,1.8,28,23,77,4.4,173
2015-06-23,2015-06-23,5.1,26.1,22.1,91,2.5,174
2015-06-24,2015-06-24,0.0,25.3,21.1,74,1.5,175
2015-06-25,2015-06-25,0.0,25.1,21.3,53,6.7,176
2015-06-26,2015-06-26,0.0,25.2,20,59,6.7,177
2015-06-27,2015-06-27,1.7,24.9,21.3,60,2.6,178
2015-06-28,2015-06-28,3.7,25,20,79,2.1,179
2015-06-29,2015-06-29,0.3,24.5,19.6,76,2.6,180
2015-06-30,2015-06-30,4.656666666666666,,20.8,67,2.6,181
2015-07-01,2015-07-01,0.0,26.2,20.9,66,6.7,182
2015-07-02,2015-07-02,0.0,26.8,21.4,69,9.4,183
2015-07-03,2015-07-03,0.0,27.5,22.5,76,2.5,184
2015-07-04,2015-07-04,6.9,29,22.8,86,2.5,185
2015-07-05,2015-07-05,1.7,25.5,22.2,94,4.4,186
2015-07-06,2015-07-06,2.8,27.1,22.9,93,6.7,187
2015-07-07,2015-07-07,15.8,27.7,22.4,83,0.9,188
2015-07-08,2015-07-08,0.0,28.7,23,84,0,189
2015-07-09,2015-07-09,3.9,29.7,21.6,81,0,190
2015-07-10,2015-07-10,4.6,23.6,22.6,90,2.5,191
2015-07-11,2015-07-11,0.5,23.7,20,85,9.4,192
2015-07-12,2015-07-12,4.925806451612904,,20.4,91,6.7,193
2015-07-13,2015-07-13,0.7000000000000002,,,,,194
2015-07-14,2015-07-14,4.187096774193549,,,,,195
2015-07-15,2015-07-15,1.1741935483870967,,,,,196
2015-07-16,2015-07-16,2.5806451612903225,,,,,197
2015-07-17,2015-07-17,0.4,27.2,,,,198
2015-07-18,2015-07-18,0.3,27.9,21.2,78,0,199
2015-07-19,2015-07-19,0.0,28.6,21.8,78,4.4,200
2015-07-20,2015-07-20,0.0,26.7,22,73,6.7,201
2015-07-21,2015-07-21,0.0,25.8,21.8,85,9.4,202
2015-07-22,2015-07-22,0.4,25.6,21.5,62,6.7,203
2015-07-23,2015-07-23,0.3,26,20.5,67,9.4,204
2015-07-24,2015-07-24,1.0,25.7,21.5,61,9.4,205
2015-07-25,2015-07-25,0.0,25.4,20,74,9.4,206
2015-07-26,2015-07-26,0.0,26.6,21.5,66,9.4,207
2015-07-27,2015-07-27,0.2,26.4,21.7,70,6.7,208
2015-07-28,2015-07-28,0.0,26.9,21.2,64,6.7,209
2015-07-29,2015-07-29,0.0,26.7,22,76,4.4,210
2015-07-30,2015-07-30,0.5,26.6,22.1,68,9.4,211
2015-07-31,2015-07-31,0.0,26.3,21.7,82,6.7,212
2015-08-01,2015-08-01,0.3,26.3,22.5,76,10.3,213
2015-08-02,2015-08-02,29.7,24.7,22.2,,6.7,214
2015-08-03,2015-08-03,20.9,21.7,19.5,87,11.8,215
2015-08-04,2015-08-04,8.2,24.2,19.6,92,10.3,216
2015-08-05,2015-08-05,0.0,26,21,85,9.8,217
2015-08-06,2015-08-06,0.0,29.2,22.5,73,1.5,218
2015-08-07,2015-08-07,6.3,29.4,22.4,83,0,219
2015-08-08,2015-08-08,14.2,28,22.5,86,0,220
2015-08-09,2015-08-09,2.9,23,21.7,97,7.7,221
2015-08-10,2015-08-10,0.0,23.6,21,83,7.7,222
2015-08-11,2015-08-11,0.0,24.5,21,74,10.3,223
2015-08-12,2015-08-12,0.0,24.7,21,59,8.7,224
2015-08-13,2015-08-13,0.0,25.1,20.5,66,11.3,225
2015-08-14,2015-08-14,1.2,26.1,21.4,69,9.2592,226
2015-08-15,2015-08-15,2.4,27.4,21,79,8.7448,227
2015-08-16,2015-08-16,6.2,26.4,21.7,88,0,228
2015-08-17,2015-08-17,3.4,24.8,21,96,6.6872,229
2015-08-18,2015-08-18,11.5,26.4,21.8,95,7.716,230
2015-08-19,2015-08-19,0.0,27.8,22.7,79,4.1152,231
2015-08-20,2015-08-20,0.0,27.7,22.5,83,5.144,232
2015-08-21,2015-08-21,0.8,26,22,79,6.6872,233
2015-08-22,2015-08-22,0.0,26.8,21.6,72,3.0864,234
2015-08-23,2015-08-23,0.0,29.2,21.1,75,0,235
2015-08-24,2015-08-24,0.0,27.4,21.5,77,3.0864,236
2015-08-25,2015-08-25,0.1,26,21.4,72,10.288,237
2015-08-26,2015-08-26,0.0,26.2,20,62,6.7,238
2015-08-27,2015-08-27,0.2,25.5,21,77,8.2304,239
2015-08-28,2015-08-28,0.2,25.6,,73,9.2592,240
2015-08-29,2015-08-29,0.0,24.9,20.5,72,7.2016,241
2015-08-30,2015-08-30,0.0,26.5,19.9,68,9.2592,242
2015-08-31,2015-08-31,2.5,26.5,,64,9.35,243
2015-09-01,2015-09-01,3.6555555555555554,,,,7.2,244
2015-09-02,2015-09-02,5.114814814814815,,,,8.7,245
2015-09-03,2015-09-03,2.840740740740741,,,,8.2,246
2015-09-04,2015-09-04,3.0,,,,5.7,247
2015-09-05,2015-09-05,1.3620689655172413,,,,2.6,248
2015-09-06,2015-09-06,1.9172413793103447,,,,0,249
2015-09-07,2015-09-07,0.7517241379310345,,,,7.7,250
2015-09-08,2015-09-08,3.6551724137931036,,,,7.2,251
2015-09-09,2015-09-09,1.5551724137931038,,,,8.7,252
2015-09-10,2015-09-10,1.9620689655172416,,,,5.1,253
2015-09-11,2015-09-11,3.7896551724137937,,,,2.6,254
2015-09-12,2015-09-12,7.031034482758618,,,,8.2,255
2015-09-13,2015-09-13,8.037931034482757,,,,9.3,256
2015-09-14,2015-09-14,6.013793103448276,,,,5.1,257
2015-09-15,2015-09-15,2.5793103448275865,,,,5.7,258
2015-09-16,2015-09-16,1.9689655172413791,,,,9.3,259
2015-09-17,2015-09-17,5.5,,,,8.2,260
2015-09-18,2015-09-18,3.9379310344827587,,,,,261
2015-09-19,2015-09-19,1.2034482758620688,,,,,262
2015-09-20,2015-09-20,3.296551724137931,,,,,263
2015-09-21,2015-09-21,3.4103448275862065,,,,,264
2015-09-22,2015-09-22,4.0137931034482754,,,,,265
2015-09-23,2015-09-23,8.217241379310343,,,,,266
2015-09-24,2015-09-24,3.9206896551724135,,,,,267
2015-09-25,2015-09-25,2.4793103448275864,,,,,268
2015-09-26,2015-09-26,5.682758620689657,,,,,269
2015-09-27,2015-09-27,3.0357142857142856,,,,,270
2015-09-28,2015-09-28,2.8071428571428574,,,,,271
2015-09-29,2015-09-29,4.425,,,,,272
2015-09-30,2015-09-30,1.3148148148148149,,,,,273
2015-10-01,2015-10-01,2.682142857142857,,,,,274
2015-10-02,2015-10-02,3.6785714285714284,,,,,275
2015-10-03,2015-10-03,7.299999999999999,,,,,276
2015-10-04,2015-10-04,5.078571428571429,,,,,277
2015-10-05,2015-10-05,4.932142857142857,,,,,278
2015-10-06,2015-10-06,4.435714285714286,,,,,279
2015-10-07,2015-10-07,5.107142857142857,,,,,280
2015-10-08,2015-10-08,4.360714285714287,,,,,281
2015-10-09,2015-10-09,3.9249999999999994,,,,,282
2015-10-10,2015-10-10,7.682142857142857,,,,,283
2015-10-11,2015-10-11,13.710714285714284,,,,,284
2015-10-12,2015-10-12,5.046428571428572,,,,,285
2015-10-13,2015-10-13,3.492857142857143,,,,,286
2015-10-14,2015-10-14,13.924999999999999,,,,,287
2015-10-15,2015-10-15,7.303571428571429,,,,,288
2015-10-16,2015-10-16,3.610714285714286,,,,,289
2015-10-17,2015-10-17,12.335714285714287,,,,,290
2015-10-18,2015-10-18,4.292857142857144,,,,,291
2015-10-19,2015-10-19,10.62857142857143,,,,,292
2015-10-20,2015-10-20,8.542857142857143,,,,,293
2015-10-21,2015-10-21,5.139285714285714,,,,,294
2015-10-22,2015-10-22,1.8464285714285713,,,,,295
2015-10-23,2015-10-23,2.382142857142857,,,,,296
2015-10-24,2015-10-24,2.8964285714285714,,,,,297
2015-10-25,2015-10-25,6.835714285714287,,,,,298
2015-10-26,2015-10-26,4.182142857142858,,,,,299
2015-10-27,2015-10-27,8.200000000000001,,,,,300
2015-10-28,2015-10-28,9.082142857142857,,,,,301
2015-10-29,2015-10-29,6.221428571428571,,,,,302
2015-10-30,2015-10-30,5.935714285714285,,,,,303
2015-10-31,2015-10-31,2.0142857142857142,,,,,304
2015-11-01,2015-11-01,3.535714285714286,,,,,305
2015-11-02,2015-11-02,2.8896551724137933,,,,,306
2015-11-03,2015-11-03,4.88,,,,,307
2015-11-04,2015-11-04,6.023333333333332,,,,,308
2015-11-05,2015-11-05,8.076666666666666,,,,,309
2015-11-06,2015-11-06,2.909999999999999,,,,,310
2015-11-07,2015-11-07,7.35,,,,,311
2015-11-08,2015-11-08,5.386666666666667,,,,,312
2015-11-09,2015-11-09,7.220000000000001,,,,,313
2015-11-10,2015-11-10,10.006896551724138,,,,,314
2015-11-11,2015-11-11,5.024137931034482,,,,,315
2015-11-12,2015-11-12,1.65,,,,,316
2015-11-13,2015-11-13,6.917857142857143,,,,,317
2015-11-14,2015-11-14,8.267857142857142,,,,,318
2015-11-15,2015-11-15,8.990000000000002,,,,,319
2015-11-16,2015-11-16,9.996666666666666,,,,,320
2015-11-17,2015-11-17,4.726666666666668,,,,,321
2015-11-18,2015-11-18,5.2666666666666675,,,,,322
2015-11-19,2015-11-19,7.0379310344827575,,,,,323
2015-11-20,2015-11-20,4.348275862068966,,,,,324
2015-11-21,2015-11-21,5.458620689655173,,,,,325
2015-11-22,2015-11-22,10.87241379310345,,,,,326
2015-11-23,2015-11-23,7.306896551724139,,,,,327
2015-11-24,2015-11-24,6.741379310344826,,,,,328
2015-11-25,2015-11-25,8.924137931034481,,,,,329
2015-11-26,2015-11-26,7.456666666666667,,,,,330
2015-11-27,2015-11-27,6.026666666666667,,,,,331
2015-11-28,2015-11-28,5.506896551724139,,,,,332
2015-11-29,2015-11-29,8.70344827586207,,,,,333
2015-11-30,2015-11-30,5.275862068965517,,,,,334
2015-12-01,2015-12-01,5.1,27.6,23.9,88,6.7,335
2015-12-02,2015-12-02,2.4,28.3,23,78,6.7,336
2015-12-03,2015-12-03,0.0,29,23.2,70,6.7,337
2015-12-04,2015-12-04,0.0,29.5,23.4,62,4.4,338
2015-12-05,2015-12-05,0.0,29.6,24.1,67,4.4,339
2015-12-06,2015-12-06,0.0,29.8,24.1,71,1.5,340
2015-12-07,2015-12-07,0.0,32,24,68,2.5,341
2015-12-08,2015-12-08,0.0,31.1,25,67,6.7,342
2015-12-09,2015-12-09,0.0,31.5,25.2,80,6.7,343
2015-12-10,2015-12-10,0.0,31.4,24.5,62,6.7,344
2015-12-11,2015-12-11,1.8,30.3,24.6,68,6.7,345
2015-12-12,2015-12-12,33.6,28.8,23.9,79,1,346
2015-12-13,2015-12-13,0.2,30.5,22.6,88,6.7,347
2015-12-14,2015-12-14,0.0,30.8,24.3,68,6.7,348
2015-12-15,2015-12-15,3.6,32.1,25.4,74,1.5,349
2015-12-16,2015-12-16,0.0,31.5,24,74,1.5,350
2015-12-17,2015-12-17,0.0,32.7,23.5,69,2.5,351
2015-12-18,2015-12-18,0.0,33.1,23.7,71,0,352
2015-12-19,2015-12-19,2.9,31.8,24.1,73,4.4,353
2015-12-20,2015-12-20,0.0,30.7,25,83,2.5,354
2015-12-21,2015-12-21,3.2,32.1,26.5,75,2.5,355
2015-12-22,2015-12-22,0.9,30.2,26,82,4.4,356
2015-12-23,2015-12-23,16.8,29.5,25.6,81,2.5,357
2015-12-24,2015-12-24,5.0,29.2,24.2,94,2.5,358
2015-12-25,2015-12-25,9.5,30.9,24.6,73,6.7,359
2015-12-26,2015-12-26,0.0,30,24.4,74,4.4,360
2015-12-27,2015-12-27,0.0,30.3,24.9,77,2.5,361
2015-12-28,2015-12-28,5.2,31.1,25,79,4.4,362
2015-12-29,2015-12-29,0.0,30.9,24.8,81,4.4,363
2015-12-30,2015-12-30,183.0,29.3,25.1,80,1.5,364
2015-12-31,2015-12-31,6.5344827586206895,,,,,365
2016-01-01,2016-01-01,1.5,32.1,24,93,4.4,1
2016-01-02,2016-01-02,0.0,32,26,78,9.35,2
2016-01-03,2016-01-03,1.1,29.5,26,82,6.7,3
2016-01-04,2016-01-04,11.5,30,25.2,96,9.35,4
2016-01-05,2016-01-05,3.0,32.3,25.6,85,9.35,5
2016-01-06,2016-01-06,0.9,33.7,24.7,83,6.7,6
2016-01-07,2016-01-07,0.9,34.7,25.6,72,4.4,7
2016-01-08,2016-01-08,16.3,32.4,25.5,82,0,8
2016-01-09,2016-01-09,19.4,30.4,24.8,79,0,9
2016-01-10,2016-01-10,0.0,31.6,24.2,80,0,10
2016-01-11,2016-01-11,0.3,31.8,26.5,81,4.4,11
2016-01-12,2016-01-12,0.0,31.6,26.6,78,4.4,12
2016-01-13,2016-01-13,7.9,29.6,26,75,9.35,13
2016-01-14,2016-01-14,5.1,30.3,25.2,93,6.7,14
2016-01-15,2016-01-15,3.4,31.7,25.6,94,0,15
2016-01-16,2016-01-16,1.3,31.3,25,73,4.4,16
2016-01-17,2016-01-17,16.0,31.8,25.4,92,2.5,17
2016-01-18,2016-01-18,0.0,31.2,24.2,76,4.4,18
2016-01-19,2016-01-19,0.0,31.6,25,72,4.4,19
2016-01-20,2016-01-20,0.0,31.1,24.6,73,4.4,20
2016-01-21,2016-01-21,0.1,31.2,25.5,71,6.7,21
2016-01-22,2016-01-22,3.5,31.4,25.2,91,4.4,22
2016-01-23,2016-01-23,0.0,33.1,24.6,77,0,23
2016-01-24,2016-01-24,0.0,32.8,24.1,82,2.5,24
2016-01-25,2016-01-25,0.0,32.6,24.4,78,2.5,25
2016-01-26,2016-01-26,39.8,32.8,24.9,76,0,26
2016-01-27,2016-01-27,0.0,31.8,23.1,78,4.4,27
2016-01-28,2016-01-28,0.0,32.5,24,79,2.5,28
2016-01-29,2016-01-29,0.1,32.2,25,75,4.4,29
2016-01-30,2016-01-30,1.0,32.4,26,76,2.5,30
2016-01-31,2016-01-31,3.6,32.1,25.4,70,4.4,31
2016-02-01,2016-02-01,35.3,33.7,24.6,85,0,32
2016-02-02,2016-02-02,0.0,31.7,24.5,79,2.5,33
2016-02-03,2016-02-03,22.2,32.3,25,76,4.4,34
2016-02-04,2016-02-04,0.0,32.9,24.1,75,0,35
2016-02-05,2016-02-05,0.0,32.7,26,71,0,36
2016-02-06,2016-02-06,6.3,34.1,27.3,80,2.5,37
2016-02-07,2016-02-07,0.1,33.4,26,75,2.5,38
2016-02-08,2016-02-08,0.0,33.2,25.5,82,2.5,39
2016-02-09,2016-02-09,6.5,33.4,25.5,83,0,40
2016-02-10,2016-02-10,18.1,32.8,25.3,83,0,41
2016-02-11,2016-02-11,8.5,31.9,25.5,95,0,42
2016-02-12,2016-02-12,10.4,34,25.4,83,0.9,43
2016-02-13,2016-02-13,51.5,33.7,26.5,87,0,44
2016-02-14,2016-02-14,3.9,33.6,25.2,86,0,45
2016-02-15,2016-02-15,4.2,33.8,26.7,87,4.4,46
2016-02-16,2016-02-16,10.9,34.2,26.9,83,0,47
2016-02-17,2016-02-17,0.3,31,25.9,98,4.4,48
2016-02-18,2016-02-18,2.9,31.5,26.7,89,4.4,49
2016-02-19,2016-02-19,11.1,30.8,25.5,94,6.7,50
2016-02-20,2016-02-20,125.3,30.2,26,98,12.3,51
2016-02-21,2016-02-21,33.3,34.6,25.8,88,2.5,52
2016-02-22,2016-02-22,0.0,33.2,25.4,73,0,53
2016-02-23,2016-02-23,31.9,35.2,26.4,83,2.5,54
2016-02-24,2016-02-24,0.0,34.9,25.8,78,6.7,55
2016-02-25,2016-02-25,0.0,33.1,26.5,59,0,56
2016-02-26,2016-02-26,0.0,32.2,27,71,2.5,57
2016-02-27,2016-02-27,0.0,32.3,25.5,74,6.7,58
2016-02-28,2016-02-28,0.0,30.5,24.5,67,6.7,59
2016-02-29,2016-02-29,0.2,30.9,25.2,63,6.7,60
2016-03-01,2016-03-01,0.0,31.7,25.2,73,1.5,61
2016-03-02,2016-03-02,0.0,30.6,25.1,64,6.7,62
2016-03-03,2016-03-03,4.8,30.7,25.1,75,4.4,63
2016-03-04,2016-03-04,32.0,30.8,23,79,6.7,64
2016-03-05,2016-03-05,2.7,29.7,19.6,93,4.4,65
2016-03-06,2016-03-06,0.2,31.2,24.4,72,4.4,66
2016-03-07,2016-03-07,0.0,30.5,24.9,73,4.4,67
2016-03-08,2016-03-08,0.0,32.5,25.1,74,4.4,68
2016-03-09,2016-03-09,0.0,31.9,25.4,78,4.4,69
2016-03-10,2016-03-10,2.2,31.7,26.1,77,4.4,70
2016-03-11,2016-03-11,0.4,31.8,26,81,6.7,71
2016-03-12,2016-03-12,0.0,30.3,25.4,80,2.5,72
2016-03-13,2016-03-13,2.7,31.4,26.6,84,6.7,73
2016-03-14,2016-03-14,8.7,30.7,25.2,94,6.7,74
2016-03-15,2016-03-15,0.1,32.1,25.3,88,2.5,75
2016-03-16,2016-03-16,0.0,34.1,25,76,0,76
2016-03-17,2016-03-17,0.0,33.8,26.5,80,0,77
2016-03-18,2016-03-18,0.0,32.3,25.2,83,2.5,78
2016-03-19,2016-03-19,0.0,32.8,25.5,84,0,79
2016-03-20,2016-03-20,7.1,34,25.9,77,0,80
2016-03-21,2016-03-21,22.8,31.4,26,99,0,81
2016-03-22,2016-03-22,1.1,34.2,24.8,97,2.5,82
2016-03-23,2016-03-23,0.0,33.3,25.1,86,0,83
2016-03-24,2016-03-24,11.3,32.5,26.4,86,2.5,84
2016-03-25,2016-03-25,0.0,32.7,25.1,86,0,85
2016-03-26,2016-03-26,2.6,32.7,25.5,85,2.5,86
2016-03-27,2016-03-27,3.7,32.5,26.2,85,2.5,87
2016-03-28,2016-03-28,7.3,32.4,25.6,89,4.4,88
2016-03-29,2016-03-29,7.4,31.8,26.2,89,0,89
2016-03-30,2016-03-30,0.3,32.2,25.3,88,2.5,90
2016-03-31,2016-03-31,0.3,31.3,26.8,92,4.4,91
2016-04-01,2016-04-01,9.6,30.7,26.6,95,6.7,92
2016-04-02,2016-04-02,11.8,29.9,25.8,94,9.35,93
2016-04-03,2016-04-03,76.8,29.1,24.9,99,6.7,94
2016-04-04,2016-04-04,47.6,30.8,24.1,94,6.7,95
2016-04-05,2016-04-05,91.2,31.8,24.8,89,12.3,96
2016-04-06,2016-04-06,21.3,32,25,98,1.5,97
2016-04-07,2016-04-07,0.0,32.7,25.4,86,6.7,98
2016-04-08,2016-04-08,51.9,31.8,26.1,96,4.4,99
2016-04-09,2016-04-09,1.7,29.3,23.2,82,9.35,100
2016-04-10,2016-04-10,0.0,29.6,23.3,68,6.7,101
2016-04-11,2016-04-11,0.0,30.1,23.2,70,4.4,102
2016-04-12,2016-04-12,19.2,29.9,25,79,6.7,103
2016-04-13,2016-04-13,15.1,27.1,25,90,4.4,104
2016-04-14,2016-04-14,18.4,27.8,24.9,86,2.1,105
2016-04-15,2016-04-15,39.1,27,24.8,90,4.4,106
2016-04-16,2016-04-16,109.5,26.4,24.2,95,2.5,107
2016-04-17,2016-04-17,1.0,27.4,23.5,94,2.6,108
2016-04-18,2016-04-18,5.5,28.7,25.2,90,6.7,109
2016-04-19,2016-04-19,13.6,29.1,25,84,6.7,110
2016-04-20,2016-04-20,5.0,28.1,24,94,12.3,111
2016-04-21,2016-04-21,12.4,27.9,25.1,88,9.35,112
2016-04-22,2016-04-22,2.2,27.9,25,92,6.7,113
2016-04-23,2016-04-23,0.0,29.1,24.3,80,1.5,114
2016-04-24,2016-04-24,0.0,30.1,25,77,4.4,115
2016-04-25,2016-04-25,0.0,30.4,24,75,2.5,116
2016-04-26,2016-04-26,0.0,30.5,24.9,74,2.5,117
2016-04-27,2016-04-27,0.0,30.6,23.5,77,0.9,118
2016-04-28,2016-04-28,0.0,29,24,77,6.7,119
2016-04-29,2016-04-29,2.4,28.6,24.9,81,4.4,120
2016-04-30,2016-04-30,5.6,28.6,24.4,75,6.7,121
2016-05-01,2016-05-01,17.8,28.4,23.5,84,1.5,122
2016-05-02,2016-05-02,0.8,29.2,22.8,79,0,123
2016-05-03,2016-05-03,3.8,29.5,23,78,0.9,124
2016-05-04,2016-05-04,0.0,30.1,23.1,83,0,125
2016-05-05,2016-05-05,0.0,29.1,23.1,77,0.9,126
2016-05-06,2016-05-06,0.0,29.5,22.4,75,0,127
2016-05-07,2016-05-07,0.0,31.1,22.8,77,0,128
2016-05-08,2016-05-08,1.1,30.2,25.3,85,2.5,129
2016-05-09,2016-05-09,0.3,28.8,25.8,80,4.4,130
2016-05-10,2016-05-10,0.6,27.2,25.1,84,4.4,131
2016-05-11,2016-05-11,0.0,28.9,25,77,2.5,132
2016-05-12,2016-05-12,3.2,29.6,24.5,76,6.7,133
2016-05-13,2016-05-13,0.0,29.2,23.9,82,6.7,134
2016-05-14,2016-05-14,0.0,29.3,25.3,78,6.7,135
2016-05-15,2016-05-15,0.0,28.8,24.5,78,2.5,136
2016-05-16,2016-05-16,0.0,30.1,24.3,88,4.4,137
2016-05-17,2016-05-17,0.2,29.3,24.1,84,6.7,138
2016-05-18,2016-05-18,0.0,28.9,25,79,9.35,139
2016-05-19,2016-05-19,5.0,29.8,24,78,6.7,140
2016-05-20,2016-05-20,0.0,28.3,24.5,85,2.5,141
2016-05-21,2016-05-21,3.0,29.9,23,74,2.5,142
2016-05-22,2016-05-22,5.0,31.2,23,83,4.4,143
2016-05-23,2016-05-23,0.8,31.3,22.8,90,4.4,144
2016-05-24,2016-05-24,0.0,28.8,22.7,78,1,145
2016-05-25,2016-05-25,0.0,28.7,22.4,75,4.4,146
2016-05-26,2016-05-26,0.0,30.1,23.9,74,0,147
2016-05-27,2016-05-27,0.0,30.4,23.5,77,1,148
2016-05-28,2016-05-28,0.0,29.2,23.5,83,2.5,149
2016-05-29,2016-05-29,0.0,29.4,24,82,6.7,150
2016-05-30,2016-05-30,0.0,28.6,24.8,88,9.35,151
2016-05-31,2016-05-31,1.6,29.3,24.1,79,1.5,152
2016-06-01,2016-06-01,4.361290322580646,,,,,153
2016-06-02,2016-06-02,9.045161290322582,,,,,154
2016-06-03,2016-06-03,4.938709677419355,,,,,155
2016-06-04,2016-06-04,4.825806451612904,,,,,156
2016-06-05,2016-06-05,4.5129032258064505,,,,,157
2016-06-06,2016-06-06,2.5,,,,,158
2016-06-07,2016-06-07,2.9645161290322584,,,,,159
2016-06-08,2016-06-08,4.416666666666667,,,,,160
2016-06-09,2016-06-09,4.993333333333334,,,,,161
2016-06-10,2016-06-10,2.743333333333333,,,,,162
2016-06-11,2016-06-11,5.433333333333334,,,,,163
2016-06-12,2016-06-12,3.9566666666666666,,,,,164
2016-06-13,2016-06-13,2.126666666666667,,,,,165
2016-06-14,2016-06-14,3.4379310344827583,,,,,166
2016-06-15,2016-06-15,5.361290322580645,,,,,167
2016-06-16,2016-06-16,7.016129032258063,,,,,168
2016-06-17,2016-06-17,1.2838709677419353,,,,,169
2016-06-18,2016-06-18,3.0419354838709673,,,,,170
2016-06-19,2016-06-19,3.5903225806451613,,,,,171
2016-06-20,2016-06-20,2.061290322580645,,,,,172
2016-06-21,2016-06-21,2.432258064516129,,,,,173
2016-06-22,2016-06-22,3.541935483870968,,,,,174
2016-06-23,2016-06-23,2.67741935483871,,,,,175
2016-06-24,2016-06-24,4.458064516129033,,,,,176
2016-06-25,2016-06-25,2.003225806451613,,,,,177
2016-06-26,2016-06-26,2.9806451612903224,,,,,178
2016-06-27,2016-06-27,1.5129032258064519,,,,,179
2016-06-28,2016-06-28,5.125806451612903,,,,,180
2016-06-29,2016-06-29,4.656666666666666,,,,,181
2016-06-30,2016-06-30,4.6322580645161295,,,,,182
2016-07-01,2016-07-01,8.1,28.7,24.8,87,4.4,183
2016-07-02,2016-07-02,1.5,28.7,22.9,84,4.4,184
2016-07-03,2016-07-03,6.1,28.1,23.5,84,9.35,185
2016-07-04,2016-07-04,0.4,28.4,23,83,9.35,186
2016-07-05,2016-07-05,1.6,27.7,23,80,6.7,187
2016-07-06,2016-07-06,4.5,27.9,22.6,82,6.7,188
2016-07-07,2016-07-07,0.0,27.7,22.5,81,4.4,189
2016-07-08,2016-07-08,0.0,28.9,22,76,4.4,190
2016-07-09,2016-07-09,0.0,30.5,21,80,0,191
2016-07-10,2016-07-10,0.0,31.2,21.5,86,0,192
2016-07-11,2016-07-11,0.0,28.9,23.1,79,0,193
2016-07-12,2016-07-12,0.0,26.9,22,75,4.4,194
2016-07-13,2016-07-13,0.0,25.3,20,76,6.7,195
2016-07-14,2016-07-14,0.0,26.3,21,77,6.7,196
2016-07-15,2016-07-15,0.0,26.9,20,63,4.4,197
2016-07-16,2016-07-16,1.5,27.1,21.7,64,6.7,198
2016-07-17,2016-07-17,0.6,25.2,20.5,96,9.35,199
2016-07-18,2016-07-18,0.0,26.9,20.7,67,2.5,200
2016-07-19,2016-07-19,3.4,25.5,22,75,6.7,201
2016-07-20,2016-07-20,12.1,25.3,21,76,9.35,202
2016-07-21,2016-07-21,3.7,25.5,21,92,9.35,203
2016-07-22,2016-07-22,0.1,27.4,20.1,79,4.4,204
2016-07-23,2016-07-23,0.4,28.1,23,81,6.7,205
2016-07-24,2016-07-24,0.0,28,23.5,85,4.4,206
2016-07-25,2016-07-25,0.0,27.8,23.5,82,4.4,207
2016-07-26,2016-07-26,0.0,28.7,24.2,84,4.4,208
2016-07-27,2016-07-27,0.0,28.2,24.3,80,9.35,209
2016-07-28,2016-07-28,0.0,28.6,23.7,78,6.7,210
2016-07-29,2016-07-29,0.0,28.4,22.9,75,4.4,211
2016-07-30,2016-07-30,0.1,28.6,23.1,82,6.7,212
2016-07-31,2016-07-31,0.0,31.2,23.5,91,0.9,213
2016-08-01,2016-08-01,0.0,29.1,23.4,85,2.5,214
2016-08-02,2016-08-02,0.0,28.6,23.8,79,4.4,215
2016-08-03,2016-08-03,1.2,28.5,23.1,81,6.7,216
2016-08-04,2016-08-04,0.0,28.2,23,80,4.4,217
2016-08-05,2016-08-05,0.0,30.1,23,74,2.5,218
2016-08-06,2016-08-06,33.0,30.7,22.1,75,0,219
2016-08-07,2016-08-07,98.2,23,21.4,96,6.7,220
2016-08-08,2016-08-08,75.8,25.3,20.8,96,4.4,221
2016-08-09,2016-08-09,46.0,29.3,21.4,84,0.9,222
2016-08-10,2016-08-10,8.4,23.8,21.2,97,6.7,223
2016-08-11,2016-08-11,2.7,26.3,22.2,88,9.35,224
2016-08-12,2016-08-12,0.0,26.3,21.5,78,9.35,225
2016-08-13,2016-08-13,1.6,27.5,22.6,78,6.7,226
2016-08-14,2016-08-14,0.4,27.1,22.5,90,4.4,227
2016-08-15,2016-08-15,0.6,27.8,23.2,83,6.7,228
2016-08-16,2016-08-16,7.4,27,23.8,84,4.4,229
2016-08-17,2016-08-17,51.6,26.7,23,94,0,230
2016-08-18,2016-08-18,34.5,24.9,20.6,81,0.9,231
2016-08-19,2016-08-19,1.3,25.6,20,79,2.5,232
2016-08-20,2016-08-20,0.7,25.6,20.7,80,0,233
2016-08-21,2016-08-21,0.0,26.2,21,76,6.7,234
2016-08-22,2016-08-22,5.6,27.1,21,71,6.7,235
2016-08-23,2016-08-23,10.6,26.2,22.5,93,6.7,236
2016-08-24,2016-08-24,0.0,27.3,21.5,73,6.7,237
2016-08-25,2016-08-25,0.0,27.1,21.4,62,9.35,238
2016-08-26,2016-08-26,0.0,28.6,21.6,62,2.5,239
2016-08-27,2016-08-27,0.0,28.7,23,61,9.35,240
2016-08-28,2016-08-28,0.0,28.3,23,73,4.4,241
2016-08-29,2016-08-29,7.1,28.1,21.5,74,4.4,242
2016-08-30,2016-08-30,5.8,27.7,23.5,80,2.5,243
2016-08-31,2016-08-31,3.3,27.8,23,85,2.5,244
2016-09-01,2016-09-01,0.0,24.6,20.5,70,9.35,245
2016-09-02,2016-09-02,0.0,26.7,20.3,70,9.35,246
2016-09-03,2016-09-03,0.0,27.2,22,66,9.35,247
2016-09-04,2016-09-04,0.0,26.9,22.1,53,9.35,248
2016-09-05,2016-09-05,0.0,27.2,22,78,2.5,249
2016-09-06,2016-09-06,0.4,28.2,22.1,72,2.5,250
2016-09-07,2016-09-07,0.0,28.9,23.5,87,6.7,251
2016-09-08,2016-09-08,0.8,28.4,23.3,80,4.4,252
2016-09-09,2016-09-09,0.0,26.5,23,88,6.7,253
2016-09-10,2016-09-10,1.2,25.7,22.5,73,9.35,254
2016-09-11,2016-09-11,5.2,24.5,21.5,87,9.35,255
2016-09-12,2016-09-12,1.7,24.7,20.4,92,6.7,256
2016-09-13,2016-09-13,0.2,26.9,22,91,6.7,257
2016-09-14,2016-09-14,0.0,28.6,22,74,9.35,258
2016-09-15,2016-09-15,0.0,29.8,23.1,81,6.7,259
2016-09-16,2016-09-16,0.0,28.2,22.5,74,6.7,260
2016-09-17,2016-09-17,1.5,27.3,22,68,6.7,261
2016-09-18,2016-09-18,0.0,28.4,22.5,70,6.7,262
2016-09-19,2016-09-19,0.0,28.8,23.3,79,6.7,263
2016-09-20,2016-09-20,0.0,29.3,23,74,2.5,264
2016-09-21,2016-09-21,0.0,31.1,21.9,75,0,265
2016-09-22,2016-09-22,0.0,28.3,22.4,67,0,266
2016-09-23,2016-09-23,0.0,28.5,22.1,70,2.5,267
2016-09-24,2016-09-24,0.0,28.5,22.4,73,2.5,268
2016-09-25,2016-09-25,0.0,29.8,20.9,76,0,269
2016-09-26,2016-09-26,3.0357142857142856,,21.7,72,2.5,270
2016-09-27,2016-09-27,2.8071428571428574,,,,,271
2016-09-28,2016-09-28,4.425,,,,,272
2016-09-29,2016-09-29,1.3148148148148149,,,,,273
2016-09-30,2016-09-30,2.682142857142857,,,,,274
2016-10-01,2016-10-01,3.6785714285714284,,,,,275
2016-10-02,2016-10-02,7.299999999999999,,,,,276
2016-10-03,2016-10-03,5.078571428571429,,,,,277
2016-10-04,2016-10-04,4.932142857142857,,,,,278
2016-10-05,2016-10-05,4.435714285714286,,,,,279
2016-10-06,2016-10-06,5.107142857142857,,,,,280
2016-10-07,2016-10-07,4.360714285714287,,,,,281
2016-10-08,2016-10-08,3.9249999999999994,,,,,282
2016-10-09,2016-10-09,7.682142857142857,,,,,283
2016-10-10,2016-10-10,13.710714285714284,,,,,284
2016-10-11,2016-10-11,5.046428571428572,,,,,285
2016-10-12,2016-10-12,3.492857142857143,,,,,286
2016-10-13,2016-10-13,13.924999999999999,,,,,287
2016-10-14,2016-10-14,7.303571428571429,,,,,288
2016-10-15,2016-10-15,3.610714285714286,,,,,289
2016-10-16,2016-10-16,12.335714285714287,,,,,290
2016-10-17,2016-10-17,4.292857142857144,,,,,291
2016-10-18,2016-10-18,10.62857142857143,,,,,292
2016-10-19,2016-10-19,8.542857142857143,,,,,293
2016-10-20,2016-10-20,5.139285714285714,,,,,294
2016-10-21,2016-10-21,1.8464285714285713,,,,,295
2016-10-22,2016-10-22,2.382142857142857,,,,,296
2016-10-23,2016-10-23,2.8964285714285714,,,,,297
2016-10-24,2016-10-24,6.835714285714287,,,,,298
2016-10-25,2016-10-25,4.182142857142858,,,,,299
2016-10-26,2016-10-26,8.200000000000001,,,,,300
2016-10-27,2016-10-27,9.082142857142857,,,,,301
2016-10-28,2016-10-28,6.221428571428571,,,,,302
2016-10-29,2016-10-29,5.935714285714285,,,,,303
2016-10-30,2016-10-30,2.0142857142857142,,,,,304
2016-10-31,2016-10-31,3.535714285714286,,,,,305
2016-11-01,2016-11-01,2.8896551724137933,,,,,306
2016-11-02,2016-11-02,0.5,32,,,,307
2016-11-03,2016-11-03,27.1,30.3,23.5,88,6.7,308
2016-11-04,2016-11-04,0.0,32.3,25.1,83,6.7,309
2016-11-05,2016-11-05,0.0,31.7,24.8,72,2.5,310
2016-11-06,2016-11-06,0.0,30.8,25.6,80,4.4,311
2016-11-07,2016-11-07,5.1,28.8,24.9,85,0.9,312
2016-11-08,2016-11-08,8.2,30.1,24.4,77,4.4,313
2016-11-09,2016-11-09,4.4,28.4,23.5,85,6.7,314
2016-11-10,2016-11-10,0.2,27.4,23.6,81,6.7,315
2016-11-11,2016-11-11,0.0,28.8,23.8,78,4.4,316
2016-11-12,2016-11-12,0.0,30,23.5,83,4.4,317
2016-11-13,2016-11-13,2.3,32.1,24.4,74,0,318
2016-11-14,2016-11-14,0.0,31.2,23.1,69,4.4,319
2016-11-15,2016-11-15,0.0,30.5,24.6,76,4.4,320
2016-11-16,2016-11-16,0.0,30.4,24.9,72,6.7,321
2016-11-17,2016-11-17,0.0,30.6,23.5,69,2.5,322
2016-11-18,2016-11-18,0.0,30.9,23.5,73,4.4,323
2016-11-19,2016-11-19,3.9,30.5,24.6,62,4.4,324
2016-11-20,2016-11-20,1.9,29.8,23.8,82,9.35,325
2016-11-21,2016-11-21,0.3,30.4,24.9,71,9.35,326
2016-11-22,2016-11-22,5.9,30.1,25.6,70,12.3,327
2016-11-23,2016-11-23,0.0,30.4,23.9,81,6.7,328
2016-11-24,2016-11-24,0.0,30.9,24,81,6.7,329
2016-11-25,2016-11-25,49.1,31.6,25,79,4.4,330
2016-11-26,2016-11-26,13.7,30.8,24.3,80,2.5,331
2016-11-27,2016-11-27,0.0,31.3,24,77,2.5,332
2016-11-28,2016-11-28,0.3,30.8,23.6,79,4.4,333
2016-11-29,2016-11-29,0.0,32.2,24,81,2.5,334
2016-11-30,2016-11-30,0.0,31.9,24.6,68,0,335
2016-12-01,2016-12-01,0.0,33.8,25,70,0,336
2016-12-02,2016-12-02,0.0,34,25.9,71,0,337
2016-12-03,2016-12-03,0.0,33.1,26.4,85,2.5,338
2016-12-04,2016-12-04,0.0,31.8,25.2,73,4.4,339
2016-12-05,2016-12-05,0.0,31.7,25.9,75,0,340
2016-12-06,2016-12-06,0.0,30.8,26.2,81,4.4,341
2016-12-07,2016-12-07,0.0,30.6,25.3,77,6.7,342
2016-12-08,2016-12-08,0.6,30.8,26,79,6.7,343
2016-12-09,2016-12-09,9.7,29.6,25,88,2.5,344
2016-12-10,2016-12-10,2.9,30.6,25.2,86,0,345
2016-12-11,2016-12-11,23.7,31.3,25.2,86,4.4,346
2016-12-12,2016-12-12,3.2,31,24,84,2.5,347
2016-12-13,2016-12-13,46.4,29.3,24.5,88,4.4,348
2016-12-14,2016-12-14,9.4,29.3,23.8,90,6.7,349
2016-12-15,2016-12-15,7.3,29.1,23.8,84,0,350
2016-12-16,2016-12-16,59.2,26.6,24.1,88,0,351
2016-12-17,2016-12-17,253.1,25.5,23.6,97,2.5,352
2016-12-18,2016-12-18,243.3,28.7,23.9,97,4.4,353
2016-12-19,2016-12-19,44.1,30.7,23.5,92,2.5,354
2016-12-20,2016-12-20,4.1,33.5,24.3,81,2.5,355
2016-12-21,2016-12-21,1.1,33.1,25.7,82,4.4,356
2016-12-22,2016-12-22,0.0,32.5,26.6,75,2.5,357
2016-12-23,2016-12-23,1.0,31.2,25.3,79,2.5,358
2016-12-24,2016-12-24,0.0,30.1,25.1,79,4.4,359
2016-12-25,2016-12-25,3.3,31.2,24.6,76,4.4,360
2016-12-26,2016-12-26,0.7,30.4,24.9,79,4.4,361
2016-12-27,2016-12-27,9.4,30.6,24.9,78,6.7,362
2016-12-28,2016-12-28,0.0,30.7,24.5,75,6.7,363
2016-12-29,2016-12-29,0.0,30.9,24.5,76,2.5,364
2016-12-30,2016-12-30,0.1,30.4,25.3,71,4.4,365
2016-12-31,2016-12-31,0.4,29.7,24,72,6.7,366
2017-01-01,2017-01-01,2.9,30.3,24.5,69,6.7,1
2017-01-02,2017-01-02,23.3,30.4,25,78,0.9,2
2017-01-03,2017-01-03,22.8,30.7,23.4,75,2.5,3
2017-01-04,2017-01-04,14.6,32.3,24.7,79,2.5,4
2017-01-05,2017-01-05,0.4,30.7,25,78,4.4,5
2017-01-06,2017-01-06,22.1,32.4,26,75,2.5,6
2017-01-07,2017-01-07,1.7,32.4,25,79,0,7
2017-01-08,2017-01-08,8.3,32.5,25.2,71,0,8
2017-01-09,2017-01-09,43.6,30.6,25.4,82,2.5,9
2017-01-10,2017-01-10,0.1,33.6,25,78,0.9,10
2017-01-11,2017-01-11,8.1,32.1,26.9,80,2.5,11
2017-01-12,2017-01-12,16.8,33.3,24.2,80,0.9,12
2017-01-13,2017-01-13,17.4,33.7,25.2,81,0,13
2017-01-14,2017-01-14,0.0,33.6,25.2,84,0,14
2017-01-15,2017-01-15,3.8,31.4,25.4,80,2.5,15
2017-01-16,2017-01-16,0.0,30.7,25.5,72,6.7,16
2017-01-17,2017-01-17,0.5,28.9,25.5,78,2.5,17
2017-01-18,2017-01-18,3.4,27.9,24.9,91,0,18
2017-01-19,2017-01-19,0.0,30.3,22.9,84,0.9,19
2017-01-20,2017-01-20,7.500000000000001,,23,81,0,20
2017-01-21,2017-01-21,4.945161290322579,,,,,21
2017-01-22,2017-01-22,0.0,30.8,,,,22
2017-01-23,2017-01-23,0.0,31.3,,,,23
2017-01-24,2017-01-24,10.5,31.9,23.6,80,4.4,24
2017-01-25,2017-01-25,3.6,29.4,22.8,93,2.5,25
2017-01-26,2017-01-26,17.3,31.1,23.5,82,4.4,26
2017-01-27,2017-01-27,4.5,30.7,24.4,91,0.9,27
2017-01-28,2017-01-28,0.6,31.8,24.5,70,2.5,28
2017-01-29,2017-01-29,37.6,30.4,25.4,79,4.4,29
2017-01-30,2017-01-30,22.1,31.2,25.2,89,6.7,30
2017-01-31,2017-01-31,6.3,31.9,25.6,89,4.4,31
2017-02-01,2017-02-01,0.0,33,25.4,78,4.4,32
2017-02-02,2017-02-02,0.9,32.1,25.5,80,1.5,33
2017-02-03,2017-02-03,0.0,31.5,26.1,84,0.9,34
2017-02-04,2017-02-04,15.6,31.7,26,84,0.9,35
2017-02-05,2017-02-05,23.1,32.1,24.4,97,0,36
2017-02-06,2017-02-06,13.0,28.5,24.5,94,9.35,37
2017-02-07,2017-02-07,32.3,30.1,23.6,79,0,38
2017-02-08,2017-02-08,37.1,29.9,24,97,4.4,39
2017-02-09,2017-02-09,7.5,32.7,24.7,87,2.5,40
2017-02-10,2017-02-10,70.1,33.8,25.4,85,2.5,41
2017-02-11,2017-02-11,24.7,30.6,24.5,92,6.7,42
2017-02-12,2017-02-12,15.2,32.8,25.1,89,9.35,43
2017-02-13,2017-02-13,123.8,30.1,24.5,85,2.5,44
2017-02-14,2017-02-14,3.0,27.7,24.7,98,4.4,45
2017-02-15,2017-02-15,136.9,33.6,24.9,90,0,46
2017-02-16,2017-02-16,13.4,28.2,24.1,98,0,47
2017-02-17,2017-02-17,26.0,33.1,24,88,0,48
2017-02-18,2017-02-18,0.0,33.1,24.2,87,0,49
2017-02-19,2017-02-19,0.0,34,25.5,76,9.35,50
2017-02-20,2017-02-20,30.5,30.8,24.2,76,0,51
2017-02-21,2017-02-21,18.4,29.5,25,93,6.7,52
2017-02-22,2017-02-22,14.5,30.5,25,85,2.5,53
2017-02-23,2017-02-23,7.1,30.4,23.5,89,6.7,54
2017-02-24,2017-02-24,0.0,31,23.6,74,4.4,55
2017-02-25,2017-02-25,0.0,30.3,23.3,73,0.9,56
2017-02-26,2017-02-26,6.1,30.5,24.5,81,2.5,57
2017-02-27,2017-02-27,7.2,29.8,24.6,81,4.4,58
2017-02-28,2017-02-28,0.0,30.9,25.4,80,6.7,59
2017-03-01,2017-03-01,2.0,31.2,25.8,80,0.9,60
2017-03-02,2017-03-02,0.0,30.8,24.5,84,2.5,61
2017-03-03,2017-03-03,49.9,31.5,25.2,79,2.5,62
2017-03-04,2017-03-04,20.2,32.3,24.2,89,2.5,63
2017-03-05,2017-03-05,22.5,29.9,24.1,95,2.5,64
2017-03-06,2017-03-06,63.5,32.7,24,94,4.4,65
2017-03-07,2017-03-07,4.5,32.8,24.4,85,4.4,66
2017-03-08,2017-03-08,15.3,30.9,24.6,98,4.4,67
2017-03-09,2017-03-09,0.4,33.6,25,79,0,68
2017-03-10,2017-03-10,0.0,31.8,25.5,84,4.4,69
2017-03-11,2017-03-11,6.6,32.7,26.5,79,2.5,70
2017-03-12,2017-03-12,0.0,30.9,26.9,96,9.35,71
2017-03-13,2017-03-13,3.3,30.8,26.3,88,6.7,72
2017-03-14,2017-03-14,0.0,30.7,25.6,83,6.7,73
2017-03-15,2017-03-15,12.5,30.7,25.5,85,6.7,74
2017-03-16,2017-03-16,40.8,30,24.4,91,6.7,75
2017-03-17,2017-03-17,27.1,31.3,23.2,79,2.5,76
2017-03-18,2017-03-18,5.9,28.9,24.2,87,2.5,77
2017-03-19,2017-03-19,0.0,29.6,23.5,73,6.7,78
2017-03-20,2017-03-20,0.5,28.8,24.5,75,12.3,79
2017-03-21,2017-03-21,16.6,29.6,24.5,82,6.7,80
2017-03-22,2017-03-22,0.0,30.8,23.8,87,2.5,81
2017-03-23,2017-03-23,41.1,32.2,24.9,77,0,82
2017-03-24,2017-03-24,80.5,31.8,24.2,77,4.4,83
2017-03-25,2017-03-25,91.1,30.5,23,91,2.5,84
2017-03-26,2017-03-26,8.0,32.3,24,81,2.5,85
2017-03-27,2017-03-27,52.5,32.2,24,87,2.5,86
2017-03-28,2017-03-28,10.4,31.6,23.5,78,2.5,87
2017-03-29,2017-03-29,9.6,32.6,24.9,84,4.4,88
2017-03-30,2017-03-30,2.4,31.8,25.1,83,4.4,89
2017-03-31,2017-03-31,3.5,32.5,26.2,74,0,90
2017-04-01,2017-04-01,0.0,31.7,25.7,79,4.4,91
2017-04-02,2017-04-02,1.1,30.9,26.2,82,4.4,92
2017-04-03,2017-04-03,0.0,31.1,26.1,80,4.4,93
2017-04-04,2017-04-04,0.0,31,25.4,78,4.4,94
2017-04-05,2017-04-05,2.3,31.6,25.4,79,4.4,95
2017-04-06,2017-04-06,1.4,30.5,25.9,86,4.4,96
2017-04-07,2017-04-07,1.6,32.2,26.5,81,6.7,97
2017-04-08,2017-04-08,0.0,31.5,26,73,4.4,98
2017-04-09,2017-04-09,0.0,30.4,25.4,74,6.7,99
2017-04-10,2017-04-10,0.0,31.2,24.5,74,2.5,100
2017-04-11,2017-04-11,0.0,31,26.1,82,6.7,101
2017-04-12,2017-04-12,0.0,31.3,25.5,82,0.9,102
2017-04-13,2017-04-13,0.0,30.9,25,73,2.5,103
2017-04-14,2017-04-14,0.0,30.6,25,74,2.5,104
2017-04-15,2017-04-15,2.7,30.9,23.8,73,0.9,105
2017-04-16,2017-04-16,0.0,30.7,23.5,77,0,106
2017-04-17,2017-04-17,0.0,30.3,24,71,4.4,107
2017-04-18,2017-04-18,0.0,30.1,24.5,70,6.7,108
2017-04-19,2017-04-19,0.0,29.2,26,74,6.7,109
2017-04-20,2017-04-20,0.0,30.2,25.6,67,9.35,110
2017-04-21,2017-04-21,18.5,31.4,25.2,65,2.5,111
2017-04-22,2017-04-22,0.0,31.3,25.1,83,0.9,112
2017-04-23,2017-04-23,0.0,31.6,25,78,0,113
2017-04-24,2017-04-24,0.0,31.8,24.4,78,0,114
2017-04-25,2017-04-25,0.0,30.3,25.2,82,2.5,115
2017-04-26,2017-04-26,15.1,29.6,25.2,88,4.4,116
2017-04-27,2017-04-27,0.0,31.9,25.5,76,4.4,117
2017-04-28,2017-04-28,1.6,31.4,26.5,71,4.4,118
2017-04-29,2017-04-29,0.0,30.7,26.2,80,4.4,119
2017-04-30,2017-04-30,30.5,30.7,26.5,79,6.7,120
2017-05-01,2017-05-01,6.789655172413793,,,,0,121
2017-05-02,2017-05-02,12.106666666666666,,,,,122
2017-05-03,2017-05-03,9.827586206896552,,,,,123
2017-05-04,2017-05-04,13.23448275862069,,,,,124
2017-05-05,2017-05-05,9.4,,,,,125
2017-05-06,2017-05-06,9.196666666666665,,,,,126
2017-05-07,2017-05-07,6.58,,,,,127
2017-05-08,2017-05-08,3.4633333333333334,,,,,128
2017-05-09,2017-05-09,3.133333333333333,,,,,129
2017-05-10,2017-05-10,2.8499999999999996,,,,,130
2017-05-11,2017-05-11,3.306896551724137,,,,,131
2017-05-12,2017-05-12,2.286206896551724,,,,,132
2017-05-13,2017-05-13,4.706666666666665,,,,,133
2017-05-14,2017-05-14,11.665517241379309,,,,,134
2017-05-15,2017-05-15,5.70344827586207,,,,,135
2017-05-16,2017-05-16,1.7517241379310342,,,,,136
2017-05-17,2017-05-17,10.613333333333335,,,,,137
2017-05-18,2017-05-18,4.540000000000001,,,,,138
2017-05-19,2017-05-19,2.87,,,,,139
2017-05-20,2017-05-20,5.203333333333333,,,,,140
2017-05-21,2017-05-21,4.3566666666666665,,,,,141
2017-05-22,2017-05-22,4.153333333333333,,,,,142
2017-05-23,2017-05-23,6.926666666666667,,,,,143
2017-05-24,2017-05-24,4.156666666666666,,,,,144
2017-05-25,2017-05-25,9.223333333333333,,,,,145
2017-05-26,2017-05-26,2.0766666666666667,,,,,146
2017-05-27,2017-05-27,2.36,,,,,147
2017-05-28,2017-05-28,3.9344827586206903,,,,,148
2017-05-29,2017-05-29,5.1068965517241365,,,,,149
2017-05-30,2017-05-30,5.510000000000001,,,,,150
2017-05-31,2017-05-31,7.646666666666666,,,,,151
2017-06-01,2017-06-01,0.0,,25,78,4.4,152
2017-06-02,2017-06-02,1.8,,25.2,80,6.7,153
2017-06-03,2017-06-03,5.8,,23.6,85,0,154
2017-06-04,2017-06-04,1.1,,23.2,86,0,155
2017-06-05,2017-06-05,47.4,,24.6,86,6.7,156
2017-06-06,2017-06-06,10.4,,24.5,90,2.5,157
2017-06-07,2017-06-07,16.9,,24,91,12.3,158
2017-06-08,2017-06-08,1.9,,24,84,6.7,159
2017-06-09,2017-06-09,6.5,,24.6,77,0,160
2017-06-10,2017-06-10,13.2,,24.6,88,0,161
2017-06-11,2017-06-11,0.0,,24.7,89,0.9,162
2017-06-12,2017-06-12,0.0,,23.5,80,6.7,163
2017-06-13,2017-06-13,0.0,,23,71,6.7,164
2017-06-14,2017-06-14,0.0,,23.1,61,6.7,165
2017-06-15,2017-06-15,3.4379310344827583,,22.8,65,6.7,166
2017-06-16,2017-06-16,0.0,,,,0,167
2017-06-17,2017-06-17,1.7,,22.7,76,4.4,168
2017-06-18,2017-06-18,0.0,,23.7,71,9.35,169
2017-06-19,2017-06-19,0.6,,23.5,75,6.7,170
2017-06-20,2017-06-20,0.6,,23.7,87,6.7,171
2017-06-21,2017-06-21,0.3,,24.3,83,9.35,172
2017-06-22,2017-06-22,17.0,,23.5,79,0.9,173
2017-06-23,2017-06-23,1.6,,24.8,88,2.5,174
2017-06-24,2017-06-24,1.3,,23.9,88,2.5,175
2017-06-25,2017-06-25,0.2,,23,82,4.4,176
2017-06-26,2017-06-26,0.0,,22.9,83,6.7,177
2017-06-27,2017-06-27,2.7,,23.5,76,2.5,178
2017-06-28,2017-06-28,0.1,,22.6,76,4.4,179
2017-06-29,2017-06-29,0.0,,22.1,84,9.35,180
2017-06-30,2017-06-30,0.0,,23,63,9.35,181
2017-07-01,2017-07-01,0.0,,21.3,58,9.35,182
2017-07-02,2017-07-02,0.0,,22,64,2.5,183
2017-07-03,2017-07-03,0.2,26.8,22.7,75,2.57222,184
2017-07-04,2017-07-04,0.0,26.8,22,73,9.35,185
2017-07-05,2017-07-05,0.0,26.5,23.5,65,9.35,186
2017-07-06,2017-07-06,0.0,27.2,23.3,74,9.35,187
2017-07-07,2017-07-07,0.3,27.5,22.9,76,6.7,188
2017-07-08,2017-07-08,5.0,26.7,23.4,93,9.35,189
2017-07-09,2017-07-09,2.2,27.2,23.4,90,2.5,190
2017-07-10,2017-07-10,0.0,26.7,23.6,80,9.35,191
2017-07-11,2017-07-11,0.0,25.9,22.4,73,6.7,192
2017-07-12,2017-07-12,0.0,26.7,22.5,68,6.7,193
2017-07-13,2017-07-13,0.0,26.1,21.6,72,4.4,194
2017-07-14,2017-07-14,0.6,26.2,22.3,71,9.35,195
2017-07-15,2017-07-15,0.3,24.7,21.3,77,9.35,196
2017-07-16,2017-07-16,0.0,24.7,20.7,74,12.3,197
2017-07-17,2017-07-17,0.4,26.7,22,69,9.35,198
2017-07-18,2017-07-18,1.8,25.4,22.9,87,6.7,199
2017-07-19,2017-07-19,0.0,27.4,23.6,85,6.7,200
2017-07-20,2017-07-20,0.0,29.1,24,80,6.7,201
2017-07-21,2017-07-21,0.2,30.3,23.6,95,2.5,202
2017-07-22,2017-07-22,7.4,28.3,24.7,88,2.5,203
2017-07-23,2017-07-23,1.7,27.7,23.3,96,2.5,204
2017-07-24,2017-07-24,0.0,27.3,24.3,88,4.4,205
2017-07-25,2017-07-25,0.0,26.6,22.1,77,2.5,206
2017-07-26,2017-07-26,0.0,25.7,23.1,73,4.4,207
2017-07-27,2017-07-27,0.0,26.3,22.1,57,4.4,208
2017-07-28,2017-07-28,0.0,26.3,22.5,65,2.5,209
2017-07-29,2017-07-29,0.1,26.2,22.8,75,6.7,210
2017-07-30,2017-07-30,0.6,26,21.3,74,6.7,211
2017-07-31,2017-07-31,0.0,27.8,21.7,77,2.5,212
2017-08-01,2017-08-01,0.3,26.4,23,73,6.7,213
2017-08-02,2017-08-02,0.0,26.2,21.5,80,4.4,214
2017-08-03,2017-08-03,0.0,28.4,20.5,81,2.5,215
2017-08-04,2017-08-04,0.0,27.1,22.2,71,4.4,216
2017-08-05,2017-08-05,0.0,26.9,22.2,68,6.7,217
2017-08-06,2017-08-06,0.6,26.3,22.2,66,4.4,218
2017-08-07,2017-08-07,0.2,27,21.9,67,6.7,219
2017-08-08,2017-08-08,2.5,27,21.1,63,6.7,220
2017-08-09,2017-08-09,0.5,26.8,20.8,83,2.5,221
2017-08-10,2017-08-10,0.0,28.8,22.1,73,6.7,222
2017-08-11,2017-08-11,1.0,27.7,22.9,80,0.9,223
2017-08-12,2017-08-12,0.6,26.8,22,83,4.4,224
2017-08-13,2017-08-13,0.0,28,22,77,6.7,225
2017-08-14,2017-08-14,8.8,27.8,23.3,76,4.4,226
2017-08-15,2017-08-15,4.8,29.3,23.7,86,2.5,227
2017-08-16,2017-08-16,3.8,26.6,23.1,94,2.5,228
2017-08-17,2017-08-17,0.0,25.5,20.6,64,6.7,229
2017-08-18,2017-08-18,0.0,26.6,20.8,60,1.5,230
2017-08-19,2017-08-19,0.0,27.8,20.5,59,2.5,231
2017-08-20,2017-08-20,0.0,28.7,22.6,84,2.5,232
2017-08-21,2017-08-21,8.7,29.5,23.7,84,0,233
2017-08-22,2017-08-22,3.5,26.6,22.5,77,6.7,234
2017-08-23,2017-08-23,47.9,25.8,22.5,92,6.7,235
2017-08-24,2017-08-24,16.6,28.3,23,87,2.5,236
2017-08-25,2017-08-25,0.0,27.9,22.9,89,2.5,237
2017-08-26,2017-08-26,0.0,28.9,22.5,84,2.5,238
2017-08-27,2017-08-27,1.2,29.5,23.4,81,2.5,239
2017-08-28,2017-08-28,1.5,29.6,24,90,4.4,240
2017-08-29,2017-08-29,0.0,29.9,25.1,80,6.7,241
2017-08-30,2017-08-30,2.596551724137931,,23.6,84,2.5,242
2017-08-31,2017-08-31,3.099999999999999,,,,,243
2017-09-01,2017-09-01,3.6555555555555554,,,,,244
2017-09-02,2017-09-02,5.114814814814815,,,,,245
2017-09-03,2017-09-03,2.840740740740741,,,,,246
2017-09-04,2017-09-04,3.5,26.9,,,,247
2017-09-05,2017-09-05,1.5,25.6,22.1,93,6.7,248
2017-09-06,2017-09-06,0.0,28.3,22.7,84,4.4,249
2017-09-07,2017-09-07,0.0,27.9,23.3,87,4.4,250
2017-09-08,2017-09-08,0.0,28.5,23.5,82,4.4,251
2017-09-09,2017-09-09,0.0,31.4,24,79,2.5,252
2017-09-10,2017-09-10,0.0,30.1,23.2,83,0,253
2017-09-11,2017-09-11,0.0,29.7,23,83,0,254
2017-09-12,2017-09-12,0.0,27.2,23.3,88,4.4,255
2017-09-13,2017-09-13,0.8,29.5,24,83,4.4,256
2017-09-14,2017-09-14,7.8,27.7,24,85,6.7,257
2017-09-15,2017-09-15,0.0,29,22,83,6.7,258
2017-09-16,2017-09-16,0.0,28.7,23.6,79,6.7,259
2017-09-17,2017-09-17,0.0,28.1,24.3,86,6.7,260
2017-09-18,2017-09-18,0.0,29.1,24.2,79,2.5,261
2017-09-19,2017-09-19,2.3,29.9,23.9,83,2.5,262
2017-09-20,2017-09-20,0.0,27.2,22.2,86,4.4,263
2017-09-21,2017-09-21,0.0,28.5,23,75,4.4,264
2017-09-22,2017-09-22,0.0,29,22.6,76,4.4,265
2017-09-23,2017-09-23,0.0,27.4,23.4,74,4.4,266
2017-09-24,2017-09-24,0.0,27.2,23.4,83,6.7,267
2017-09-25,2017-09-25,0.0,27.2,24,83,4.4,268
2017-09-26,2017-09-26,0.3,28.4,24.5,76,6.7,269
2017-09-27,2017-09-27,16.2,28,24,88,6.7,270
2017-09-28,2017-09-28,0.0,30.6,23.9,91,2.5,271
2017-09-29,2017-09-29,0.0,28.1,23.9,76,6.7,272
2017-09-30,2017-09-30,0.0,28.4,22.5,65,4.4,273
2017-10-01,2017-10-01,2.682142857142857,,,,,274
2017-10-02,2017-10-02,3.6785714285714284,,,,,275
2017-10-03,2017-10-03,7.299999999999999,,,,,276
2017-10-04,2017-10-04,5.078571428571429,,,,,277
2017-10-05,2017-10-05,4.932142857142857,,,,,278
2017-10-06,2017-10-06,4.435714285714286,,,,,279
2017-10-07,2017-10-07,5.107142857142857,,,,,280
2017-10-08,2017-10-08,4.360714285714287,,,,,281
2017-10-09,2017-10-09,3.9249999999999994,,,,,282
2017-10-10,2017-10-10,7.682142857142857,,,,,283
2017-10-11,2017-10-11,13.710714285714284,,,,,284
2017-10-12,2017-10-12,5.046428571428572,,,,,285
2017-10-13,2017-10-13,3.492857142857143,,,,,286
2017-10-14,2017-10-14,13.924999999999999,,,,,287
2017-10-15,2017-10-15,7.303571428571429,,,,,288
2017-10-16,2017-10-16,3.610714285714286,,,,,289
2017-10-17,2017-10-17,12.335714285714287,,,,,290
2017-10-18,2017-10-18,4.292857142857144,,,,,291
2017-10-19,2017-10-19,10.62857142857143,,,,,292
2017-10-20,2017-10-20,8.542857142857143,,,,,293
2017-10-21,2017-10-21,5.139285714285714,,,,,294
2017-10-22,2017-10-22,1.8464285714285713,,,,,295
2017-10-23,2017-10-23,2.382142857142857,,,,,296
2017-10-24,2017-10-24,2.8964285714285714,,,,,297
2017-10-25,2017-10-25,6.835714285714287,,,,,298
2017-10-26,2017-10-26,4.182142857142858,,,,,299
2017-10-27,2017-10-27,8.200000000000001,,,,,300
2017-10-28,2017-10-28,9.082142857142857,,,,,301
2017-10-29,2017-10-29,6.221428571428571,,,,,302
2017-10-30,2017-10-30,5.935714285714285,,,,,303
2017-10-31,2017-10-31,2.0142857142857142,,,,,304
2017-11-01,2017-11-01,0.0,,,,,305
2017-11-02,2017-11-02,0.0,,,,,306
2017-11-03,2017-11-03,3.7,,,,,307
2017-11-04,2017-11-04,23.7,,,,,308
2017-11-05,2017-11-05,2.1,,,,,309
2017-11-06,2017-11-06,3.0,,,,,310
2017-11-07,2017-11-07,0.0,,,,,311
2017-11-08,2017-11-08,1.2,,,,,312
2017-11-09,2017-11-09,40.0,,,,,313
2017-11-10,2017-11-10,10.006896551724138,,,,,314
2017-11-11,2017-11-11,5.024137931034482,,,,,315
2017-11-12,2017-11-12,1.65,,,,,316
2017-11-13,2017-11-13,6.917857142857143,,,,,317
2017-11-14,2017-11-14,8.267857142857142,,,,,318
2017-11-15,2017-11-15,6.1,,,,,319
2017-11-16,2017-11-16,33.8,,,,,320
2017-11-17,2017-11-17,0.9,,,,,321
2017-11-18,2017-11-18,20.3,,,,,322
2017-11-19,2017-11-19,6.4,,,,,323
2017-11-20,2017-11-20,33.0,,,,,324
2017-11-21,2017-11-21,68.3,,,,,325
2017-11-22,2017-11-22,34.6,,,,,326
2017-11-23,2017-11-23,39.9,,,,,327
2017-11-24,2017-11-24,0.2,,,,,328
2017-11-25,2017-11-25,0.0,,,,,329
2017-11-26,2017-11-26,1.3,,,,,330
2017-11-27,2017-11-27,0.0,,,,,331
2017-11-28,2017-11-28,0.7,,,,,332
2017-11-29,2017-11-29,47.2,,,,,333
2017-11-30,2017-11-30,0.0,,,,,334
2017-12-01,2017-12-01,4.1,30.3,26.2,76,6.7,335
2017-12-02,2017-12-02,2.2,30.2,25,81,4.4,336
2017-12-03,2017-12-03,6.9,33.5,25.4,76,0,337
2017-12-04,2017-12-04,0.0,32.7,24.8,80,4.4,338
2017-12-05,2017-12-05,0.0,31.7,25.6,78,4.4,339
2017-12-06,2017-12-06,1.1,33.8,25.9,79,0,340
2017-12-07,2017-12-07,2.9,30.3,25,90,2.5,341
2017-12-08,2017-12-08,4.2,31.9,24.1,78,0,342
2017-12-09,2017-12-09,0.0,30.2,25,75,4.4,343
2017-12-10,2017-12-10,0.0,30.1,24.2,70,4.4,344
2017-12-11,2017-12-11,5.8,30.4,25,78,4.4,345
2017-12-12,2017-12-12,0.0,30.7,23.9,81,0,346
2017-12-13,2017-12-13,27.3,30.8,23.9,77,4.4,347
2017-12-14,2017-12-14,109.2,28.6,24,81,2.5,348
2017-12-15,2017-12-15,17.1,30.5,24.1,84,4.4,349
2017-12-16,2017-12-16,58.7,26.3,24.1,92,0,350
2017-12-17,2017-12-17,0.6,28.9,23.1,75,6.7,351
2017-12-18,2017-12-18,6.3,29.4,22.4,71,4.4,352
2017-12-19,2017-12-19,1.7,29.6,23.5,78,4.4,353
2017-12-20,2017-12-20,11.1,27.4,24.4,86,4.4,354
2017-12-21,2017-12-21,0.2,28.6,24,76,6.7,355
2017-12-22,2017-12-22,37.1,26.2,25.6,87,4.4,356
2017-12-23,2017-12-23,28.1,31.5,24.4,91,4.4,357
2017-12-24,2017-12-24,1.5,32.9,24.5,79,4.4,358
2017-12-25,2017-12-25,0.0,32.3,25.4,77,4.4,359
2017-12-26,2017-12-26,0.8,32.1,25,71,0,360
2017-12-27,2017-12-27,0.0,29.8,23.6,77,4.4,361
2017-12-28,2017-12-28,13.466666666666667,,24.7,75,4.4,362
2017-12-29,2017-12-29,7.096666666666666,,,,,363
2017-12-30,2017-12-30,16.026666666666664,,,,,364
2017-12-31,2017-12-31,6.5344827586206895,,,,,365
2018-01-01,2018-01-01,6.9,,,,,1
2018-01-02,2018-01-02,0.0,,,,,2
2018-01-03,2018-01-03,0.0,31,,83,2.5,3
2018-01-04,2018-01-04,0.0,32.3,25.4,78,4.4,4
2018-01-05,2018-01-05,0.0,31.3,24.5,74,4.4,5
2018-01-06,2018-01-06,0.0,32.4,23.6,79,4.4,6
2018-01-07,2018-01-07,0.0,32.8,25.7,73,4.4,7
2018-01-08,2018-01-08,0.0,31.8,25.5,69,4.4,8
2018-01-09,2018-01-09,14.8,31.4,25,71,4.4,9
2018-01-10,2018-01-10,29.7,31.2,23.9,85,4.4,10
2018-01-11,2018-01-11,4.5,30.5,23.5,84,4.4,11
2018-01-12,2018-01-12,12.7,30.3,24.5,85,4.4,12
2018-01-13,2018-01-13,74.8,30.5,25,82,4.4,13
2018-01-14,2018-01-14,66.5,27.8,23,86,4.4,14
2018-01-15,2018-01-15,19.5,31.4,23.1,85,0,15
2018-01-16,2018-01-16,0.0,32.1,23.5,95,0,16
2018-01-17,2018-01-17,0.0,32.9,24.1,70,0,17
2018-01-18,2018-01-18,0.0,32.5,25.9,69,4.4,18
2018-01-19,2018-01-19,5.4,31.7,25,70,2.5,19
2018-01-20,2018-01-20,0.2,32.2,26.5,77,4.4,20
2018-01-21,2018-01-21,6.6,31.6,26.4,71,6.7,21
2018-01-22,2018-01-22,11.0,31.5,25,83,4.4,22
2018-01-23,2018-01-23,0.0,30.7,26,78,6.7,23
2018-01-24,2018-01-24,3.2,30.9,26.1,77,4.4,24
2018-01-25,2018-01-25,0.2,30.1,25.5,89,2.5,25
2018-01-26,2018-01-26,10.2,32.6,24.9,81,0.9,26
2018-01-27,2018-01-27,3.6,31.3,24.5,74,4.4,27
2018-01-28,2018-01-28,1.1,33.8,24.7,75,4.4,28
2018-01-29,2018-01-29,6.1,33.4,25.7,75,2.5,29
2018-01-30,2018-01-30,0.0,33.4,25.5,78,4.4,30
2018-01-31,2018-01-31,19.3,32.5,25.6,85,0,31
2018-02-01,2018-02-01,12.246875000000001,,,,0,32
2018-02-02,2018-02-02,13.853125,,,,,33
2018-02-03,2018-02-03,7.365625000000001,,,,,34
2018-02-04,2018-02-04,10.059375000000003,,,,,35
2018-02-05,2018-02-05,8.703125,,,,,36
2018-02-06,2018-02-06,9.087499999999999,,,,,37
2018-02-07,2018-02-07,5.3218749999999995,,,,,38
2018-02-08,2018-02-08,10.425,,,,,39
2018-02-09,2018-02-09,6.606451612903224,,,,,40
2018-02-10,2018-02-10,10.677419354838708,,,,,41
2018-02-11,2018-02-11,12.751612903225805,,,,,42
2018-02-12,2018-02-12,9.374193548387096,,,,,43
2018-02-13,2018-02-13,13.00625,,,,,44
2018-02-14,2018-02-14,4.971875000000001,,,,,45
2018-02-15,2018-02-15,14.490625,,,,,46
2018-02-16,2018-02-16,14.928125,,,,,47
2018-02-17,2018-02-17,11.2375,,,,,48
2018-02-18,2018-02-18,8.78125,,,,,49
2018-02-19,2018-02-19,8.525806451612901,,,,,50
2018-02-20,2018-02-20,12.486666666666668,,,,,51
2018-02-21,2018-02-21,9.474193548387097,,,,,52
2018-02-22,2018-02-22,15.593750000000002,,,,,53
2018-02-23,2018-02-23,11.23125,,,,,54
2018-02-24,2018-02-24,15.35,,,,,55
2018-02-25,2018-02-25,5.5375,,,,,56
2018-02-26,2018-02-26,9.465625000000001,,,,,57
2018-02-27,2018-02-27,15.087499999999999,,,,,58
2018-02-28,2018-02-28,8.556249999999999,,,,,59
2018-03-01,2018-03-01,55.2,31.3,23.5,75,0,60
2018-03-02,2018-03-02,8.4,29.4,23.3,91,0,61
2018-03-03,2018-03-03,21.2,31.4,23.5,96,0,62
2018-03-04,2018-03-04,14.3,30.1,23.3,80,0,63
2018-03-05,2018-03-05,17.1,30.1,23,79,0,64
2018-03-06,2018-03-06,17.9,30.8,22,75,4.4,65
2018-03-07,2018-03-07,0.0,31.4,23.1,76,4.4,66
2018-03-08,2018-03-08,0.0,31.7,25.6,74,4.4,67
2018-03-09,2018-03-09,14.4,32.1,24.5,79,4.4,68
2018-03-10,2018-03-10,5.9,31.6,24,72,0,69
2018-03-11,2018-03-11,26.9,32.1,24,74,0,70
2018-03-12,2018-03-12,3.6,31.6,24.8,72,0,71
2018-03-13,2018-03-13,13.3,32.1,25.9,72,4.4,72
2018-03-14,2018-03-14,0.0,31.5,24.6,77,4.4,73
2018-03-15,2018-03-15,0.2,31.4,27,73,4.4,74
2018-03-16,2018-03-16,0.5,32.1,26,79,0.9,75
2018-03-17,2018-03-17,8.0,31.8,24.6,72,2.5,76
2018-03-18,2018-03-18,1.3,31.8,25.4,70,4.4,77
2018-03-19,2018-03-19,0.0,32.4,25.4,80,4.4,78
2018-03-20,2018-03-20,0.0,31.5,24.7,88,0,79
2018-03-21,2018-03-21,0.0,31.7,24.4,73,2.5,80
2018-03-22,2018-03-22,6.5,33.6,24.2,74,0,81
2018-03-23,2018-03-23,0.8,32.5,24.1,80,0,82
2018-03-24,2018-03-24,3.5,31.7,25.2,69,4.4,83
2018-03-25,2018-03-25,3.2,31.9,25,79,4.4,84
2018-03-26,2018-03-26,26.0,32.3,24.4,91,4.4,85
2018-03-27,2018-03-27,10.1,31.8,24.1,82,2.5,86
2018-03-28,2018-03-28,43.6,28.9,24,94,4.4,87
2018-03-29,2018-03-29,20.2,29,24.1,89,4.4,88
2018-03-30,2018-03-30,21.2,28.3,23.5,93,0,89
2018-03-31,2018-03-31,41.5,28,24,94,0,90
2018-04-01,2018-04-01,39.8,28.8,23,92,4.4,91
2018-04-02,2018-04-02,64.3,29.7,24.3,84,4.4,92
2018-04-03,2018-04-03,4.7,32.6,24.9,87,2.5,93
2018-04-04,2018-04-04,25.6,32.3,25.4,81,0,94
2018-04-05,2018-04-05,45.8,30,24.4,89,4.4,95
2018-04-06,2018-04-06,50.6,28.6,24.2,90,4.4,96
2018-04-07,2018-04-07,47.4,28.1,24.2,85,2.5,97
2018-04-08,2018-04-08,16.0,27.1,24.1,94,0,98
2018-04-09,2018-04-09,58.3,29.8,23.6,92,0,99
2018-04-10,2018-04-10,13.7,29.1,24,86,6.7,100
2018-04-11,2018-04-11,3.8,32.2,25.7,87,4.4,101
2018-04-12,2018-04-12,0.0,28,25,77,6.7,102
2018-04-13,2018-04-13,0.0,28.2,24.6,62,6.7,103
2018-04-14,2018-04-14,0.0,28.6,24,60,6.7,104
2018-04-15,2018-04-15,0.0,29.6,25,59,6.7,105
2018-04-16,2018-04-16,0.0,29.3,25.1,75,6.7,106
2018-04-17,2018-04-17,0.0,28.9,25.2,63,6.7,107
2018-04-18,2018-04-18,0.0,29.8,25.1,69,6.7,108
2018-04-19,2018-04-19,0.5,28.7,25.1,74,4.4,109
2018-04-20,2018-04-20,2.0,30.8,25.1,87,2.5,110
2018-04-21,2018-04-21,0.0,31.3,24.5,76,0,111
2018-04-22,2018-04-22,0.0,32.6,23.8,81,0,112
2018-04-23,2018-04-23,0.0,32,24.9,74,4.4,113
2018-04-24,2018-04-24,1.8,29.5,25.4,78,4.4,114
2018-04-25,2018-04-25,33.3,30,24.8,71,4.4,115
2018-04-26,2018-04-26,0.2,30.3,24.5,94,2.5,116
2018-04-27,2018-04-27,0.0,30.1,25,71,4.4,117
2018-04-28,2018-04-28,0.0,29.9,22.6,76,0,118
2018-04-29,2018-04-29,0.0,31.2,23.1,76,0,119
2018-04-30,2018-04-30,10.5,32.2,23.9,90,2.5,120
2018-05-01,2018-05-01,6.789655172413793,,,,,121
2018-05-02,2018-05-02,12.106666666666666,,,,,122
2018-05-03,2018-05-03,9.827586206896552,,,,,123
2018-05-04,2018-05-04,13.23448275862069,,,,,124
2018-05-05,2018-05-05,9.4,,,,,125
2018-05-06,2018-05-06,9.196666666666665,,,,,126
2018-05-07,2018-05-07,6.58,,,,,127
2018-05-08,2018-05-08,3.4633333333333334,,,,,128
2018-05-09,2018-05-09,3.133333333333333,,,,,129
2018-05-10,2018-05-10,2.8499999999999996,,,,,130
2018-05-11,2018-05-11,3.306896551724137,,,,,131
2018-05-12,2018-05-12,2.286206896551724,,,,,132
2018-05-13,2018-05-13,4.706666666666665,,,,,133
2018-05-14,2018-05-14,11.665517241379309,,,,,134
2018-05-15,2018-05-15,5.70344827586207,,,,,135
2018-05-16,2018-05-16,1.7517241379310342,,,,,136
2018-05-17,2018-05-17,10.613333333333335,,,,,137
2018-05-18,2018-05-18,4.540000000000001,,,,,138
2018-05-19,2018-05-19,2.87,,,,,139
2018-05-20,2018-05-20,5.203333333333333,,,,,140
2018-05-21,2018-05-21,4.3566666666666665,,,,,141
2018-05-22,2018-05-22,4.153333333333333,,,,,142
2018-05-23,2018-05-23,6.926666666666667,,,,,143
2018-05-24,2018-05-24,4.156666666666666,,,,,144
2018-05-25,2018-05-25,9.223333333333333,,,,,145
2018-05-26,2018-05-26,2.0766666666666667,,,,,146
2018-05-27,2018-05-27,2.36,,,,,147
2018-05-28,2018-05-28,3.9344827586206903,,,,,148
2018-05-29,2018-05-29,5.1068965517241365,,,,,149
2018-05-30,2018-05-30,5.510000000000001,,,,,150
2018-05-31,2018-05-31,7.646666666666666,,,,,151
2018-06-01,2018-06-01,9.6,28.1,23.5,89,6.7,152
2018-06-02,2018-06-02,10.3,27.8,24,97,2.5,153
2018-06-03,2018-06-03,0.0,29.5,23.9,89,0,154
2018-06-04,2018-06-04,0.0,30.1,23.5,80,0,155
2018-06-05,2018-06-05,0.0,30.4,24.2,84,0,156
2018-06-06,2018-06-06,0.0,28.9,24.8,80,4.4,157
2018-06-07,2018-06-07,6.0,31,24.5,79,4.4,158
2018-06-08,2018-06-08,0.8,26.8,22,76,6.7,159
2018-06-09,2018-06-09,17.0,29.4,22.3,80,0,160
2018-06-10,2018-06-10,0.0,30.4,23.4,86,0,161
2018-06-11,2018-06-11,8.1,30.5,23.6,89,4.4,162
2018-06-12,2018-06-12,10.9,29.4,24,77,2.5,163
2018-06-13,2018-06-13,0.8,28.9,24.5,95,6.7,164
2018-06-14,2018-06-14,0.0,29.5,24.5,88,4.4,165
2018-06-15,2018-06-15,1.5,28.4,25,82,6.7,166
2018-06-16,2018-06-16,0.0,27.1,24.2,80,6.7,167
2018-06-17,2018-06-17,0.1,27.1,22.7,71,6.7,168
2018-06-18,2018-06-18,0.0,28.1,22.6,84,4.4,169
2018-06-19,2018-06-19,0.0,28.6,23.7,80,4.4,170
2018-06-20,2018-06-20,0.0,28.4,23.7,82,0,171
2018-06-21,2018-06-21,0.0,28.9,22.4,85,4.4,172
2018-06-22,2018-06-22,3.5,27.9,24.2,84,4.4,173
2018-06-23,2018-06-23,3.7,25.4,23.8,84,6.7,174
2018-06-24,2018-06-24,4.3,26.5,22.5,85,4.4,175
2018-06-25,2018-06-25,0.0,28.2,23.4,87,4.4,176
2018-06-26,2018-06-26,0.0,28.3,24.4,79,4.4,177
2018-06-27,2018-06-27,0.0,26.4,24.1,64,6.7,178
2018-06-28,2018-06-28,0.0,26.1,23.2,70,6.7,179
2018-06-29,2018-06-29,1.1,27.4,22.7,72,4.4,180
2018-06-30,2018-06-30,1.3,26.6,22.4,65,6.7,181
2018-07-01,2018-07-01,1.8,24.9,21.9,88,9.35,182
2018-07-02,2018-07-02,0.0,26.7,21.9,78,6.7,183
2018-07-03,2018-07-03,0.2,27.2,22.5,54,6.7,184
2018-07-04,2018-07-04,0.0,28.4,22.4,72,6.7,185
2018-07-05,2018-07-05,9.8,27.6,22.8,72,6.7,186
2018-07-06,2018-07-06,11.2,26.4,22.9,84,6.7,187
2018-07-07,2018-07-07,0.0,26,21,77,6.7,188
2018-07-08,2018-07-08,0.6,26.6,20.8,65,4.4,189
2018-07-09,2018-07-09,0.0,27.3,22.4,76,4.4,190
2018-07-10,2018-07-10,0.0,28.6,22.8,80,4.4,191
2018-07-11,2018-07-11,0.0,28.2,23,76,4.4,192
2018-07-12,2018-07-12,0.8,28.9,22.5,76,2.5,193
2018-07-13,2018-07-13,2.8,27.8,23.6,90,6.7,194
2018-07-14,2018-07-14,0.0,27.8,23.1,81,4.4,195
2018-07-15,2018-07-15,0.0,28.2,23.6,78,4.4,196
2018-07-16,2018-07-16,4.9,26.2,24.3,87,2.5,197
2018-07-17,2018-07-17,6.1,28.2,24.1,87,4.4,198
2018-07-18,2018-07-18,0.0,28.6,22.5,86,0,199
2018-07-19,2018-07-19,0.0,28.4,23.6,79,4.4,200
2018-07-20,2018-07-20,0.0,27.6,23.1,80,4.4,201
2018-07-21,2018-07-21,2.4,27.7,23.5,74,6.7,202
2018-07-22,2018-07-22,0.0,28.1,22.6,74,6.7,203
2018-07-23,2018-07-23,0.0,27.9,22.6,77,4.4,204
2018-07-24,2018-07-24,0.0,27.6,20.5,69,2.5,205
2018-07-25,2018-07-25,0.0,26.2,22.4,80,6.7,206
2018-07-26,2018-07-26,0.0,26.8,22.6,59,6.7,207
2018-07-27,2018-07-27,0.0,28.2,21.6,76,4.4,208
2018-07-28,2018-07-28,0.0,26.7,23.4,74,6.7,209
2018-07-29,2018-07-29,0.0,28.2,22.5,73,6.7,210
2018-07-30,2018-07-30,0.0,27.6,23.1,73,6.7,211
2018-07-31,2018-07-31,0.0,27.4,23.6,75,6.7,212
2018-08-01,2018-08-01,0.0,28.5,22.9,75,4.4,213
2018-08-02,2018-08-02,0.0,26.3,23.1,74,6.7,214
2018-08-03,2018-08-03,0.0,27.2,21.6,61,4.4,215
2018-08-04,2018-08-04,0.0,27.2,19.1,67,4.4,216
2018-08-05,2018-08-05,0.0,25.9,20.6,58,6.7,217
2018-08-06,2018-08-06,0.0,25.9,21.8,67,6.7,218
2018-08-07,2018-08-07,0.0,24.8,21.2,61,6.7,219
2018-08-08,2018-08-08,0.0,26,19.2,73,0,220
2018-08-09,2018-08-09,0.0,25.7,18.4,64,4.4,221
2018-08-10,2018-08-10,0.3,26.2,22.4,63,4.4,222
2018-08-11,2018-08-11,0.0,27.5,21.2,70,2.5,223
2018-08-12,2018-08-12,0.0,30.1,21.4,81,0,224
2018-08-13,2018-08-13,0.0,27.6,21.1,68,4.4,225
2018-08-14,2018-08-14,0.0,27.5,20.2,64,4.4,226
2018-08-15,2018-08-15,0.0,27.1,21.7,72,4.4,227
2018-08-16,2018-08-16,0.0,26.8,20.5,83,6.7,228
2018-08-17,2018-08-17,0.0,28.5,23.2,79,6.7,229
2018-08-18,2018-08-18,0.0,30.3,23.5,71,6.7,230
2018-08-19,2018-08-19,0.0,28.4,22,84,4.4,231
2018-08-20,2018-08-20,0.0,28.6,22.7,77,4.4,232
2018-08-21,2018-08-21,0.0,29.2,22.5,79,0,233
2018-08-22,2018-08-22,0.0,30.8,21.4,79,0,234
2018-08-23,2018-08-23,0.0,29.5,23.4,64,4.4,235
2018-08-24,2018-08-24,0.0,29.9,23.3,79,4.4,236
2018-08-25,2018-08-25,0.7,26.8,24.5,76,6.7,237
2018-08-26,2018-08-26,1.4,26,22.3,91,6.7,238
2018-08-27,2018-08-27,1.6,27.9,21.6,76,6.7,239
2018-08-28,2018-08-28,0.4,27.1,23.1,80,4.4,240
2018-08-29,2018-08-29,0.0,28.1,23.1,63,6.7,241
2018-08-30,2018-08-30,0.0,31,23.4,67,2.5,242
2018-08-31,2018-08-31,0.0,30.3,22.4,79,0,243
2018-09-01,2018-09-01,3.6555555555555554,,,,,244
2018-09-02,2018-09-02,5.114814814814815,,,,,245
2018-09-03,2018-09-03,2.840740740740741,,,,,246
2018-09-04,2018-09-04,3.0,,,,,247
2018-09-05,2018-09-05,1.3620689655172413,,,,,248
2018-09-06,2018-09-06,1.9172413793103447,,,,,249
2018-09-07,2018-09-07,0.7517241379310345,,,,,250
2018-09-08,2018-09-08,3.6551724137931036,,,,,251
2018-09-09,2018-09-09,1.5551724137931038,,,,,252
2018-09-10,2018-09-10,1.9620689655172416,,,,,253
2018-09-11,2018-09-11,3.7896551724137937,,,,,254
2018-09-12,2018-09-12,7.031034482758618,,,,,255
2018-09-13,2018-09-13,8.037931034482757,,,,,256
2018-09-14,2018-09-14,6.013793103448276,,,,,257
2018-09-15,2018-09-15,2.5793103448275865,,,,,258
2018-09-16,2018-09-16,1.9689655172413791,,,,,259
2018-09-17,2018-09-17,5.5,,,,,260
2018-09-18,2018-09-18,3.9379310344827587,,,,,261
2018-09-19,2018-09-19,1.2034482758620688,,,,,262
2018-09-20,2018-09-20,3.296551724137931,,,,,263
2018-09-21,2018-09-21,3.4103448275862065,,,,,264
2018-09-22,2018-09-22,4.0137931034482754,,,,,265
2018-09-23,2018-09-23,8.217241379310343,,,,,266
2018-09-24,2018-09-24,3.9206896551724135,,,,,267
2018-09-25,2018-09-25,2.4793103448275864,,,,,268
2018-09-26,2018-09-26,5.682758620689657,,,,,269
2018-09-27,2018-09-27,3.0357142857142856,,,,,270
2018-09-28,2018-09-28,2.8071428571428574,,,,,271
2018-09-29,2018-09-29,4.425,,,,,272
2018-09-30,2018-09-30,1.3148148148148149,,,,,273
2018-10-01,2018-10-01,4.2,27.2,21.9,78,6.7,274
2018-10-02,2018-10-02,1.5,27.8,22.3,70,6.7,275
2018-10-03,2018-10-03,71.2,28.1,24.5,79,4.4,276
2018-10-04,2018-10-04,1.5,31.9,23.5,82,0,277
2018-10-05,2018-10-05,0.0,27.5,24,90,6.7,278
2018-10-06,2018-10-06,0.0,31.4,23.6,79,4.4,279
2018-10-07,2018-10-07,11.0,30.6,24.5,83,4.4,280
2018-10-08,2018-10-08,0.9,27.6,24.1,90,4.4,281
2018-10-09,2018-10-09,15.8,28.8,24.6,84,6.7,282
2018-10-10,2018-10-10,0.9,29.5,23.5,84,0,283
2018-10-11,2018-10-11,28.7,29.4,24,79,4.4,284
2018-10-12,2018-10-12,0.0,29.4,23.5,86,4.4,285
2018-10-13,2018-10-13,28.3,29.2,25.3,87,4.4,286
2018-10-14,2018-10-14,66.6,29,23.9,97,4.4,287
2018-10-15,2018-10-15,101.3,26.9,23.9,90,6.7,288
2018-10-16,2018-10-16,8.0,27,22.9,91,6.7,289
2018-10-17,2018-10-17,110.5,28.4,23.5,92,6.7,290
2018-10-18,2018-10-18,4.2,29.4,22.6,87,6.7,291
2018-10-19,2018-10-19,109.0,29,24.3,85,4.4,292
2018-10-20,2018-10-20,3.8,27.4,23.3,89,4.4,293
2018-10-21,2018-10-21,0.5,26,23.8,77,6.7,294
2018-10-22,2018-10-22,0.2,29.3,24.5,74,6.7,295
2018-10-23,2018-10-23,4.1,29.2,24.5,89,6.7,296
2018-10-24,2018-10-24,7.4,28.3,23.5,78,6.7,297
2018-10-25,2018-10-25,2.6,29.1,24.1,97,4.4,298
2018-10-26,2018-10-26,2.5,30.4,23.6,76,4.4,299
2018-10-27,2018-10-27,47.0,29,23.6,95,0,300
2018-10-28,2018-10-28,0.0,31.4,21.9,93,0,301
2018-10-29,2018-10-29,0.0,29,24,79,4.4,302
2018-10-30,2018-10-30,0.0,28.9,23.4,79,4.4,303
2018-10-31,2018-10-31,0.7,29.2,22,67,4.4,304
2018-11-01,2018-11-01,3.535714285714286,,,,,305
2018-11-02,2018-11-02,2.8896551724137933,,,,,306
2018-11-03,2018-11-03,4.88,,,,,307
2018-11-04,2018-11-04,6.023333333333332,,,,,308
2018-11-05,2018-11-05,8.076666666666666,,,,,309
2018-11-06,2018-11-06,2.909999999999999,,,,,310
2018-11-07,2018-11-07,7.35,,,,,311
2018-11-08,2018-11-08,5.386666666666667,,,,,312
2018-11-09,2018-11-09,7.220000000000001,,,,,313
2018-11-10,2018-11-10,10.006896551724138,,,,,314
2018-11-11,2018-11-11,5.024137931034482,,,,,315
2018-11-12,2018-11-12,1.65,,,,,316
2018-11-13,2018-11-13,6.917857142857143,,,,,317
2018-11-14,2018-11-14,8.267857142857142,,,,,318
2018-11-15,2018-11-15,8.990000000000002,,,,,319
2018-11-16,2018-11-16,9.996666666666666,,,,,320
2018-11-17,2018-11-17,4.726666666666668,,,,,321
2018-11-18,2018-11-18,5.2666666666666675,,,,,322
2018-11-19,2018-11-19,7.0379310344827575,,,,,323
2018-11-20,2018-11-20,4.348275862068966,,,,,324
2018-11-21,2018-11-21,5.458620689655173,,,,,325
2018-11-22,2018-11-22,10.87241379310345,,,,,326
2018-11-23,2018-11-23,7.306896551724139,,,,,327
2018-11-24,2018-11-24,6.741379310344826,,,,,328
2018-11-25,2018-11-25,8.924137931034481,,,,,329
2018-11-26,2018-11-26,7.456666666666667,,,,,330
2018-11-27,2018-11-27,6.026666666666667,,,,,331
2018-11-28,2018-11-28,5.506896551724139,,,,,332
2018-11-29,2018-11-29,8.70344827586207,,,,,333
2018-11-30,2018-11-30,5.275862068965517,,,,,334
2018-12-01,2018-12-01,0.0,30.4,25.4,83,0,335
2018-12-02,2018-12-02,24.8,29,24.6,78,6.7,336
2018-12-03,2018-12-03,6.2,32.9,23.5,90,9.35,337
2018-12-04,2018-12-04,0.4,30,23.8,94,2.5,338
2018-12-05,2018-12-05,36.9,31.4,25.1,78,4.4,339
2018-12-06,2018-12-06,0.0,30.9,24.5,77,4.4,340
2018-12-07,2018-12-07,25.0,30.9,25.3,79,4.4,341
2018-12-08,2018-12-08,9.5,29.5,23.4,83,4.4,342
2018-12-09,2018-12-09,0.0,28.7,23.7,84,6.7,343
2018-12-10,2018-12-10,0.0,28.9,24.6,81,6.7,344
2018-12-11,2018-12-11,0.0,29.6,24,77,6.7,345
2018-12-12,2018-12-12,2.7,28.4,24.5,75,4.4,346
2018-12-13,2018-12-13,5.8,29.9,23.6,80,6.7,347
2018-12-14,2018-12-14,0.8,31.7,25,98,0,348
2018-12-15,2018-12-15,4.6,31.5,25.1,77,2.5,349
2018-12-16,2018-12-16,0.0,32.6,24,81,0,350
2018-12-17,2018-12-17,0.0,30.8,24.5,79,4.4,351
2018-12-18,2018-12-18,0.5,32.9,24.6,78,0,352
2018-12-19,2018-12-19,11.7,32.6,25.6,84,0,353
2018-12-20,2018-12-20,30.5,31.5,24.5,79,4.4,354
2018-12-21,2018-12-21,2.4,31.3,24.4,78,1.5,355
2018-12-22,2018-12-22,0.0,32,26.7,84,4.4,356
2018-12-23,2018-12-23,0.0,31.4,27,76,4.4,357
2018-12-24,2018-12-24,0.4,31.4,27.4,85,6.7,358
2018-12-25,2018-12-25,1.0,31.6,27,80,4.4,359
2018-12-26,2018-12-26,8.4,31.9,26.9,89,4.4,360
2018-12-27,2018-12-27,2.0,30.5,26.5,84,6.7,361
2018-12-28,2018-12-28,12.7,31.8,26.1,84,6.7,362
2018-12-29,2018-12-29,40.0,29.2,24.6,88,6.7,363
2018-12-30,2018-12-30,7.3,28.5,23.4,88,6.7,364
2018-12-31,2018-12-31,48.6,28.4,23.1,,,365
2019-01-01,2019-01-01,1.8,29.6,23.6,78,9.35,1
2019-01-02,2019-01-02,2.2,28.6,25.4,90,9.35,2
2019-01-03,2019-01-03,104.4,27,25.1,90,9.35,3
2019-01-04,2019-01-04,59.5,27.4,24.5,98,6.7,4
2019-01-05,2019-01-05,44.4,28,25.6,97,6.7,5
2019-01-06,2019-01-06,35.0,26.9,25.1,95,12.3,6
2019-01-07,2019-01-07,14.8,27.2,24.6,93,9.35,7
2019-01-08,2019-01-08,3.9,31.6,25.4,81,4.4,8
2019-01-09,2019-01-09,10.4,29.5,25.5,93,6.7,9
2019-01-10,2019-01-10,18.0,31.4,25,81,0,10
2019-01-11,2019-01-11,9.0,29.4,25,85,0,11
2019-01-12,2019-01-12,2.0,31.1,25,95,0,12
2019-01-13,2019-01-13,0.2,33.4,24.5,77,0,13
2019-01-14,2019-01-14,0.0,32.9,25.5,77,0,14
2019-01-15,2019-01-15,30.2,32.9,26.1,74,0,15
2019-01-16,2019-01-16,1.0,33.1,25,73,0,16
2019-01-17,2019-01-17,0.0,31.7,26,85,2.5,17
2019-01-18,2019-01-18,5.6,31.2,25.5,79,4.4,18
2019-01-19,2019-01-19,136.0,29.7,25.6,85,2.5,19
2019-01-20,2019-01-20,19.5,31.6,24.2,81,4.4,20
2019-01-21,2019-01-21,2.1,33.1,24.4,86,0,21
2019-01-22,2019-01-22,0.5,31.7,25.1,80,2.5,22
2019-01-23,2019-01-23,1.0,31.4,26.4,79,4.4,23
2019-01-24,2019-01-24,0.2,32,25.8,84,6.7,24
2019-01-25,2019-01-25,13.8,30.6,25.9,74,6.7,25
2019-01-26,2019-01-26,0.0,31.2,25.1,77,4.4,26
2019-01-27,2019-01-27,0.0,31,26.3,76,2.5,27
2019-01-28,2019-01-28,38.8,31.4,25.2,87,0,28
2019-01-29,2019-01-29,1.8,30,23.3,94,0,29
2019-01-30,2019-01-30,4.2,30.8,24.5,75,4.4,30
2019-01-31,2019-01-31,0.0,31.5,24.4,69,4.4,31
2019-02-01,2019-02-01,0.8,31,26.2,75,4.4,32
2019-02-02,2019-02-02,6.0,32.1,25,75,0,33
2019-02-03,2019-02-03,1.8,33.2,25.2,76,0,34
2019-02-04,2019-02-04,6.8,31.4,25.1,73,0,35
2019-02-05,2019-02-05,2.0,32.1,24.5,74,4.4,36
2019-02-06,2019-02-06,1.1,32.6,25.6,72,4.4,37
2019-02-07,2019-02-07,0.4,31.8,26,89,4.4,38
2019-02-08,2019-02-08,0.9,32.5,25.9,76,0,39
2019-02-09,2019-02-09,1.9,31.7,26.6,83,4.4,40
2019-02-10,2019-02-10,0.0,31.3,26.6,84,6.7,41
2019-02-11,2019-02-11,0.0,30.5,27.4,85,6.7,42
2019-02-12,2019-02-12,0.0,31.1,26.6,73,4.4,43
2019-02-13,2019-02-13,2.1,31.8,26.5,75,4.4,44
2019-02-14,2019-02-14,1.5,29.3,25.5,95,4.4,45
2019-02-15,2019-02-15,0.3,32.4,26.4,84,4.4,46
2019-02-16,2019-02-16,0.9,33.7,26.4,78,0,47
2019-02-17,2019-02-17,0.0,34.5,26.1,68,0,48
2019-02-18,2019-02-18,0.0,32.8,25.2,75,4.4,49
2019-02-19,2019-02-19,4.3,33.1,25.4,70,0,50
2019-02-20,2019-02-20,0.1,33.5,25.9,84,0,51
2019-02-21,2019-02-21,8.1,32,26.1,73,0,52
2019-02-22,2019-02-22,0.0,31.5,25.5,93,4.4,53
2019-02-23,2019-02-23,0.0,31.9,26,71,4.4,54
2019-02-24,2019-02-24,0.0,31.6,26.1,60,4.4,55
2019-02-25,2019-02-25,0.0,31.7,26,61,4.4,56
2019-02-26,2019-02-26,0.0,29.1,26.4,82,4.4,57
2019-02-27,2019-02-27,0.0,31.4,26.1,73,0,58
2019-02-28,2019-02-28,16.9,34.9,27.2,80,4.4,59
2019-03-01,2019-03-01,0.0,,,77,0,60
2019-03-02,2019-03-02,36.9,,,75,4.63,61
2019-03-03,2019-03-03,9.5,,,77,4.63,62
2019-03-04,2019-03-04,14.9,,,73,0,63
2019-03-05,2019-03-05,0.0,,,64,,64
2019-03-06,2019-03-06,0.0,,,66,,65
2019-03-07,2019-03-07,11.5,,,65,4.63,66
2019-03-08,2019-03-08,3.2,,,69,4.63,67
2019-03-09,2019-03-09,55.1,,,77,4.63,68
2019-03-10,2019-03-10,37.9,,,84,4.63,69
2019-03-11,2019-03-11,0.0,,,78,2.57222,70
2019-03-12,2019-03-12,0.1,,,77,,71
2019-03-13,2019-03-13,5.890625,,,76,4.63,72
2019-03-14,2019-03-14,7.129032258064518,,,,,73
2019-03-15,2019-03-15,9.687096774193547,,,,,74
2019-03-16,2019-03-16,11.058064516129035,,,,,75
2019-03-17,2019-03-17,2.5,,,,,76
2019-03-18,2019-03-18,0.0,,,76,4.63,77
2019-03-19,2019-03-19,4.1,,,67,4.63,78
2019-03-20,2019-03-20,0.0,,,77,4.63,79
2019-03-21,2019-03-21,0.9,,,78,0,80
2019-03-22,2019-03-22,2.0,,,76,4.63,81
2019-03-23,2019-03-23,0.5,,,74,4.63,82
2019-03-24,2019-03-24,31.0,,,92,4.63,83
2019-03-25,2019-03-25,8.2,,,90,4.63,84
2019-03-26,2019-03-26,14.5,,,87,4.63,85
2019-03-27,2019-03-27,10.0,,,81,4.63,86
2019-03-28,2019-03-28,17.3,,,88,0,87
2019-03-29,2019-03-29,7.1,,,77,0,88
2019-03-30,2019-03-30,4.9,,,74,2.57222,89
2019-03-31,2019-03-31,72.2,,,94,0,90
2019-04-01,2019-04-01,13.8,,,,,91
2019-04-02,2019-04-02,10.306451612903226,,,,,92
2019-04-03,2019-04-03,7.786666666666666,,,,,93
2019-04-04,2019-04-04,9.083870967741936,,,,,94
2019-04-05,2019-04-05,10.470967741935485,,,,,95
2019-04-06,2019-04-06,11.880645161290321,,,,,96
2019-04-07,2019-04-07,8.829032258064515,,,,,97
2019-04-08,2019-04-08,6.764516129032258,,,,,98
2019-04-09,2019-04-09,14.674193548387096,,,,,99
2019-04-10,2019-04-10,7.4741935483870945,,,,,100
2019-04-11,2019-04-11,8.212903225806452,,,,,101
2019-04-12,2019-04-12,7.638709677419355,,,,,102
2019-04-13,2019-04-13,6.270967741935484,,,,,103
2019-04-14,2019-04-14,6.954838709677419,,,,,104
2019-04-15,2019-04-15,5.287096774193548,,,,,105
2019-04-16,2019-04-16,9.248387096774191,,,,,106
2019-04-17,2019-04-17,8.790322580645162,,,,,107
2019-04-18,2019-04-18,14.203225806451611,,,,,108
2019-04-19,2019-04-19,8.332258064516129,,,,,109
2019-04-20,2019-04-20,9.35161290322581,,,,,110
2019-04-21,2019-04-21,10.006451612903225,,,,,111
2019-04-22,2019-04-22,7.619354838709677,,,,,112
2019-04-23,2019-04-23,3.0064516129032257,,,,,113
2019-04-24,2019-04-24,4.564516129032259,,,,,114
2019-04-25,2019-04-25,6.709677419354837,,,,,115
2019-04-26,2019-04-26,9.419354838709678,,,,,116
2019-04-27,2019-04-27,12.63225806451613,,,,,117
2019-04-28,2019-04-28,6.577419354838709,,,,,118
2019-04-29,2019-04-29,9.337931034482757,,,,,119
2019-04-30,2019-04-30,9.563333333333333,,,,,120
2019-05-01,2019-05-01,0.0,30,25.1,72,4.63,121
2019-05-02,2019-05-02,0.4,29.1,25.3,67,4.63,122
2019-05-03,2019-05-03,0.0,26.5,24.1,66,6.68777,123
2019-05-04,2019-05-04,0.0,28.7,23.6,64,6.68777,124
2019-05-05,2019-05-05,10.8,28.4,23,76,6.68777,125
2019-05-06,2019-05-06,21.6,29.1,24.3,86,4.63,126
2019-05-07,2019-05-07,1.0,27.7,25,90,6.68777,127
2019-05-08,2019-05-08,0.0,28.7,24.2,86,6.68777,128
2019-05-09,2019-05-09,0.0,29.1,24.5,65,6.68777,129
2019-05-10,2019-05-10,0.6,28.7,25.2,76,4.63,130
2019-05-11,2019-05-11,0.0,28.2,24.1,75,6.68777,131
2019-05-12,2019-05-12,0.0,29.2,23.3,65,4.63,132
2019-05-13,2019-05-13,6.6,29.1,22,79,4.63,133
2019-05-14,2019-05-14,11.665517241379309,,24.2,64,6.68777,134
2019-05-15,2019-05-15,5.70344827586207,,,,,135
2019-05-16,2019-05-16,1.7517241379310342,,,,,136
2019-05-17,2019-05-17,10.0,,,,,137
2019-05-18,2019-05-18,0.0,28.6,,72,6.68777,138
2019-05-19,2019-05-19,4.5,27.2,24.1,77,6.68777,139
2019-05-20,2019-05-20,4.5,28.1,23.1,72,6.68777,140
2019-05-21,2019-05-21,13.2,26.1,22.5,85,4.63,141
2019-05-22,2019-05-22,0.0,28.5,23.6,89,4.63,142
2019-05-23,2019-05-23,0.0,30.9,23,81,0,143
2019-05-24,2019-05-24,0.0,31.2,24.1,80,0,144
2019-05-25,2019-05-25,0.0,30.4,21.6,81,4.63,145
2019-05-26,2019-05-26,0.0,29.7,21.6,78,1.02889,146
2019-05-27,2019-05-27,0.0,29.2,22.6,73,0,147
2019-05-28,2019-05-28,0.0,29.9,22.9,77,4.63,148
2019-05-29,2019-05-29,1.2,29.2,23.7,88,4.63,149
2019-05-30,2019-05-30,1.3,29.2,24.3,85,6.68777,150
2019-05-31,2019-05-31,1.4,29,24.3,79,4.63,151
2019-06-01,2019-06-01,0.0,30.1,23.6,78,4.63,152
2019-06-02,2019-06-02,1.9,30.5,24.3,80,4.63,153
2019-06-03,2019-06-03,6.3,27.7,23.6,95,4.63,154
2019-06-04,2019-06-04,0.0,27.9,23.9,76,4.63,155
2019-06-05,2019-06-05,0.6,28.1,23.7,83,4.63,156
2019-06-06,2019-06-06,0.1,32.3,23.5,79,4.63,157
2019-06-07,2019-06-07,0.9,28.7,25.6,90,4.63,158
2019-06-08,2019-06-08,0.0,25.9,23.4,83,6.68777,159
2019-06-09,2019-06-09,1.0,27.4,23.1,59,4.63,160
2019-06-10,2019-06-10,21.4,28.5,21.4,90,6.68777,161
2019-06-11,2019-06-11,0.7,29.7,21.3,81,4.63,162
2019-06-12,2019-06-12,0.0,29.4,23,81,0,163
2019-06-13,2019-06-13,0.0,28.7,24.2,82,4.63,164
2019-06-14,2019-06-14,0.0,27.2,23.5,72,4.63,165
2019-06-15,2019-06-15,0.6,27.6,23.1,72,4.63,166
2019-06-16,2019-06-16,7.2,26.5,23.1,76,6.68777,167
2019-06-17,2019-06-17,6.9,26.7,23.1,92,6.68777,168
2019-06-18,2019-06-18,3.4,28.9,23.6,77,6.68777,169
2019-06-19,2019-06-19,1.4,28.1,24.2,91,4.63,170
2019-06-20,2019-06-20,0.0,28.2,24.5,82,4.63,171
2019-06-21,2019-06-21,1.4,28.6,24,85,4.63,172
2019-06-22,2019-06-22,0.0,27.9,22.5,80,4.63,173
2019-06-23,2019-06-23,0.0,28.5,24.1,75,6.68777,174
2019-06-24,2019-06-24,0.2,29.4,23.1,85,4.63,175
2019-06-25,2019-06-25,0.0,29.8,25.1,85,6.68777,176
2019-06-26,2019-06-26,0.1,28.6,25.1,82,6.68777,177
2019-06-27,2019-06-27,0.0,28.9,23.9,80,6.68777,178
2019-06-28,2019-06-28,2.5,27.7,24.6,79,6.68777,179
2019-06-29,2019-06-29,102.2,25.4,23.3,85,4.63,180
2019-06-30,2019-06-30,3.2,25.9,20.9,92,0,181
2019-07-01,2019-07-01,0.0,30.9,23.2,78,4.63,182
2019-07-02,2019-07-02,0.0,28.9,21.4,79,4.63,183
2019-07-03,2019-07-03,0.0,28.5,22.8,81,4.63,184
2019-07-04,2019-07-04,4.3,29.5,22.8,80,,185
2019-07-05,2019-07-05,1.4,29.4,24.6,87,4.63,186
2019-07-06,2019-07-06,0.2,29.4,24.6,87,4.63,187
2019-07-07,2019-07-07,0.5,28.1,24,76,6.68777,188
2019-07-08,2019-07-08,0.2,29.1,24,88,4.63,189
2019-07-09,2019-07-09,1.9,27.7,23.8,91,4.63,190
2019-07-10,2019-07-10,4.7,27.3,24.3,85,4.63,191
2019-07-11,2019-07-11,6.4,28.5,23.6,89,4.63,192
2019-07-12,2019-07-12,1.0,29.2,24.4,91,6.68777,193
2019-07-13,2019-07-13,0.0,27.8,24.6,77,6.68777,194
2019-07-14,2019-07-14,0.0,27.9,22.6,66,4.63,195
2019-07-15,2019-07-15,0.0,27.9,21.4,70,0,196
2019-07-16,2019-07-16,0.0,31.2,19.4,70,0,197
2019-07-17,2019-07-17,1.4,28.1,21.3,82,4.63,198
2019-07-18,2019-07-18,4.8,27.4,23.4,87,4.63,199
2019-07-19,2019-07-19,1.9,30.7,23.5,83,4.63,200
2019-07-20,2019-07-20,22.3,29.6,24,88,0,201
2019-07-21,2019-07-21,0.0,24.9,23,99,6.68777,202
2019-07-22,2019-07-22,0.0,26.1,22.6,65,6.68777,203
2019-07-23,2019-07-23,0.0,26.1,21.5,55,4.63,204
2019-07-24,2019-07-24,0.2,27.9,21.4,66,4.63,205
2019-07-25,2019-07-25,0.4,27.1,20.7,69,4.63,206
2019-07-26,2019-07-26,28.1,24.9,21.9,90,6.68777,207
2019-07-27,2019-07-27,14.2,24.7,23,96,4.63,208
2019-07-28,2019-07-28,6.2,29.1,22.3,99,4.63,209
2019-07-29,2019-07-29,2.9,29.1,23.1,87,,210
2019-07-30,2019-07-30,0.5,28.6,24.3,94,4.63,211
2019-07-31,2019-07-31,0.9,28.5,24.5,86,4.63,212
2019-08-01,2019-08-01,7.12,,,,,213
2019-08-02,2019-08-02,6.126666666666667,,,,,214
2019-08-03,2019-08-03,5.34,,,,,215
2019-08-04,2019-08-04,3.776666666666667,,,,,216
2019-08-05,2019-08-05,0.6433333333333332,,,,,217
2019-08-06,2019-08-06,2.7517241379310344,,,,,218
2019-08-07,2019-08-07,8.937931034482759,,,,,219
2019-08-08,2019-08-08,6.793103448275862,,,,,220
2019-08-09,2019-08-09,6.751724137931035,,,,,221
2019-08-10,2019-08-10,3.639285714285714,,,,,222
2019-08-11,2019-08-11,2.6321428571428576,,,,,223
2019-08-12,2019-08-12,2.9827586206896552,,,,,224
2019-08-13,2019-08-13,1.0724137931034485,,,,,225
2019-08-14,2019-08-14,3.0966666666666667,,,,,226
2019-08-15,2019-08-15,4.923333333333334,,,,,227
2019-08-16,2019-08-16,4.653333333333332,,,,,228
2019-08-17,2019-08-17,3.73448275862069,,,,,229
2019-08-18,2019-08-18,3.9399999999999995,,,,,230
2019-08-19,2019-08-19,4.56206896551724,,,,,231
2019-08-20,2019-08-20,3.510344827586206,,,,,232
2019-08-21,2019-08-21,1.5833333333333333,,,,,233
2019-08-22,2019-08-22,3.0900000000000003,,,,,234
2019-08-23,2019-08-23,5.244827586206896,,,,,235
2019-08-24,2019-08-24,1.6266666666666667,,,,,236
2019-08-25,2019-08-25,3.1299999999999994,,,,,237
2019-08-26,2019-08-26,1.5933333333333333,,,,,238
2019-08-27,2019-08-27,2.1433333333333335,,,,,239
2019-08-28,2019-08-28,1.7833333333333337,,,,,240
2019-08-29,2019-08-29,4.21,,,,,241
2019-08-30,2019-08-30,2.596551724137931,,,,,242
2019-08-31,2019-08-31,3.099999999999999,,,,,243
2019-09-01,2019-09-01,0.0,28.1,23,81,6.68777,244
2019-09-02,2019-09-02,0.0,28.2,23.6,76,6.68777,245
2019-09-03,2019-09-03,41.3,30.3,24,85,4.63,246
2019-09-04,2019-09-04,26.4,24.9,21.3,89,4.63,247
2019-09-05,2019-09-05,0.0,30.4,22.6,76,4.63,248
2019-09-06,2019-09-06,0.0,26.2,22.2,65,6.68777,249
2019-09-07,2019-09-07,0.0,26.6,21.5,52,6.68777,250
2019-09-08,2019-09-08,0.0,27.4,21.5,55,6.68777,251
2019-09-09,2019-09-09,0.0,27.7,22,76,4.63,252
2019-09-10,2019-09-10,2.5,30,23.4,85,4.63,253
2019-09-11,2019-09-11,7.5,29.9,24,92,4.63,254
2019-09-12,2019-09-12,0.0,28.4,23.4,88,4.63,255
2019-09-13,2019-09-13,0.0,28.2,23.9,85,4.63,256
2019-09-14,2019-09-14,0.3,29,24,77,4.63,257
2019-09-15,2019-09-15,0.0,29.6,23.9,76,0,258
2019-09-16,2019-09-16,0.0,27.2,22.6,87,4.63,259
2019-09-17,2019-09-17,0.0,25.9,22.9,78,6.68777,260
2019-09-18,2019-09-18,0.0,27.2,23.1,76,6.68777,261
2019-09-19,2019-09-19,0.0,28.6,23,72,6.68777,262
2019-09-20,2019-09-20,0.0,27.9,23.3,71,6.68777,263
2019-09-21,2019-09-21,5.3,27.3,22.5,71,6.68777,264
2019-09-22,2019-09-22,0.8,25.4,19.5,91,6.68777,265
2019-09-23,2019-09-23,0.2,26.5,20.6,54,6.68777,266
2019-09-24,2019-09-24,0.0,27.6,20.4,54,6.68777,267
2019-09-25,2019-09-25,0.0,28.9,22.1,62,6.68777,268
2019-09-26,2019-09-26,0.0,28.6,23,68,4.63,269
2019-09-27,2019-09-27,0.0,27.3,22.5,70,4.63,270
2019-09-28,2019-09-28,10.5,26.4,23.1,78,6.68777,271
2019-09-29,2019-09-29,0.5,29.5,23.1,90,4.63,272
2019-09-30,2019-09-30,1.3148148148148149,31.4,24.4,76,4.63,273
2019-10-01,2019-10-01,0.0,30.4,24.2,63,6.68777,274
2019-10-02,2019-10-02,1.7,29.5,24.4,78,6.68777,275
2019-10-03,2019-10-03,4.6,27.7,23.9,93,6.68777,276
2019-10-04,2019-10-04,0.6,26.4,22.7,80,6.68777,277
2019-10-05,2019-10-05,2.0,26.9,22.6,90,6.68777,278
2019-10-06,2019-10-06,57.7,26.1,23.5,96,6.68777,279
2019-10-07,2019-10-07,11.8,28.6,22.3,78,4.63,280
2019-10-08,2019-10-08,5.9,29.5,22.5,92,0,281
2019-10-09,2019-10-09,4.6,30.7,22.9,75,0,282
2019-10-10,2019-10-10,1.6,30.1,23.5,76,4.63,283
2019-10-11,2019-10-11,0.2,30.5,24.5,70,4.63,284
2019-10-12,2019-10-12,0.4,30.2,25.2,79,4.63,285
2019-10-13,2019-10-13,0.0,29.4,25.1,81,6.68777,286
2019-10-14,2019-10-14,0.0,30.4,24.6,72,2.57222,287
2019-10-15,2019-10-15,5.0,29,23.5,85,0,288
2019-10-16,2019-10-16,13.8,29.5,24,81,2.57222,289
2019-10-17,2019-10-17,8.0,28.6,23.5,81,4.63,290
2019-10-18,2019-10-18,0.5,27.2,24.5,89,6.68777,291
2019-10-19,2019-10-19,0.0,28.5,23.9,76,6.68777,292
2019-10-20,2019-10-20,0.0,27.6,25.1,79,4.63,293
2019-10-21,2019-10-21,1.1,28.6,25.4,84,6.68777,294
2019-10-22,2019-10-22,0.8,28.1,25.1,83,6.68777,295
2019-10-23,2019-10-23,5.8,29.4,25.1,76,4.63,296
2019-10-24,2019-10-24,5.6,27.9,23.6,86,6.68777,297
2019-10-25,2019-10-25,6.8,29.6,22.7,76,6.68777,298
2019-10-26,2019-10-26,3.1,26.9,23.5,96,6.68777,299
2019-10-27,2019-10-27,1.9,28.4,22.9,75,4.63,300
2019-10-28,2019-10-28,13.8,28.5,23.6,85,6.68777,301
2019-10-29,2019-10-29,4.9,28.1,23.5,86,6.68777,302
2019-10-30,2019-10-30,0.0,29,23,81,4.63,303
2019-10-31,2019-10-31,0.0,27,23.6,65,6.68777,304
2019-11-01,2019-11-01,0.0,28.4,23.4,52,6.68777,305
2019-11-02,2019-11-02,0.8,25.9,22.1,83,4.63,306
2019-11-03,2019-11-03,0.0,27.6,23,68,6.68777,307
2019-11-04,2019-11-04,0.6,28.3,23.9,66,6.68777,308
2019-11-05,2019-11-05,0.0,29.1,22.7,67,4.63,309
2019-11-06,2019-11-06,0.0,29.8,23.4,65,4.63,310
2019-11-07,2019-11-07,2.0,31.1,24.2,71,4.63,311
2019-11-08,2019-11-08,2.7,31.8,22.6,74,4.63,312
2019-11-09,2019-11-09,3.0,31.4,23.5,70,0,313
2019-11-10,2019-11-10,6.0,31.5,23.7,75,0,314
2019-11-11,2019-11-11,35.3,30.1,23.6,74,0,315
2019-11-12,2019-11-12,1.65,,23.4,88,4.63,316
2019-11-13,2019-11-13,6.917857142857143,,,,,317
2019-11-14,2019-11-14,8.267857142857142,,,,,318
2019-11-15,2019-11-15,0.4,29.8,23,69,6.68777,319
2019-11-16,2019-11-16,0.0,29.3,23.5,67,6.68777,320
2019-11-17,2019-11-17,0.0,28.9,24.4,63,6.68777,321
2019-11-18,2019-11-18,0.0,29,23.1,65,6.68777,322
2019-11-19,2019-11-19,0.0,29.7,24.1,70,1.02889,323
2019-11-20,2019-11-20,0.0,30.4,23.4,67,,324
2019-11-21,2019-11-21,12.4,31.6,24.5,70,,325
2019-11-22,2019-11-22,0.0,28.5,23.6,83,6.68777,326
2019-11-23,2019-11-23,0.0,27.9,24.2,68,6.68777,327
2019-11-24,2019-11-24,0.0,28.3,23.4,63,4.63,328
2019-11-25,2019-11-25,0.0,28.5,23.4,65,6.68777,329
2019-11-26,2019-11-26,0.0,28.5,23.6,66,4.63,330
2019-11-27,2019-11-27,0.9,29.5,24.2,71,4.63,331
2019-11-28,2019-11-28,0.0,28.3,23.9,82,4.63,332
2019-11-29,2019-11-29,0.8,28.2,24.5,73,4.63,333
2019-11-30,2019-11-30,0.0,29.4,22.5,61,4.63,334
2019-12-01,2019-12-01,0.6,30.1,23.6,61,4.63,335
2019-12-02,2019-12-02,22.6,30.5,24.6,71,6.68777,336
2019-12-03,2019-12-03,1.0,31.4,24.1,74,0,337
2019-12-04,2019-12-04,4.6,31.6,23.9,81,4.63,338
2019-12-05,2019-12-05,0.0,32.5,24.4,71,4.63,339
2019-12-06,2019-12-06,0.4,31.5,25.5,76,4.63,340
2019-12-07,2019-12-07,15.0,31.9,24.2,67,4.63,341
2019-12-08,2019-12-08,0.0,31.1,25.2,72,4.63,342
2019-12-09,2019-12-09,0.0,32.2,25.6,75,4.63,343
2019-12-10,2019-12-10,0.0,32.2,24.6,71,4.63,344
2019-12-11,2019-12-11,0.0,31.4,24.5,75,4.63,345
2019-12-12,2019-12-12,0.0,30.6,24.5,81,4.63,346
2019-12-13,2019-12-13,0.0,32.1,25.4,75,4.63,347
2019-12-14,2019-12-14,0.0,32.1,25.5,68,4.63,348
2019-12-15,2019-12-15,99.1,32,25.4,66,4.63,349
2019-12-16,2019-12-16,1.5,28.7,23.3,96,6.68777,350
2019-12-17,2019-12-17,7.8,29.8,23.5,78,4.63,351
2019-12-18,2019-12-18,0.0,31.8,24.5,89,1.02889,352
2019-12-19,2019-12-19,0.0,31.1,24.4,74,6.68777,353
2019-12-20,2019-12-20,2.1,31,25.5,70,4.63,354
2019-12-21,2019-12-21,0.0,31.6,25,77,6.68777,355
2019-12-22,2019-12-22,0.0,31.7,24.6,69,4.63,356
2019-12-23,2019-12-23,7.8,30.6,24.6,77,4.63,357
2019-12-24,2019-12-24,0.0,31.5,25.1,71,4.63,358
2019-12-25,2019-12-25,0.0,30.4,26.1,67,4.63,359
2019-12-26,2019-12-26,67.1,30.9,26.6,82,4.63,360
2019-12-27,2019-12-27,14.7,29.9,25.1,82,4.63,361
2019-12-28,2019-12-28,5.6,31.4,25.5,81,4.63,362
2019-12-29,2019-12-29,0.0,31.4,26.2,80,6.68777,363
2019-12-30,2019-12-30,0.0,32.2,25.9,74,0,364
2019-12-31,2019-12-31,3.6,30.4,25.8,69,4.63,365
2020-01-01,2020-01-01,0.0,29.5,24.1,85,4.63,1
2020-01-02,2020-01-02,0.0,29.6,24.6,58,6.68777,2
2020-01-03,2020-01-03,0.0,30.2,24.2,64,4.63,3
2020-01-04,2020-01-04,0.0,30.3,23.8,61,4.63,4
2020-01-05,2020-01-05,0.0,31.4,25.4,62,4.63,5
2020-01-06,2020-01-06,0.4,30.6,25.1,69,4.63,6
2020-01-07,2020-01-07,58.4,31,25.6,78,4.63,7
2020-01-08,2020-01-08,6.4,31.1,24.5,68,6.68777,8
2020-01-09,2020-01-09,15.719354838709675,,24.8,88,4.63,9
2020-01-10,2020-01-10,13.05483870967742,,,,,10
2020-01-11,2020-01-11,9.735483870967743,,,,,11
2020-01-12,2020-01-12,4.3,,,,,12
2020-01-13,2020-01-13,0.0,30.8,,84,4.63,13
2020-01-14,2020-01-14,10.8,31.1,26.1,74,4.63,14
2020-01-15,2020-01-15,4.5,31.4,24.9,79,4.63,15
2020-01-16,2020-01-16,13.6,30.9,25.9,85,4.63,16
2020-01-17,2020-01-17,52.5,28.8,26,92,6.68777,17
2020-01-18,2020-01-18,0.5,32.2,24.6,84,4.63,18
2020-01-19,2020-01-19,0.0,30.8,25.7,76,4.63,19
2020-01-20,2020-01-20,0.0,30.2,25,77,4.63,20
2020-01-21,2020-01-21,0.0,30.1,24.1,70,4.63,21
2020-01-22,2020-01-22,0.0,30.8,25.3,59,4.63,22
2020-01-23,2020-01-23,0.0,30.6,24,63,4.63,23
2020-01-24,2020-01-24,0.0,30.7,24.7,73,4.63,24
2020-01-25,2020-01-25,0.0,31.8,25,64,4.63,25
2020-01-26,2020-01-26,0.0,31.7,25.1,70,4.63,26
2020-01-27,2020-01-27,0.0,31.2,24,72,4.63,27
2020-01-28,2020-01-28,1.3,31.2,25.2,68,4.63,28
2020-01-29,2020-01-29,0.0,31.5,25,76,4.63,29
2020-01-30,2020-01-30,7.8,30.9,25.4,75,4.63,30
2020-01-31,2020-01-31,2.2,32.4,25.5,63,4.63,31
2020-02-01,2020-02-01,0.2,31.6,25.9,80,4.63,32
2020-02-02,2020-02-02,0.8,30.5,25.4,78,0,33
2020-02-03,2020-02-03,0.2,31,26.1,65,4.63,34
2020-02-04,2020-02-04,2.3,32.5,25.5,67,4.63,35
2020-02-05,2020-02-05,2.1,31.9,24.2,70,4.63,36
2020-02-06,2020-02-06,9.5,31.8,25.6,86,4.63,37
2020-02-07,2020-02-07,0.5,30.4,26.3,92,4.63,38
2020-02-08,2020-02-08,1.5,31.9,26.5,76,6.68777,39
2020-02-09,2020-02-09,3.5,30.2,26.1,79,4.63,40
2020-02-10,2020-02-10,0.9,31.8,26.1,85,4.63,41
2020-02-11,2020-02-11,0.0,32,26.6,80,4.63,42
2020-02-12,2020-02-12,7.5,32.4,26.6,75,4.63,43
2020-02-13,2020-02-13,2.0,32.1,25.8,81,1.02889,44
2020-02-14,2020-02-14,17.5,31.4,26,78,4.63,45
2020-02-15,2020-02-15,4.6,30.7,25.1,86,6.68777,46
2020-02-16,2020-02-16,0.0,30.2,25.9,64,6.68777,47
2020-02-17,2020-02-17,0.3,31.1,26.8,63,4.63,48
2020-02-18,2020-02-18,0.0,30.7,25.5,69,4.63,49
2020-02-19,2020-02-19,0.0,30.7,26.2,62,4.63,50
2020-02-20,2020-02-20,12.486666666666668,,25.1,61,4.63,51
2020-02-21,2020-02-21,9.474193548387097,,,,,52
2020-02-22,2020-02-22,0.0,,,,,53
2020-02-23,2020-02-23,0.0,31.8,,60,4.63,54
2020-02-24,2020-02-24,0.0,31.6,25,68,4.63,55
2020-02-25,2020-02-25,0.3,31.7,24.9,65,4.63,56
2020-02-26,2020-02-26,0.0,31.6,25.9,83,4.63,57
2020-02-27,2020-02-27,0.5,32,26.6,79,4.63,58
2020-02-28,2020-02-28,9.2,33.1,26.8,88,4.63,59
2020-02-29,2020-02-29,0.0,33.2,25.5,77,4.63,60
2020-03-01,2020-03-01,3.3,31.8,26.7,74,4.63,61
2020-03-02,2020-03-02,2.2,31.9,25.9,79,4.63,62
2020-03-03,2020-03-03,0.0,31.9,25.5,74,4.63,63
2020-03-04,2020-03-04,0.0,32,25.5,74,4.63,64
2020-03-05,2020-03-05,1.5,33.1,26.7,80,4.63,65
2020-03-06,2020-03-06,1.0,31.8,24.9,81,4.63,66
2020-03-07,2020-03-07,0.5,32.2,25.5,75,1.02889,67
2020-03-08,2020-03-08,27.7,32.4,24.8,76,4.63,68
2020-03-09,2020-03-09,22.3,31.3,24.7,71,0,69
2020-03-10,2020-03-10,7.9,31.5,24.7,72,4.63,70
2020-03-11,2020-03-11,7.8,30.1,24.8,92,0,71
2020-03-12,2020-03-12,9.3,31.3,25.1,93,0,72
2020-03-13,2020-03-13,3.5,30.9,25.1,95,0,73
2020-03-14,2020-03-14,17.7,31.6,26.1,84,0,74
2020-03-15,2020-03-15,1.3,32.6,24.9,76,0,75
2020-03-16,2020-03-16,26.3,33.4,26,75,0,76
2020-03-17,2020-03-17,3.0,33.6,25,79,4.63,77
2020-03-18,2020-03-18,8.1,31.6,26.4,78,4.63,78
2020-03-19,2020-03-19,9.0,32.2,24.4,80,4.63,79
2020-03-20,2020-03-20,0.2,29.1,24.4,81,0,80
2020-03-21,2020-03-21,19.6,31.7,25.7,79,,81
2020-03-22,2020-03-22,4.5,31.6,22.6,96,0,82
2020-03-23,2020-03-23,0.0,32.1,24.4,86,0,83
2020-03-24,2020-03-24,0.0,32.1,24.2,74,0,84
2020-03-25,2020-03-25,0.0,32.1,24.9,72,0,85
2020-03-26,2020-03-26,67.2,32.4,25.3,63,1.02889,86
2020-03-27,2020-03-27,0.0,31.5,22.8,72,4.63,87
2020-03-28,2020-03-28,14.6,31.1,25.1,77,4.63,88
2020-03-29,2020-03-29,0.0,31.9,24.4,75,4.63,89
2020-03-30,2020-03-30,13.4,31.1,25.1,66,0,90
2020-03-31,2020-03-31,3.1,29,24.6,97,4.63,91
2020-04-01,2020-04-01,50.3,29.3,25.1,83,0,92
2020-04-02,2020-04-02,2.4,31.6,24.4,80,1.02889,93
2020-04-03,2020-04-03,0.1,31.1,24.8,74,4.63,94
2020-04-04,2020-04-04,4.1,29.9,25.4,89,0,95
2020-04-05,2020-04-05,8.4,29.5,25.1,79,2.57222,96
2020-04-06,2020-04-06,10.9,31.7,24.5,81,0,97
2020-04-07,2020-04-07,42.5,30.6,25,77,0,98
2020-04-08,2020-04-08,16.1,30.6,24.9,93,6.68777,99
2020-04-09,2020-04-09,1.3,32.8,25.7,81,2.57222,100
2020-04-10,2020-04-10,0.1,28.7,25.9,90,4.63,101
2020-04-11,2020-04-11,0.0,30.1,25.1,74,4.63,102
2020-04-12,2020-04-12,0.0,30.6,23.6,70,4.63,103
2020-04-13,2020-04-13,3.7,31.5,26.1,71,4.63,104
2020-04-14,2020-04-14,1.4,30.3,25.5,79,4.63,105
2020-04-15,2020-04-15,0.0,30.5,26,80,4.63,106
2020-04-16,2020-04-16,8.3,30.7,26.1,82,4.63,107
2020-04-17,2020-04-17,0.0,30.4,24,80,4.63,108
2020-04-18,2020-04-18,13.6,31.2,25.6,72,4.63,109
2020-04-19,2020-04-19,0.1,30.5,24.6,76,4.63,110
2020-04-20,2020-04-20,5.5,31.8,25.4,75,4.63,111
2020-04-21,2020-04-21,20.1,31.6,24.6,72,2.57222,112
2020-04-22,2020-04-22,7.3,32.8,25,75,0,113
2020-04-23,2020-04-23,8.3,32.8,24.9,72,2.57222,114
2020-04-24,2020-04-24,0.0,33,24.8,80,0,115
2020-04-25,2020-04-25,47.9,30.3,24.9,87,4.63,116
2020-04-26,2020-04-26,9.1,29.9,24.6,85,2.57222,117
2020-04-27,2020-04-27,7.3,31.1,24.5,73,2.57222,118
2020-04-28,2020-04-28,2.2,31.3,25,82,4.63,119
2020-04-29,2020-04-29,2.9,30.1,24.5,77,6.68777,120
2020-04-30,2020-04-30,33.5,30.1,25.4,86,4.63,121
2020-05-01,2020-05-01,10.5,29.1,25.4,86,4.63,122
2020-05-02,2020-05-02,31.9,28.4,24,85,4.63,123
2020-05-03,2020-05-03,0.3,28.8,24,85,2.57222,124
2020-05-04,2020-05-04,0.0,29.1,23.7,72,0,125
2020-05-05,2020-05-05,0.0,30.9,24.9,84,2.57222,126
2020-05-06,2020-05-06,0.0,32,24.3,77,0,127
2020-05-07,2020-05-07,0.8,30.1,25,78,2.57222,128
2020-05-08,2020-05-08,11.5,33.6,24.6,80,0,129
2020-05-09,2020-05-09,0.9,30.2,25.1,81,1.02889,130
2020-05-10,2020-05-10,0.0,31.2,25.2,83,4.63,131
2020-05-11,2020-05-11,0.0,28.4,25.4,77,4.63,132
2020-05-12,2020-05-12,0.2,28.8,24.1,76,4.63,133
2020-05-13,2020-05-13,4.2,28.4,24.9,87,4.63,134
2020-05-14,2020-05-14,0.0,28.8,24.9,84,4.63,135
2020-05-15,2020-05-15,0.0,29.5,25.1,82,4.63,136
2020-05-16,2020-05-16,0.0,29.5,24.8,79,4.63,137
2020-05-17,2020-05-17,0.0,30.6,24.9,72,4.63,138
2020-05-18,2020-05-18,0.0,29.5,25.4,76,4.63,139
2020-05-19,2020-05-19,0.0,28,25.1,77,4.63,140
2020-05-20,2020-05-20,1.7,28.2,23.6,74,4.63,141
2020-05-21,2020-05-21,1.2,26.4,22,87,4.63,142
2020-05-22,2020-05-22,0.0,27.7,22.2,77,4.63,143
2020-05-23,2020-05-23,0.0,28.6,22.2,85,4.63,144
2020-05-24,2020-05-24,3.8,27.3,25.1,83,4.63,145
2020-05-25,2020-05-25,0.0,28.1,24.5,88,4.63,146
2020-05-26,2020-05-26,0.0,28.8,24.5,66,4.63,147
2020-05-27,2020-05-27,4.0,29.7,24.5,72,4.63,148
2020-05-28,2020-05-28,5.4,28.8,24.1,86,4.63,149
2020-05-29,2020-05-29,0.3,28.7,24.5,78,4.63,150
2020-05-30,2020-05-30,6.2,28.5,24.2,85,4.63,151
2020-05-31,2020-05-31,7.4,29.1,25.1,82,0,152
2020-06-01,2020-06-01,6.4,28.8,23.3,86,4.63,153
2020-06-02,2020-06-02,0.3,29.7,23.5,81,4.63,154
2020-06-03,2020-06-03,25.1,29.7,24.8,82,22.63554,155
2020-06-04,2020-06-04,0.9,29.5,24.8,82,4.63,156
2020-06-05,2020-06-05,1.2,29.7,24.6,82,4.63,157
2020-06-06,2020-06-06,6.6,30.1,23.8,83,4.63,158
2020-06-07,2020-06-07,18.2,29.9,24.4,78,4.63,159
2020-06-08,2020-06-08,0.2,29.9,24.6,79,4.63,160
2020-06-09,2020-06-09,2.3,29.4,25.4,77,4.63,161
2020-06-10,2020-06-10,16.2,28.9,25.1,83,4.63,162
2020-06-11,2020-06-11,5.433333333333334,,23.6,81,6.68777,163
2020-06-12,2020-06-12,3.9566666666666666,,,,,164
2020-06-13,2020-06-13,2.126666666666667,,,,,165
2020-06-14,2020-06-14,3.4379310344827583,,,,,166
2020-06-15,2020-06-15,0.0,,,,,167
2020-06-16,2020-06-16,0.1,27.6,22.9,90,6.68777,168
2020-06-17,2020-06-17,0.0,27.8,22.5,77,1.543332,169
2020-06-18,2020-06-18,4.1,28.1,23.6,68,5.14444,170
2020-06-19,2020-06-19,0.0,28.2,23.4,76,4.63,171
2020-06-20,2020-06-20,0.0,28.9,24.1,74,19.03443,172
2020-06-21,2020-06-21,0.2,27.8,22.4,75,15.43332,173
2020-06-22,2020-06-22,0.5,28.3,23.9,89,4.63,174
2020-06-23,2020-06-23,0.9,27.5,24.1,90,4.63,175
2020-06-24,2020-06-24,13.8,28.4,24,87,4.63,176
2020-06-25,2020-06-25,5.0,28.3,24.4,93,4.63,177
2020-06-26,2020-06-26,0.2,28.5,24.9,87,4.63,178
2020-06-27,2020-06-27,0.2,28.5,24.8,85,,179
2020-06-28,2020-06-28,0.0,30.4,24.9,79,4.63,180
2020-06-29,2020-06-29,21.5,29.1,25.1,78,0,181
2020-06-30,2020-06-30,0.0,29.7,22.9,95,,182
2020-07-01,2020-07-01,0.0,27.5,23.6,81,2.057776,183
2020-07-02,2020-07-02,0.1,26.1,22.9,71,6.68777,184
2020-07-03,2020-07-03,0.0,25.7,22.1,72,6.68777,185
2020-07-04,2020-07-04,0.0,26.8,21.9,81,6.68777,186
2020-07-05,2020-07-05,0.0,28.4,23.1,76,4.63,187
2020-07-06,2020-07-06,3.2,29.8,24.9,84,4.63,188
2020-07-07,2020-07-07,27.2,29.8,23.5,95,4.63,189
2020-07-08,2020-07-08,13.1,28.3,24.6,87,4.63,190
2020-07-09,2020-07-09,7.8,27,24.6,90,4.63,191
2020-07-10,2020-07-10,0.1,27.9,23.5,80,6.68777,192
2020-07-11,2020-07-11,0.0,27.5,23.5,79,6.68777,193
2020-07-12,2020-07-12,0.1,28.3,23.8,78,6.68777,194
2020-07-13,2020-07-13,4.0,27.6,24.1,78,6.68777,195
2020-07-14,2020-07-14,0.3,28.2,23.3,74,6.68777,196
2020-07-15,2020-07-15,0.0,28.2,23.2,76,6.68777,197
2020-07-16,2020-07-16,0.0,28,23.4,76,6.68777,198
2020-07-17,2020-07-17,1.5,30.4,23.3,78,2.57222,199
2020-07-18,2020-07-18,0.0,29.5,23.4,75,0,200
2020-07-19,2020-07-19,0.8,30.9,23.5,76,4.63,201
2020-07-20,2020-07-20,0.0,31.4,24.1,84,19.03443,202
2020-07-21,2020-07-21,0.0,27.6,23.4,72,19.03443,203
2020-07-22,2020-07-22,0.0,27.9,23.1,78,4.63,204
2020-07-23,2020-07-23,0.0,27.4,23.5,65,4.63,205
2020-07-24,2020-07-24,0.0,27.8,23.6,72,4.63,206
2020-07-25,2020-07-25,2.1,27.9,23.4,71,4.63,207
2020-07-26,2020-07-26,6.1,28.1,23.5,79,6.68777,208
2020-07-27,2020-07-27,0.4,27.9,23.4,84,6.68777,209
2020-07-28,2020-07-28,0.0,28.4,22.6,69,6.68777,210
2020-07-29,2020-07-29,1.3,28.4,22,70,9.77444,211
2020-07-30,2020-07-30,0.0,27.5,22.4,81,6.68777,212
2020-07-31,2020-07-31,0.0,29.8,22.3,67,4.63,213
2020-08-01,2020-08-01,0.0,28.9,23.1,71,4.63,214
2020-08-02,2020-08-02,49.0,30.3,22.6,78,0,215
2020-08-03,2020-08-03,0.0,28.8,21.6,79,0,216
2020-08-04,2020-08-04,0.2,28.8,21.9,82,22.63554,217
2020-08-05,2020-08-05,0.1,26.7,23.4,82,4.63,218
2020-08-06,2020-08-06,8.937931034482759,,22.6,89,4.63,219
2020-08-07,2020-08-07,6.793103448275862,,,,,220
2020-08-08,2020-08-08,6.751724137931035,,,,,221
2020-08-09,2020-08-09,3.639285714285714,,,,,222
2020-08-10,2020-08-10,2.6321428571428576,,,,,223
2020-08-11,2020-08-11,2.9827586206896552,,,,,224
2020-08-12,2020-08-12,1.0724137931034485,,,,,225
2020-08-13,2020-08-13,0.0,,,,,226
2020-08-14,2020-08-14,1.9,29.8,21.9,85,4.63,227
2020-08-15,2020-08-15,0.0,26.3,23.4,67,6.68777,228
2020-08-16,2020-08-16,0.0,27.1,21.5,57,6.68777,229
2020-08-17,2020-08-17,0.0,28.4,22.6,59,4.63,230
2020-08-18,2020-08-18,13.3,29.4,24,71,4.63,231
2020-08-19,2020-08-19,0.8,32.6,24.1,78,4.63,232
2020-08-20,2020-08-20,0.0,29.4,24.3,83,4.63,233
2020-08-21,2020-08-21,2.9,30.4,25,78,4.63,234
2020-08-22,2020-08-22,0.0,29.4,25,84,4.63,235
2020-08-23,2020-08-23,0.0,29.5,25.3,82,4.63,236
2020-08-24,2020-08-24,0.0,30.4,24.9,76,4.63,237
2020-08-25,2020-08-25,0.0,29.6,23.9,79,4.63,238
2020-08-26,2020-08-26,0.0,31.1,24.4,75,4.63,239
2020-08-27,2020-08-27,0.0,29.7,25,69,4.63,240
2020-08-28,2020-08-28,0.0,29.1,25,80,6.68777,241
2020-08-29,2020-08-29,0.0,29.9,25.1,63,4.63,242
2020-08-30,2020-08-30,0.6,30.4,24.5,69,6.68777,243
2020-08-31,2020-08-31,0.0,30.1,24.5,78,4.63,244
2020-09-01,2020-09-01,11.7,30.3,24.7,79,1.543332,245
2020-09-02,2020-09-02,1.2,28.4,23.5,89,,246
2020-09-03,2020-09-03,0.0,26.3,24,90,2.057776,247
2020-09-04,2020-09-04,0.0,25.8,21.9,57,2.57222,248
2020-09-05,2020-09-05,0.0,26.4,22.4,63,2.057776,249
2020-09-06,2020-09-06,0.0,27.5,23,64,2.057776,250
2020-09-07,2020-09-07,0.0,28.6,22.1,68,2.057776,251
2020-09-08,2020-09-08,2.1,28.9,23,73,1.543332,252
2020-09-09,2020-09-09,24.2,26,24,79,1.543332,253
2020-09-10,2020-09-10,0.4,26.6,22.8,92,1.543332,254
2020-09-11,2020-09-11,0.2,26,22.6,80,1.543332,255
2020-09-12,2020-09-12,0.0,27.9,23.5,79,1.543332,256
2020-09-13,2020-09-13,0.4,27.8,23.2,68,2.057776,257
2020-09-14,2020-09-14,0.3,27.1,22,74,2.057776,258
2020-09-15,2020-09-15,0.0,28.6,22.9,61,2.057776,259
2020-09-16,2020-09-16,1.1,27.9,24.3,71,2.057776,260
2020-09-17,2020-09-17,2.4,27.8,23.5,89,2.057776,261
2020-09-18,2020-09-18,0.0,28.5,23.5,71,2.057776,262
2020-09-19,2020-09-19,7.3,27.9,24.4,76,2.057776,263
2020-09-20,2020-09-20,10.5,27,22.6,80,2.057776,264
2020-09-21,2020-09-21,17.5,25.1,23.1,94,1.543332,265
2020-09-22,2020-09-22,2.6,27.2,24.4,84,,266
2020-09-23,2020-09-23,1.6,28.3,21.7,89,2.057776,267
2020-09-24,2020-09-24,0.0,29.2,23,71,,268
2020-09-25,2020-09-25,0.0,29.6,24.1,67,1.543332,269
2020-09-26,2020-09-26,0.0,28.8,24.4,85,1.543332,270
2020-09-27,2020-09-27,0.0,29.9,23.9,68,2.057776,271
2020-09-28,2020-09-28,0.0,29,24.6,68,1.543332,272
2020-09-29,2020-09-29,1.4,30.9,24.5,72,1.028888,273
2020-09-30,2020-09-30,5.3,30.1,24.4,81,,274
2020-10-01,2020-10-01,3.9,30.1,24.5,83,4.63,275
2020-10-02,2020-10-02,45.1,28.5,24.5,88,6.68777,276
2020-10-03,2020-10-03,4.8,30.1,22.8,83,4.63,277
2020-10-04,2020-10-04,31.6,30.4,23.9,74,4.63,278
2020-10-05,2020-10-05,1.0,28.4,24.1,97,1.02889,279
2020-10-06,2020-10-06,12.1,29.9,23.9,84,0,280
2020-10-07,2020-10-07,28.2,29.9,22.9,71,0,281
2020-10-08,2020-10-08,0.1,30.1,23.3,69,1.02889,282
2020-10-09,2020-10-09,0.0,30.3,24.3,72,4.63,283
2020-10-10,2020-10-10,3.7,30.1,24.1,80,4.63,284
2020-10-11,2020-10-11,4.3,29.1,24.9,79,6.68777,285
2020-10-12,2020-10-12,0.0,28.7,25,70,6.68777,286
2020-10-13,2020-10-13,14.8,29.5,24.6,76,6.68777,287
2020-10-14,2020-10-14,17.3,28.7,23.9,85,4.63,288
2020-10-15,2020-10-15,0.0,29.3,22.1,91,0,289
2020-10-16,2020-10-16,0.0,30.3,23.8,80,4.63,290
2020-10-17,2020-10-17,0.0,30.3,22.6,87,0,291
2020-10-18,2020-10-18,0.0,30.3,22.6,79,4.63,292
2020-10-19,2020-10-19,0.0,28.6,23.6,65,6.68777,293
2020-10-20,2020-10-20,0.0,29.7,23.4,70,6.68777,294
2020-10-21,2020-10-21,0.0,28.9,24.4,70,4.63,295
2020-10-22,2020-10-22,0.0,28,24.4,77,4.63,296
2020-10-23,2020-10-23,4.6,28,24.4,71,4.63,297
2020-10-24,2020-10-24,0.5,28.4,24.3,77,4.63,298
2020-10-25,2020-10-25,0.0,28.6,23.9,76,4.63,299
2020-10-26,2020-10-26,0.0,30.1,24.5,68,4.63,300
2020-10-27,2020-10-27,19.0,29.4,24.3,67,4.63,301
2020-10-28,2020-10-28,0.0,28.4,21.5,80,4.63,302
2020-10-29,2020-10-29,0.0,30.1,23.9,78,4.63,303
2020-10-30,2020-10-30,0.0,30,24,67,4.63,304
2020-10-31,2020-10-31,0.0,29.3,23.9,70,4.63,305
2020-11-01,2020-11-01,21.1,28.6,23.5,77,6.68777,306
2020-11-02,2020-11-02,6.4,29.8,24.1,77,4.63,307
2020-11-03,2020-11-03,0.0,30.6,24.6,75,4.63,308
2020-11-04,2020-11-04,0.0,30.6,24.4,74,4.63,309
2020-11-05,2020-11-05,0.1,30.3,25.5,68,4.63,310
2020-11-06,2020-11-06,0.0,30.5,25.3,72,4.63,311
2020-11-07,2020-11-07,1.3,30.3,24.1,69,4.63,312
2020-11-08,2020-11-08,0.0,30.5,24.3,78,4.63,313
2020-11-09,2020-11-09,0.0,30,23.9,67,4.63,314
2020-11-10,2020-11-10,0.0,30.1,23.9,68,4.63,315
2020-11-11,2020-11-11,0.0,29.9,25,67,4.63,316
2020-11-12,2020-11-12,15.5,31.6,24.9,78,4.63,317
2020-11-13,2020-11-13,0.0,31.3,24,76,0,318
2020-11-14,2020-11-14,0.0,33.1,24.1,76,4.63,319
2020-11-15,2020-11-15,0.0,31.3,26,66,4.63,320
2020-11-16,2020-11-16,0.0,31.7,25.5,70,4.63,321
2020-11-17,2020-11-17,0.0,31.4,24.5,72,4.63,322
2020-11-18,2020-11-18,7.0379310344827575,,24.7,72,4.63,323
2020-11-19,2020-11-19,4.348275862068966,,,,,324
2020-11-20,2020-11-20,5.458620689655173,,,,,325
2020-11-21,2020-11-21,10.87241379310345,,,,,326
2020-11-22,2020-11-22,7.306896551724139,,,,,327
2020-11-23,2020-11-23,6.741379310344826,,,,,328
2020-11-24,2020-11-24,8.924137931034481,,,,,329
2020-11-25,2020-11-25,0.0,30.1,,,,330
2020-11-26,2020-11-26,0.0,30.6,23,76,4.63,331
2020-11-27,2020-11-27,20.4,30.6,24,77,1,332
2020-11-28,2020-11-28,0.0,30.6,24.7,82,2.57222,333
2020-11-29,2020-11-29,0.0,31,24.1,65,4.63,334
2020-11-30,2020-11-30,0.0,29.9,24.6,65,4.63,335
2020-12-01,2020-12-01,5.267741935483872,,,,,336
2020-12-02,2020-12-02,4.306451612903226,,,,,337
2020-12-03,2020-12-03,6.05483870967742,,,,,338
2020-12-04,2020-12-04,10.580645161290322,,,,,339
2020-12-05,2020-12-05,8.390322580645162,,,,,340
2020-12-06,2020-12-06,5.187096774193549,,,,,341
2020-12-07,2020-12-07,6.638709677419354,,,,,342
2020-12-08,2020-12-08,8.441935483870969,,,,,343
2020-12-09,2020-12-09,5.825806451612904,,,,,344
2020-12-10,2020-12-10,14.629032258064516,,,,,345
2020-12-11,2020-12-11,9.103225806451613,,,,,346
2020-12-12,2020-12-12,14.048387096774192,,,,,347
2020-12-13,2020-12-13,9.838709677419354,,,,,348
2020-12-14,2020-12-14,8.55,,,,,349
2020-12-15,2020-12-15,7.376666666666667,,,,,350
2020-12-16,2020-12-16,12.0,,,,,351
2020-12-17,2020-12-17,15.887096774193548,,,,,352
2020-12-18,2020-12-18,14.880645161290321,,,,,353
2020-12-19,2020-12-19,12.196774193548388,,,,,354
2020-12-20,2020-12-20,5.2870967741935475,,,,,355
2020-12-21,2020-12-21,6.17741935483871,,,,,356
2020-12-22,2020-12-22,6.990322580645162,,,,,357
2020-12-23,2020-12-23,8.880645161290323,,,,,358
2020-12-24,2020-12-24,7.864516129032259,,,,,359
2020-12-25,2020-12-25,8.867741935483872,,,,,360
2020-12-26,2020-12-26,7.451612903225805,,,,,361
2020-12-27,2020-12-27,13.466666666666667,,,,,362
2020-12-28,2020-12-28,7.096666666666666,,,,,363
2020-12-29,2020-12-29,16.026666666666664,,,,,364
2020-12-30,2020-12-30,6.5344827586206895,,,,,365
2020-12-31,2020-12-31,6.375,,,,,366
2021-01-01,2021-01-01,6.9,,,,,1
2021-01-02,2021-01-02,9.16875,,,,,2
2021-01-03,2021-01-03,14.634375000000002,,,,,3
2021-01-04,2021-01-04,11.565624999999997,,,,,4
2021-01-05,2021-01-05,11.04375,,,,,5
2021-01-06,2021-01-06,16.775,,,,,6
2021-01-07,2021-01-07,8.54375,,,,,7
2021-01-08,2021-01-08,10.296874999999998,,,,,8
2021-01-09,2021-01-09,15.719354838709675,,,,,9
2021-01-10,2021-01-10,13.05483870967742,,,,,10
2021-01-11,2021-01-11,9.735483870967743,,,,,11
2021-01-12,2021-01-12,15.524999999999999,,,,,12
2021-01-13,2021-01-13,22.959374999999998,,,,,13
2021-01-14,2021-01-14,15.628125000000002,,,,,14
2021-01-15,2021-01-15,14.55625,,,,,15
2021-01-16,2021-01-16,19.09375,,,,,16
2021-01-17,2021-01-17,10.265625,,,,,17
2021-01-18,2021-01-18,5.475,,,,,18
2021-01-19,2021-01-19,9.625,,,,,19
2021-01-20,2021-01-20,7.500000000000001,,,,,20
2021-01-21,2021-01-21,4.945161290322579,,,,,21
2021-01-22,2021-01-22,7.581249999999998,,,,,22
2021-01-23,2021-01-23,11.084375,,,,,23
2021-01-24,2021-01-24,12.609090909090908,,,,,24
2021-01-25,2021-01-25,12.745454545454548,,,,,25
2021-01-26,2021-01-26,8.56969696969697,,,,,26
2021-01-27,2021-01-27,13.660606060606062,,,,,27
2021-01-28,2021-01-28,12.03030303030303,,,,,28
2021-01-29,2021-01-29,14.757575757575761,,,,,29
2021-01-30,2021-01-30,12.672727272727274,,,,,30
2021-01-31,2021-01-31,7.027272727272728,,,,,31
2021-02-01,2021-02-01,12.246875000000001,,,,,32
2021-02-02,2021-02-02,13.853125,,,,,33
2021-02-03,2021-02-03,7.365625000000001,,,,,34
2021-02-04,2021-02-04,10.059375000000003,,,,,35
2021-02-05,2021-02-05,8.703125,,,,,36
2021-02-06,2021-02-06,9.087499999999999,,,,,37
2021-02-07,2021-02-07,5.3218749999999995,,,,,38
2021-02-08,2021-02-08,10.425,,,,,39
2021-02-09,2021-02-09,6.606451612903224,,,,,40
2021-02-10,2021-02-10,10.677419354838708,,,,,41
2021-02-11,2021-02-11,12.751612903225805,,,,,42
2021-02-12,2021-02-12,9.374193548387096,,,,,43
2021-02-13,2021-02-13,13.00625,,,,,44
2021-02-14,2021-02-14,4.971875000000001,,,,,45
2021-02-15,2021-02-15,14.490625,,,,,46
2021-02-16,2021-02-16,14.928125,,,,,47
2021-02-17,2021-02-17,11.2375,,,,,48
2021-02-18,2021-02-18,8.78125,,,,,49
2021-02-19,2021-02-19,8.525806451612901,,,,,50
2021-02-20,2021-02-20,12.486666666666668,,,,,51
2021-02-21,2021-02-21,9.474193548387097,,,,,52
2021-02-22,2021-02-22,15.593750000000002,,,,,53
2021-02-23,2021-02-23,11.23125,,,,,54
2021-02-24,2021-02-24,15.35,,,,,55
2021-02-25,2021-02-25,5.5375,,,,,56
2021-02-26,2021-02-26,9.465625000000001,,,,,57
2021-02-27,2021-02-27,15.087499999999999,,,,,58
2021-02-28,2021-02-28,8.556249999999999,,,,,59
2021-03-01,2021-03-01,9.799999999999997,,,,,60
2021-03-02,2021-03-02,8.342424242424244,,,,,61
2021-03-03,2021-03-03,6.693939393939393,,,,,62
2021-03-04,2021-03-04,9.3,,,,,63
2021-03-05,2021-03-05,11.593939393939394,,,,,64
2021-03-06,2021-03-06,11.503030303030304,,,,,65
2021-03-07,2021-03-07,11.433333333333334,,,,,66
2021-03-08,2021-03-08,10.318181818181817,,,,,67
2021-03-09,2021-03-09,9.53939393939394,,,,,68
2021-03-10,2021-03-10,12.65151515151515,,,,,69
2021-03-11,2021-03-11,11.506060606060606,,,,,70
2021-03-12,2021-03-12,12.678787878787878,,,,,71
2021-03-13,2021-03-13,5.890625,,,,,72
2021-03-14,2021-03-14,7.129032258064518,,,,,73
2021-03-15,2021-03-15,9.687096774193547,,,,,74
2021-03-16,2021-03-16,11.058064516129035,,,,,75
2021-03-17,2021-03-17,5.6312500000000005,,,,,76
2021-03-18,2021-03-18,9.440624999999997,,,,,77
2021-03-19,2021-03-19,10.118750000000004,,,,,78
2021-03-20,2021-03-20,13.15757575757576,,,,,79
2021-03-21,2021-03-21,12.89090909090909,,,,,80
2021-03-22,2021-03-22,7.624242424242423,,,,,81
2021-03-23,2021-03-23,9.615151515151515,,,,,82
2021-03-24,2021-03-24,12.796969696969695,,,,,83
2021-03-25,2021-03-25,10.32121212121212,,,,,84
2021-03-26,2021-03-26,7.024242424242424,,,,,85
2021-03-27,2021-03-27,13.533333333333335,,,,,86
2021-03-28,2021-03-28,12.927272727272728,,,,,87
2021-03-29,2021-03-29,10.24848484848485,,,,,88
2021-03-30,2021-03-30,10.024242424242425,,,,,89
2021-03-31,2021-03-31,13.996874999999998,,,,,90
2021-04-01,2021-04-01,13.8,,,,,91
2021-04-02,2021-04-02,10.306451612903226,,,,,92
2021-04-03,2021-04-03,7.786666666666666,,,,,93
2021-04-04,2021-04-04,9.083870967741936,,,,,94
2021-04-05,2021-04-05,10.470967741935485,,,,,95
2021-04-06,2021-04-06,11.880645161290321,,,,,96
2021-04-07,2021-04-07,8.829032258064515,,,,,97
2021-04-08,2021-04-08,6.764516129032258,,,,,98
2021-04-09,2021-04-09,14.674193548387096,,,,,99
2021-04-10,2021-04-10,7.4741935483870945,,,,,100
2021-04-11,2021-04-11,8.212903225806452,,,,,101
2021-04-12,2021-04-12,7.638709677419355,,,,,102
2021-04-13,2021-04-13,6.270967741935484,,,,,103
2021-04-14,2021-04-14,6.954838709677419,,,,,104
2021-04-15,2021-04-15,5.287096774193548,,,,,105
2021-04-16,2021-04-16,9.248387096774191,,,,,106
2021-04-17,2021-04-17,8.790322580645162,,,,,107
2021-04-18,2021-04-18,14.203225806451611,,,,,108
2021-04-19,2021-04-19,8.332258064516129,,,,,109
2021-04-20,2021-04-20,9.35161290322581,,,,,110
2021-04-21,2021-04-21,10.006451612903225,,,,,111
2021-04-22,2021-04-22,7.619354838709677,,,,,112
2021-04-23,2021-04-23,3.0064516129032257,,,,,113
2021-04-24,2021-04-24,4.564516129032259,,,,,114
2021-04-25,2021-04-25,6.709677419354837,,,,,115
2021-04-26,2021-04-26,9.419354838709678,,,,,116
2021-04-27,2021-04-27,12.63225806451613,,,,,117
2021-04-28,2021-04-28,6.577419354838709,,,,,118
2021-04-29,2021-04-29,9.337931034482757,,,,,119
2021-04-30,2021-04-30,9.563333333333333,,,,,120
2021-05-01,2021-05-01,6.789655172413793,,,,,121
2021-05-02,2021-05-02,12.106666666666666,,,,,122
2021-05-03,2021-05-03,9.827586206896552,,,,,123
2021-05-04,2021-05-04,13.23448275862069,,,,,124
2021-05-05,2021-05-05,9.4,,,,,125
2021-05-06,2021-05-06,9.196666666666665,,,,,126
2021-05-07,2021-05-07,6.58,,,,,127
2021-05-08,2021-05-08,3.4633333333333334,,,,,128
2021-05-09,2021-05-09,3.133333333333333,,,,,129
2021-05-10,2021-05-10,2.8499999999999996,,,,,130
2021-05-11,2021-05-11,3.306896551724137,,,,,131
2021-05-12,2021-05-12,2.286206896551724,,,,,132
2021-05-13,2021-05-13,4.706666666666665,,,,,133
2021-05-14,2021-05-14,11.665517241379309,,,,,134
2021-05-15,2021-05-15,5.70344827586207,,,,,135
2021-05-16,2021-05-16,1.7517241379310342,,,,,136
2021-05-17,2021-05-17,10.613333333333335,,,,,137
2021-05-18,2021-05-18,4.540000000000001,,,,,138
2021-05-19,2021-05-19,2.87,,,,,139
2021-05-20,2021-05-20,5.203333333333333,,,,,140
2021-05-21,2021-05-21,4.3566666666666665,,,,,141
2021-05-22,2021-05-22,4.153333333333333,,,,,142
2021-05-23,2021-05-23,6.926666666666667,,,,,143
2021-05-24,2021-05-24,4.156666666666666,,,,,144
2021-05-25,2021-05-25,9.223333333333333,,,,,145
2021-05-26,2021-05-26,2.0766666666666667,,,,,146
2021-05-27,2021-05-27,2.36,,,,,147
2021-05-28,2021-05-28,3.9344827586206903,,,,,148
2021-05-29,2021-05-29,5.1068965517241365,,,,,149
2021-05-30,2021-05-30,5.510000000000001,,,,,150
2021-05-31,2021-05-31,7.646666666666666,,,,,151
2021-06-01,2021-06-01,5.1031249999999995,,,,,152
2021-06-02,2021-06-02,4.361290322580646,,,,,153
2021-06-03,2021-06-03,9.045161290322582,,,,,154
2021-06-04,2021-06-04,4.938709677419355,,,,,155
2021-06-05,2021-06-05,4.825806451612904,,,,,156
2021-06-06,2021-06-06,4.5129032258064505,,,,,157
2021-06-07,2021-06-07,2.5,,,,,158
2021-06-08,2021-06-08,2.9645161290322584,,,,,159
2021-06-09,2021-06-09,4.416666666666667,,,,,160
2021-06-10,2021-06-10,4.993333333333334,,,,,161
2021-06-11,2021-06-11,2.743333333333333,,,,,162
2021-06-12,2021-06-12,5.433333333333334,,,,,163
2021-06-13,2021-06-13,3.9566666666666666,,,,,164
2021-06-14,2021-06-14,2.126666666666667,,,,,165
2021-06-15,2021-06-15,3.4379310344827583,,,,,166
2021-06-16,2021-06-16,5.361290322580645,,,,,167
2021-06-17,2021-06-17,7.016129032258063,,,,,168
2021-06-18,2021-06-18,1.2838709677419353,,,,,169
2021-06-19,2021-06-19,3.0419354838709673,,,,,170
2021-06-20,2021-06-20,3.5903225806451613,,,,,171
2021-06-21,2021-06-21,2.061290322580645,,,,,172
2021-06-22,2021-06-22,2.432258064516129,,,,,173
2021-06-23,2021-06-23,3.541935483870968,,,,,174
2021-06-24,2021-06-24,2.67741935483871,,,,,175
2021-06-25,2021-06-25,4.458064516129033,,,,,176
2021-06-26,2021-06-26,2.003225806451613,,,,,177
2021-06-27,2021-06-27,2.9806451612903224,,,,,178
2021-06-28,2021-06-28,1.5129032258064519,,,,,179
2021-06-29,2021-06-29,5.125806451612903,,,,,180
2021-06-30,2021-06-30,4.656666666666666,,,,,181
2021-07-01,2021-07-01,4.6322580645161295,,,,,182
2021-07-02,2021-07-02,1.5312499999999998,,,,,183
2021-07-03,2021-07-03,2.9937500000000004,,,,,184
2021-07-04,2021-07-04,2.6125,,,,,185
2021-07-05,2021-07-05,4.6937500000000005,,,,,186
2021-07-06,2021-07-06,2.753125,,,,,187
2021-07-07,2021-07-07,2.55625,,,,,188
2021-07-08,2021-07-08,2.375,,,,,189
2021-07-09,2021-07-09,1.9312500000000001,,,,,190
2021-07-10,2021-07-10,2.028125,,,,,191
2021-07-11,2021-07-11,3.7125,,,,,192
2021-07-12,2021-07-12,4.925806451612904,,,,,193
2021-07-13,2021-07-13,0.7000000000000002,,,,,194
2021-07-14,2021-07-14,4.187096774193549,,,,,195
2021-07-15,2021-07-15,1.1741935483870967,,,,,196
2021-07-16,2021-07-16,2.5806451612903225,,,,,197
2021-07-17,2021-07-17,1.7187500000000002,,,,,198
2021-07-18,2021-07-18,2.5937499999999996,,,,,199
2021-07-19,2021-07-19,1.7375,,,,,200
2021-07-20,2021-07-20,2.0281249999999997,,,,,201
2021-07-21,2021-07-21,1.9968750000000002,,,,,202
2021-07-22,2021-07-22,2.6406250000000004,,,,,203
2021-07-23,2021-07-23,2.409375,,,,,204
2021-07-24,2021-07-24,4.76875,,,,,205
2021-07-25,2021-07-25,4.0531250000000005,,,,,206
2021-07-26,2021-07-26,3.846875,,,,,207
2021-07-27,2021-07-27,2.625,,,,,208
2021-07-28,2021-07-28,1.9718750000000003,,,,,209
2021-07-29,2021-07-29,2.0343750000000003,,,,,210
2021-07-30,2021-07-30,3.2843750000000007,,,,,211
2021-07-31,2021-07-31,1.5218750000000003,,,,,212
2021-08-01,2021-08-01,7.12,,,,,213
2021-08-02,2021-08-02,6.126666666666667,,,,,214
2021-08-03,2021-08-03,5.34,,,,,215
2021-08-04,2021-08-04,3.776666666666667,,,,,216
2021-08-05,2021-08-05,0.6433333333333332,,,,,217
2021-08-06,2021-08-06,2.7517241379310344,,,,,218
2021-08-07,2021-08-07,8.937931034482759,,,,,219
2021-08-08,2021-08-08,6.793103448275862,,,,,220
2021-08-09,2021-08-09,6.751724137931035,,,,,221
2021-08-10,2021-08-10,3.639285714285714,,,,,222
2021-08-11,2021-08-11,2.6321428571428576,,,,,223
2021-08-12,2021-08-12,2.9827586206896552,,,,,224
2021-08-13,2021-08-13,1.0724137931034485,,,,,225
2021-08-14,2021-08-14,3.0966666666666667,,,,,226
2021-08-15,2021-08-15,4.923333333333334,,,,,227
2021-08-16,2021-08-16,4.653333333333332,,,,,228
2021-08-17,2021-08-17,3.73448275862069,,,,,229
2021-08-18,2021-08-18,3.9399999999999995,,,,,230
2021-08-19,2021-08-19,4.56206896551724,,,,,231
2021-08-20,2021-08-20,3.510344827586206,,,,,232
2021-08-21,2021-08-21,1.5833333333333333,,,,,233
2021-08-22,2021-08-22,3.0900000000000003,,,,,234
2021-08-23,2021-08-23,5.244827586206896,,,,,235
2021-08-24,2021-08-24,1.6266666666666667,,,,,236
2021-08-25,2021-08-25,3.1299999999999994,,,,,237
2021-08-26,2021-08-26,1.5933333333333333,,,,,238
2021-08-27,2021-08-27,2.1433333333333335,,,,,239
2021-08-28,2021-08-28,1.7833333333333337,,,,,240
2021-08-29,2021-08-29,4.21,,,,,241
2021-08-30,2021-08-30,2.596551724137931,,,,,242
2021-08-31,2021-08-31,3.099999999999999,,,,,243
2021-09-01,2021-09-01,3.6555555555555554,,,,,244
2021-09-02,2021-09-02,5.114814814814815,,,,,245
2021-09-03,2021-09-03,2.840740740740741,,,,,246
2021-09-04,2021-09-04,3.0,,,,,247
2021-09-05,2021-09-05,1.3620689655172413,,,,,248
2021-09-06,2021-09-06,1.9172413793103447,,,,,249
2021-09-07,2021-09-07,0.7517241379310345,,,,,250
2021-09-08,2021-09-08,3.6551724137931036,,,,,251
2021-09-09,2021-09-09,1.5551724137931038,,,,,252
2021-09-10,2021-09-10,1.9620689655172416,,,,,253
2021-09-11,2021-09-11,3.7896551724137937,,,,,254
2021-09-12,2021-09-12,7.031034482758618,,,,,255
2021-09-13,2021-09-13,8.037931034482757,,,,,256
2021-09-14,2021-09-14,6.013793103448276,,,,,257
2021-09-15,2021-09-15,2.5793103448275865,,,,,258
2021-09-16,2021-09-16,1.9689655172413791,,,,,259
2021-09-17,2021-09-17,5.5,,,,,260
2021-09-18,2021-09-18,3.9379310344827587,,,,,261
2021-09-19,2021-09-19,1.2034482758620688,,,,,262
2021-09-20,2021-09-20,3.296551724137931,,,,,263
2021-09-21,2021-09-21,3.4103448275862065,,,,,264
2021-09-22,2021-09-22,4.0137931034482754,,,,,265
2021-09-23,2021-09-23,8.217241379310343,,,,,266
2021-09-24,2021-09-24,3.9206896551724135,,,,,267
2021-09-25,2021-09-25,2.4793103448275864,,,,,268
2021-09-26,2021-09-26,5.682758620689657,,,,,269
2021-09-27,2021-09-27,3.0357142857142856,,,,,270
2021-09-28,2021-09-28,2.8071428571428574,,,,,271
2021-09-29,2021-09-29,4.425,,,,,272
2021-09-30,2021-09-30,1.3148148148148149,,,,,273
2021-10-01,2021-10-01,2.682142857142857,,,,,274
2021-10-02,2021-10-02,3.6785714285714284,,,,,275
2021-10-03,2021-10-03,7.299999999999999,,,,,276
2021-10-04,2021-10-04,5.078571428571429,,,,,277
2021-10-05,2021-10-05,4.932142857142857,,,,,278
2021-10-06,2021-10-06,4.435714285714286,,,,,279
2021-10-07,2021-10-07,5.107142857142857,,,,,280
2021-10-08,2021-10-08,4.360714285714287,,,,,281
2021-10-09,2021-10-09,3.9249999999999994,,,,,282
2021-10-10,2021-10-10,7.682142857142857,,,,,283
2021-10-11,2021-10-11,13.710714285714284,,,,,284
2021-10-12,2021-10-12,5.046428571428572,,,,,285
2021-10-13,2021-10-13,3.492857142857143,,,,,286
2021-10-14,2021-10-14,13.924999999999999,,,,,287
2021-10-15,2021-10-15,7.303571428571429,,,,,288
2021-10-16,2021-10-16,3.610714285714286,,,,,289
2021-10-17,2021-10-17,12.335714285714287,,,,,290
2021-10-18,2021-10-18,4.292857142857144,,,,,291
2021-10-19,2021-10-19,10.62857142857143,,,,,292
2021-10-20,2021-10-20,8.542857142857143,,,,,293
2021-10-21,2021-10-21,5.139285714285714,,,,,294
2021-10-22,2021-10-22,1.8464285714285713,,,,,295
2021-10-23,2021-10-23,2.382142857142857,,,,,296
2021-10-24,2021-10-24,2.8964285714285714,,,,,297
2021-10-25,2021-10-25,6.835714285714287,,,,,298
2021-10-26,2021-10-26,4.182142857142858,,,,,299
2021-10-27,2021-10-27,8.200000000000001,,,,,300
2021-10-28,2021-10-28,9.082142857142857,,,,,301
2021-10-29,2021-10-29,6.221428571428571,,,,,302
2021-10-30,2021-10-30,5.935714285714285,,,,,303
2021-10-31,2021-10-31,2.0142857142857142,,,,,304
2021-11-01,2021-11-01,3.535714285714286,,,,,305
2021-11-02,2021-11-02,2.8896551724137933,,,,,306
2021-11-03,2021-11-03,4.88,,,,,307
2021-11-04,2021-11-04,6.023333333333332,,,,,308
2021-11-05,2021-11-05,8.076666666666666,,,,,309
2021-11-06,2021-11-06,2.909999999999999,,,,,310
2021-11-07,2021-11-07,7.35,,,,,311
2021-11-08,2021-11-08,5.386666666666667,,,,,312
2021-11-09,2021-11-09,7.220000000000001,,,,,313
2021-11-10,2021-11-10,10.006896551724138,,,,,314
2021-11-11,2021-11-11,5.024137931034482,,,,,315
2021-11-12,2021-11-12,1.65,,,,,316
2021-11-13,2021-11-13,6.917857142857143,,,,,317
2021-11-14,2021-11-14,8.267857142857142,,,,,318
2021-11-15,2021-11-15,8.990000000000002,,,,,319
2021-11-16,2021-11-16,9.996666666666666,,,,,320
2021-11-17,2021-11-17,4.726666666666668,,,,,321
2021-11-18,2021-11-18,5.2666666666666675,,,,,322
2021-11-19,2021-11-19,7.0379310344827575,,,,,323
2021-11-20,2021-11-20,4.348275862068966,,,,,324
2021-11-21,2021-11-21,5.458620689655173,,,,,325
2021-11-22,2021-11-22,10.87241379310345,,,,,326
2021-11-23,2021-11-23,7.306896551724139,,,,,327
2021-11-24,2021-11-24,6.741379310344826,,,,,328
2021-11-25,2021-11-25,8.924137931034481,,,,,329
2021-11-26,2021-11-26,7.456666666666667,,,,,330
2021-11-27,2021-11-27,6.026666666666667,,,,,331
2021-11-28,2021-11-28,5.506896551724139,,,,,332
2021-11-29,2021-11-29,8.70344827586207,,,,,333
2021-11-30,2021-11-30,5.275862068965517,,,,,334
2021-12-01,2021-12-01,9.350000000000001,,,,,335
2021-12-02,2021-12-02,5.267741935483872,,,,,336
2021-12-03,2021-12-03,4.306451612903226,,,,,337
2021-12-04,2021-12-04,6.05483870967742,,,,,338
2021-12-05,2021-12-05,10.580645161290322,,,,,339
2021-12-06,2021-12-06,8.390322580645162,,,,,340
2021-12-07,2021-12-07,5.187096774193549,,,,,341
2021-12-08,2021-12-08,6.638709677419354,,,,,342
2021-12-09,2021-12-09,8.441935483870969,,,,,343
2021-12-10,2021-12-10,5.825806451612904,,,,,344
2021-12-11,2021-12-11,14.629032258064516,,,,,345
2021-12-12,2021-12-12,9.103225806451613,,,,,346
2021-12-13,2021-12-13,14.048387096774192,,,,,347
2021-12-14,2021-12-14,9.838709677419354,,,,,348
2021-12-15,2021-12-15,8.55,,,,,349
2021-12-16,2021-12-16,7.376666666666667,,,,,350
2021-12-17,2021-12-17,12.0,,,,,351
2021-12-18,2021-12-18,15.887096774193548,,,,,352
2021-12-19,2021-12-19,14.880645161290321,,,,,353
2021-12-20,2021-12-20,12.196774193548388,,,,,354
2021-12-21,2021-12-21,5.2870967741935475,,,,,355
2021-12-22,2021-12-22,6.17741935483871,,,,,356
2021-12-23,2021-12-23,6.990322580645162,,,,,357
2021-12-24,2021-12-24,8.880645161290323,,,,,358
2021-12-25,2021-12-25,7.864516129032259,,,,,359
2021-12-26,2021-12-26,8.867741935483872,,,,,360
2021-12-27,2021-12-27,7.451612903225805,,,,,361
2021-12-28,2021-12-28,13.466666666666667,,,,,362
2021-12-29,2021-12-29,7.096666666666666,,,,,363
2021-12-30,2021-12-30,16.026666666666664,,,,,364
2021-12-31,2021-12-31,6.5344827586206895,,,,,365
2022-01-01,2022-01-01,6.9,,,,,1
2022-01-02,2022-01-02,9.16875,,,,,2
2022-01-03,2022-01-03,14.634375000000002,,,,,3
2022-01-04,2022-01-04,11.565624999999997,,,,,4
2022-01-05,2022-01-05,11.04375,,,,,5
2022-01-06,2022-01-06,16.775,,,,,6
2022-01-07,2022-01-07,8.54375,,,,,7
2022-01-08,2022-01-08,10.296874999999998,,,,,8
2022-01-09,2022-01-09,15.719354838709675,,,,,9
2022-01-10,2022-01-10,13.05483870967742,,,,,10
2022-01-11,2022-01-11,9.735483870967743,,,,,11
2022-01-12,2022-01-12,15.524999999999999,,,,,12
2022-01-13,2022-01-13,22.959374999999998,,,,,13
2022-01-14,2022-01-14,15.628125000000002,,,,,14
2022-01-15,2022-01-15,14.55625,,,,,15
2022-01-16,2022-01-16,19.09375,,,,,16
2022-01-17,2022-01-17,10.265625,,,,,17
2022-01-18,2022-01-18,5.475,,,,,18
2022-01-19,2022-01-19,9.625,,,,,19
2022-01-20,2022-01-20,7.500000000000001,,,,,20
2022-01-21,2022-01-21,4.945161290322579,,,,,21
2022-01-22,2022-01-22,7.581249999999998,,,,,22
2022-01-23,2022-01-23,11.084375,,,,,23
2022-01-24,2022-01-24,12.609090909090908,,,,,24
2022-01-25,2022-01-25,12.745454545454548,,,,,25
2022-01-26,2022-01-26,8.56969696969697,,,,,26
2022-01-27,2022-01-27,13.660606060606062,,,,,27
2022-01-28,2022-01-28,12.03030303030303,,,,,28
2022-01-29,2022-01-29,14.757575757575761,,,,,29
2022-01-30,2022-01-30,12.672727272727274,,,,,30
2022-01-31,2022-01-31,7.027272727272728,,,,,31
2022-02-01,2022-02-01,12.246875000000001,,,,,32
2022-02-02,2022-02-02,13.853125,,,,,33
2022-02-03,2022-02-03,7.365625000000001,,,,,34
2022-02-04,2022-02-04,10.059375000000003,,,,,35
2022-02-05,2022-02-05,8.703125,,,,,36
2022-02-06,2022-02-06,9.087499999999999,,,,,37
2022-02-07,2022-02-07,5.3218749999999995,,,,,38
2022-02-08,2022-02-08,10.425,,,,,39
2022-02-09,2022-02-09,6.606451612903224,,,,,40
2022-02-10,2022-02-10,10.677419354838708,,,,,41
2022-02-11,2022-02-11,12.751612903225805,,,,,42
2022-02-12,2022-02-12,9.374193548387096,,,,,43
2022-02-13,2022-02-13,13.00625,,,,,44
2022-02-14,2022-02-14,4.971875000000001,,,,,45
2022-02-15,2022-02-15,14.490625,,,,,46
2022-02-16,2022-02-16,14.928125,,,,,47
2022-02-17,2022-02-17,11.2375,,,,,48
2022-02-18,2022-02-18,8.78125,,,,,49
2022-02-19,2022-02-19,8.525806451612901,,,,,50
2022-02-20,2022-02-20,12.486666666666668,,,,,51
2022-02-21,2022-02-21,9.474193548387097,,,,,52
2022-02-22,2022-02-22,15.593750000000002,,,,,53
2022-02-23,2022-02-23,11.23125,,,,,54
2022-02-24,2022-02-24,15.35,,,,,55
2022-02-25,2022-02-25,5.5375,,,,,56
2022-02-26,2022-02-26,9.465625000000001,,,,,57
2022-02-27,2022-02-27,15.087499999999999,,,,,58
2022-02-28,2022-02-28,8.556249999999999,,,,,59
2022-03-01,2022-03-01,9.799999999999997,,,,,60
2022-03-02,2022-03-02,8.342424242424244,,,,,61
2022-03-03,2022-03-03,6.693939393939393,,,,,62
2022-03-04,2022-03-04,9.3,,,,,63
2022-03-05,2022-03-05,11.593939393939394,,,,,64
2022-03-06,2022-03-06,11.503030303030304,,,,,65
2022-03-07,2022-03-07,11.433333333333334,,,,,66
2022-03-08,2022-03-08,10.318181818181817,,,,,67
2022-03-09,2022-03-09,9.53939393939394,,,,,68
2022-03-10,2022-03-10,12.65151515151515,,,,,69
2022-03-11,2022-03-11,11.506060606060606,,,,,70
2022-03-12,2022-03-12,12.678787878787878,,,,,71
2022-03-13,2022-03-13,5.890625,,,,,72
2022-03-14,2022-03-14,7.129032258064518,,,,,73
2022-03-15,2022-03-15,9.687096774193547,,,,,74
2022-03-16,2022-03-16,11.058064516129035,,,,,75
2022-03-17,2022-03-17,5.6312500000000005,,,,,76
2022-03-18,2022-03-18,9.440624999999997,,,,,77
2022-03-19,2022-03-19,10.118750000000004,,,,,78
2022-03-20,2022-03-20,13.15757575757576,,,,,79
2022-03-21,2022-03-21,12.89090909090909,,,,,80
2022-03-22,2022-03-22,7.624242424242423,,,,,81
2022-03-23,2022-03-23,9.615151515151515,,,,,82
2022-03-24,2022-03-24,12.796969696969695,,,,,83
2022-03-25,2022-03-25,10.32121212121212,,,,,84
2022-03-26,2022-03-26,7.024242424242424,,,,,85
2022-03-27,2022-03-27,13.533333333333335,,,,,86
2022-03-28,2022-03-28,12.927272727272728,,,,,87
2022-03-29,2022-03-29,10.24848484848485,,,,,88
2022-03-30,2022-03-30,10.024242424242425,,,,,89
2022-03-31,2022-03-31,13.996874999999998,,,,,90
2022-04-01,2022-04-01,13.8,,,,,91
2022-04-02,2022-04-02,10.306451612903226,,,,,92
2022-04-03,2022-04-03,7.786666666666666,,,,,93
2022-04-04,2022-04-04,9.083870967741936,,,,,94
2022-04-05,2022-04-05,10.470967741935485,,,,,95
2022-04-06,2022-04-06,11.880645161290321,,,,,96
2022-04-07,2022-04-07,8.829032258064515,,,,,97
2022-04-08,2022-04-08,6.764516129032258,,,,,98
2022-04-09,2022-04-09,14.674193548387096,,,,,99
2022-04-10,2022-04-10,7.4741935483870945,,,,,100
2022-04-11,2022-04-11,8.212903225806452,,,,,101
2022-04-12,2022-04-12,7.638709677419355,,,,,102
2022-04-13,2022-04-13,6.270967741935484,,,,,103
2022-04-14,2022-04-14,6.954838709677419,,,,,104
2022-04-15,2022-04-15,5.287096774193548,,,,,105
2022-04-16,2022-04-16,9.248387096774191,,,,,106
2022-04-17,2022-04-17,8.790322580645162,,,,,107
2022-04-18,2022-04-18,14.203225806451611,,,,,108
2022-04-19,2022-04-19,8.332258064516129,,,,,109
2022-04-20,2022-04-20,9.35161290322581,,,,,110
2022-04-21,2022-04-21,10.006451612903225,,,,,111
2022-04-22,2022-04-22,7.619354838709677,,,,,112
2022-04-23,2022-04-23,3.0064516129032257,,,,,113
2022-04-24,2022-04-24,4.564516129032259,,,,,114
2022-04-25,2022-04-25,6.709677419354837,,,,,115
2022-04-26,2022-04-26,9.419354838709678,,,,,116
2022-04-27,2022-04-27,12.63225806451613,,,,,117
2022-04-28,2022-04-28,6.577419354838709,,,,,118
2022-04-29,2022-04-29,9.337931034482757,,,,,119
2022-04-30,2022-04-30,9.563333333333333,,,,,120
2022-05-01,2022-05-01,6.789655172413793,,,,,121
2022-05-02,2022-05-02,12.106666666666666,,,,,122
2022-05-03,2022-05-03,9.827586206896552,,,,,123
2022-05-04,2022-05-04,13.23448275862069,,,,,124
2022-05-05,2022-05-05,9.4,,,,,125
2022-05-06,2022-05-06,9.196666666666665,,,,,126
2022-05-07,2022-05-07,6.58,,,,,127
2022-05-08,2022-05-08,3.4633333333333334,,,,,128
2022-05-09,2022-05-09,3.133333333333333,,,,,129
2022-05-10,2022-05-10,2.8499999999999996,,,,,130
2022-05-11,2022-05-11,3.306896551724137,,,,,131
2022-05-12,2022-05-12,2.286206896551724,,,,,132
2022-05-13,2022-05-13,4.706666666666665,,,,,133
2022-05-14,2022-05-14,11.665517241379309,,,,,134
2022-05-15,2022-05-15,5.70344827586207,,,,,135
2022-05-16,2022-05-16,1.7517241379310342,,,,,136
2022-05-17,2022-05-17,10.613333333333335,,,,,137
2022-05-18,2022-05-18,4.540000000000001,,,,,138
2022-05-19,2022-05-19,2.87,,,,,139
2022-05-20,2022-05-20,5.203333333333333,,,,,140
2022-05-21,2022-05-21,4.3566666666666665,,,,,141
2022-05-22,2022-05-22,4.153333333333333,,,,,142
2022-05-23,2022-05-23,6.926666666666667,,,,,143
2022-05-24,2022-05-24,4.156666666666666,,,,,144
2022-05-25,2022-05-25,9.223333333333333,,,,,145
2022-05-26,2022-05-26,2.0766666666666667,,,,,146
2022-05-27,2022-05-27,2.36,,,,,147
2022-05-28,2022-05-28,3.9344827586206903,,,,,148
2022-05-29,2022-05-29,5.1068965517241365,,,,,149
2022-05-30,2022-05-30,5.510000000000001,,,,,150
2022-05-31,2022-05-31,7.646666666666666,,,,,151
2022-06-01,2022-06-01,5.1031249999999995,,,,,152
2022-06-02,2022-06-02,4.361290322580646,,,,,153
2022-06-03,2022-06-03,9.045161290322582,,,,,154
2022-06-04,2022-06-04,4.938709677419355,,,,,155
2022-06-05,2022-06-05,4.825806451612904,,,,,156
2022-06-06,2022-06-06,4.5129032258064505,,,,,157
2022-06-07,2022-06-07,2.5,,,,,158
2022-06-08,2022-06-08,2.9645161290322584,,,,,159
2022-06-09,2022-06-09,4.416666666666667,,,,,160
2022-06-10,2022-06-10,4.993333333333334,,,,,161
2022-06-11,2022-06-11,2.743333333333333,,,,,162
2022-06-12,2022-06-12,5.433333333333334,,,,,163
2022-06-13,2022-06-13,3.9566666666666666,,,,,164
2022-06-14,2022-06-14,2.126666666666667,,,,,165
2022-06-15,2022-06-15,3.4379310344827583,,,,,166
2022-06-16,2022-06-16,5.361290322580645,,,,,167
2022-06-17,2022-06-17,7.016129032258063,,,,,168
2022-06-18,2022-06-18,1.2838709677419353,,,,,169
2022-06-19,2022-06-19,3.0419354838709673,,,,,170
2022-06-20,2022-06-20,3.5903225806451613,,,,,171
2022-06-21,2022-06-21,2.061290322580645,,,,,172
2022-06-22,2022-06-22,2.432258064516129,,,,,173
2022-06-23,2022-06-23,3.541935483870968,,,,,174
2022-06-24,2022-06-24,2.67741935483871,,,,,175
2022-06-25,2022-06-25,4.458064516129033,,,,,176
2022-06-26,2022-06-26,2.003225806451613,,,,,177
2022-06-27,2022-06-27,2.9806451612903224,,,,,178
2022-06-28,2022-06-28,1.5129032258064519,,,,,179
2022-06-29,2022-06-29,5.125806451612903,,,,,180
2022-06-30,2022-06-30,4.656666666666666,,,,,181
2022-07-01,2022-07-01,4.6322580645161295,,,,,182
2022-07-02,2022-07-02,1.5312499999999998,,,,,183
2022-07-03,2022-07-03,2.9937500000000004,,,,,184
2022-07-04,2022-07-04,2.6125,,,,,185
2022-07-05,2022-07-05,4.6937500000000005,,,,,186
2022-07-06,2022-07-06,2.753125,,,,,187
2022-07-07,2022-07-07,2.55625,,,,,188
2022-07-08,2022-07-08,2.375,,,,,189
2022-07-09,2022-07-09,1.9312500000000001,,,,,190
2022-07-10,2022-07-10,2.028125,,,,,191
2022-07-11,2022-07-11,3.7125,,,,,192
2022-07-12,2022-07-12,4.925806451612904,,,,,193
2022-07-13,2022-07-13,0.7000000000000002,,,,,194
2022-07-14,2022-07-14,4.187096774193549,,,,,195
2022-07-15,2022-07-15,1.1741935483870967,,,,,196
2022-07-16,2022-07-16,2.5806451612903225,,,,,197
2022-07-17,2022-07-17,1.7187500000000002,,,,,198
2022-07-18,2022-07-18,2.5937499999999996,,,,,199
2022-07-19,2022-07-19,1.7375,,,,,200
2022-07-20,2022-07-20,2.0281249999999997,,,,,201
2022-07-21,2022-07-21,1.9968750000000002,,,,,202
2022-07-22,2022-07-22,2.6406250000000004,,,,,203
2022-07-23,2022-07-23,2.409375,,,,,204
2022-07-24,2022-07-24,4.76875,,,,,205
2022-07-25,2022-07-25,4.0531250000000005,,,,,206
2022-07-26,2022-07-26,3.846875,,,,,207
2022-07-27,2022-07-27,2.625,,,,,208
2022-07-28,2022-07-28,1.9718750000000003,,,,,209
2022-07-29,2022-07-29,2.0343750000000003,,,,,210
2022-07-30,2022-07-30,3.2843750000000007,,,,,211
2022-07-31,2022-07-31,1.5218750000000003,,,,,212
2022-08-01,2022-08-01,7.12,,,,,213
2022-08-02,2022-08-02,6.126666666666667,,,,,214
2022-08-03,2022-08-03,5.34,,,,,215
2022-08-04,2022-08-04,3.776666666666667,,,,,216
2022-08-05,2022-08-05,0.6433333333333332,,,,,217
2022-08-06,2022-08-06,2.7517241379310344,,,,,218
2022-08-07,2022-08-07,8.937931034482759,,,,,219
2022-08-08,2022-08-08,6.793103448275862,,,,,220
2022-08-09,2022-08-09,6.751724137931035,,,,,221
2022-08-10,2022-08-10,3.639285714285714,,,,,222
2022-08-11,2022-08-11,2.6321428571428576,,,,,223
2022-08-12,2022-08-12,2.9827586206896552,,,,,224
2022-08-13,2022-08-13,1.0724137931034485,,,,,225
2022-08-14,2022-08-14,3.0966666666666667,,,,,226
2022-08-15,2022-08-15,4.923333333333334,,,,,227
2022-08-16,2022-08-16,4.653333333333332,,,,,228
2022-08-17,2022-08-17,3.73448275862069,,,,,229
2022-08-18,2022-08-18,3.9399999999999995,,,,,230
2022-08-19,2022-08-19,4.56206896551724,,,,,231
2022-08-20,2022-08-20,3.510344827586206,,,,,232
2022-08-21,2022-08-21,1.5833333333333333,,,,,233
2022-08-22,2022-08-22,3.0900000000000003,,,,,234
2022-08-23,2022-08-23,5.244827586206896,,,,,235
2022-08-24,2022-08-24,1.6266666666666667,,,,,236
2022-08-25,2022-08-25,3.1299999999999994,,,,,237
2022-08-26,2022-08-26,1.5933333333333333,,,,,238
2022-08-27,2022-08-27,2.1433333333333335,,,,,239
2022-08-28,2022-08-28,1.7833333333333337,,,,,240
2022-08-29,2022-08-29,4.21,,,,,241
2022-08-30,2022-08-30,2.596551724137931,,,,,242
2022-08-31,2022-08-31,3.099999999999999,,,,,243
2022-09-01,2022-09-01,3.6555555555555554,,,,,244
2022-09-02,2022-09-02,5.114814814814815,,,,,245
2022-09-03,2022-09-03,2.840740740740741,,,,,246
2022-09-04,2022-09-04,3.0,,,,,247
2022-09-05,2022-09-05,1.3620689655172413,,,,,248
2022-09-06,2022-09-06,1.9172413793103447,,,,,249
2022-09-07,2022-09-07,0.7517241379310345,,,,,250
2022-09-08,2022-09-08,3.6551724137931036,,,,,251
2022-09-09,2022-09-09,1.5551724137931038,,,,,252
2022-09-10,2022-09-10,1.9620689655172416,,,,,253
2022-09-11,2022-09-11,3.7896551724137937,,,,,254
2022-09-12,2022-09-12,7.031034482758618,,,,,255
2022-09-13,2022-09-13,8.037931034482757,,,,,256
2022-09-14,2022-09-14,6.013793103448276,,,,,257
2022-09-15,2022-09-15,2.5793103448275865,,,,,258
2022-09-16,2022-09-16,1.9689655172413791,,,,,259
2022-09-17,2022-09-17,5.5,,,,,260
2022-09-18,2022-09-18,3.9379310344827587,,,,,261
2022-09-19,2022-09-19,1.2034482758620688,,,,,262
2022-09-20,2022-09-20,3.296551724137931,,,,,263
2022-09-21,2022-09-21,3.4103448275862065,,,,,264
2022-09-22,2022-09-22,4.0137931034482754,,,,,265
2022-09-23,2022-09-23,8.217241379310343,,,,,266
2022-09-24,2022-09-24,3.9206896551724135,,,,,267
2022-09-25,2022-09-25,2.4793103448275864,,,,,268
2022-09-26,2022-09-26,5.682758620689657,,,,,269
2022-09-27,2022-09-27,3.0357142857142856,,,,,270
2022-09-28,2022-09-28,2.8071428571428574,,,,,271
2022-09-29,2022-09-29,4.425,,,,,272
2022-09-30,2022-09-30,1.3148148148148149,,,,,273
2022-10-01,2022-10-01,2.682142857142857,,,,,274
2022-10-02,2022-10-02,3.6785714285714284,,,,,275
2022-10-03,2022-10-03,7.299999999999999,,,,,276
2022-10-04,2022-10-04,5.078571428571429,,,,,277
2022-10-05,2022-10-05,4.932142857142857,,,,,278
2022-10-06,2022-10-06,4.435714285714286,,,,,279
2022-10-07,2022-10-07,5.107142857142857,,,,,280
2022-10-08,2022-10-08,4.360714285714287,,,,,281
2022-10-09,2022-10-09,3.9249999999999994,,,,,282
2022-10-10,2022-10-10,7.682142857142857,,,,,283
2022-10-11,2022-10-11,13.710714285714284,,,,,284
2022-10-12,2022-10-12,5.046428571428572,,,,,285
2022-10-13,2022-10-13,3.492857142857143,,,,,286
2022-10-14,2022-10-14,13.924999999999999,,,,,287
2022-10-15,2022-10-15,7.303571428571429,,,,,288
2022-10-16,2022-10-16,3.610714285714286,,,,,289
2022-10-17,2022-10-17,12.335714285714287,,,,,290
2022-10-18,2022-10-18,4.292857142857144,,,,,291
2022-10-19,2022-10-19,10.62857142857143,,,,,292
2022-10-20,2022-10-20,8.542857142857143,,,,,293
2022-10-21,2022-10-21,5.139285714285714,,,,,294
2022-10-22,2022-10-22,1.8464285714285713,,,,,295
2022-10-23,2022-10-23,2.382142857142857,,,,,296
2022-10-24,2022-10-24,2.8964285714285714,,,,,297
2022-10-25,2022-10-25,6.835714285714287,,,,,298
2022-10-26,2022-10-26,4.182142857142858,,,,,299
2022-10-27,2022-10-27,8.200000000000001,,,,,300
2022-10-28,2022-10-28,9.082142857142857,,,,,301
2022-10-29,2022-10-29,6.221428571428571,,,,,302
2022-10-30,2022-10-30,5.935714285714285,,,,,303
2022-10-31,2022-10-31,2.0142857142857142,,,,,304
2022-11-01,2022-11-01,3.535714285714286,,,,,305
2022-11-02,2022-11-02,2.8896551724137933,,,,,306
2022-11-03,2022-11-03,4.88,,,,,307
2022-11-04,2022-11-04,6.023333333333332,,,,,308
2022-11-05,2022-11-05,8.076666666666666,,,,,309
2022-11-06,2022-11-06,2.909999999999999,,,,,310
2022-11-07,2022-11-07,7.35,,,,,311
2022-11-08,2022-11-08,5.386666666666667,,,,,312
2022-11-09,2022-11-09,7.220000000000001,,,,,313
2022-11-10,2022-11-10,10.006896551724138,,,,,314
2022-11-11,2022-11-11,5.024137931034482,,,,,315
2022-11-12,2022-11-12,1.65,,,,,316
2022-11-13,2022-11-13,6.917857142857143,,,,,317
2022-11-14,2022-11-14,8.267857142857142,,,,,318
2022-11-15,2022-11-15,8.990000000000002,,,,,319
2022-11-16,2022-11-16,9.996666666666666,,,,,320
2022-11-17,2022-11-17,4.726666666666668,,,,,321
2022-11-18,2022-11-18,5.2666666666666675,,,,,322
2022-11-19,2022-11-19,7.0379310344827575,,,,,323
2022-11-20,2022-11-20,4.348275862068966,,,,,324
2022-11-21,2022-11-21,5.458620689655173,,,,,325
2022-11-22,2022-11-22,10.87241379310345,,,,,326
2022-11-23,2022-11-23,7.306896551724139,,,,,327
2022-11-24,2022-11-24,6.741379310344826,,,,,328
2022-11-25,2022-11-25,8.924137931034481,,,,,329
2022-11-26,2022-11-26,7.456666666666667,,,,,330
2022-11-27,2022-11-27,6.026666666666667,,,,,331
2022-11-28,2022-11-28,5.506896551724139,,,,,332
2022-11-29,2022-11-29,8.70344827586207,,,,,333
2022-11-30,2022-11-30,5.275862068965517,,,,,334
2022-12-01,2022-12-01,9.350000000000001,,,,,335
2022-12-02,2022-12-02,5.267741935483872,,,,,336
2022-12-03,2022-12-03,4.306451612903226,,,,,337
2022-12-04,2022-12-04,6.05483870967742,,,,,338
2022-12-05,2022-12-05,10.580645161290322,,,,,339
2022-12-06,2022-12-06,8.390322580645162,,,,,340
2022-12-07,2022-12-07,5.187096774193549,,,,,341
2022-12-08,2022-12-08,6.638709677419354,,,,,342
2022-12-09,2022-12-09,8.441935483870969,,,,,343
2022-12-10,2022-12-10,5.825806451612904,,,,,344
2022-12-11,2022-12-11,14.629032258064516,,,,,345
2022-12-12,2022-12-12,9.103225806451613,,,,,346
2022-12-13,2022-12-13,14.048387096774192,,,,,347
2022-12-14,2022-12-14,9.838709677419354,,,,,348
2022-12-15,2022-12-15,8.55,,,,,349
2022-12-16,2022-12-16,7.376666666666667,,,,,350
2022-12-17,2022-12-17,12.0,,,,,351
2022-12-18,2022-12-18,15.887096774193548,,,,,352
2022-12-19,2022-12-19,14.880645161290321,,,,,353
2022-12-20,2022-12-20,12.196774193548388,,,,,354
2022-12-21,2022-12-21,5.2870967741935475,,,,,355
2022-12-22,2022-12-22,6.17741935483871,,,,,356
2022-12-23,2022-12-23,6.990322580645162,,,,,357
2022-12-24,2022-12-24,8.880645161290323,,,,,358
2022-12-25,2022-12-25,7.864516129032259,,,,,359
2022-12-26,2022-12-26,8.867741935483872,,,,,360
2022-12-27,2022-12-27,7.451612903225805,,,,,361
2022-12-28,2022-12-28,13.466666666666667,,,,,362
2022-12-29,2022-12-29,7.096666666666666,,,,,363
2022-12-30,2022-12-30,16.026666666666664,,,,,364
2022-12-31,2022-12-31,6.5344827586206895,,,,,365
2023-01-01,2023-01-01,6.9,,,,,1
2023-01-02,2023-01-02,9.16875,,,,,2
2023-01-03,2023-01-03,14.634375000000002,,,,,3
2023-01-04,2023-01-04,11.565624999999997,,,,,4
2023-01-05,2023-01-05,11.04375,,,,,5
2023-01-06,2023-01-06,16.775,,,,,6
2023-01-07,2023-01-07,8.54375,,,,,7
2023-01-08,2023-01-08,10.296874999999998,,,,,8
2023-01-09,2023-01-09,15.719354838709675,,,,,9
2023-01-10,2023-01-10,13.05483870967742,,,,,10
2023-01-11,2023-01-11,9.735483870967743,,,,,11
2023-01-12,2023-01-12,15.524999999999999,,,,,12
2023-01-13,2023-01-13,22.959374999999998,,,,,13
2023-01-14,2023-01-14,15.628125000000002,,,,,14
2023-01-15,2023-01-15,14.55625,,,,,15
2023-01-16,2023-01-16,19.09375,,,,,16
2023-01-17,2023-01-17,10.265625,,,,,17
2023-01-18,2023-01-18,5.475,,,,,18
2023-01-19,2023-01-19,9.625,,,,,19
2023-01-20,2023-01-20,7.500000000000001,,,,,20
2023-01-21,2023-01-21,4.945161290322579,,,,,21
2023-01-22,2023-01-22,7.581249999999998,,,,,22
2023-01-23,2023-01-23,11.084375,,,,,23
2023-01-24,2023-01-24,12.609090909090908,,,,,24
2023-01-25,2023-01-25,12.745454545454548,,,,,25
2023-01-26,2023-01-26,8.56969696969697,,,,,26
2023-01-27,2023-01-27,13.660606060606062,,,,,27
2023-01-28,2023-01-28,12.03030303030303,,,,,28
2023-01-29,2023-01-29,14.757575757575761,,,,,29
2023-01-30,2023-01-30,12.672727272727274,,,,,30
2023-01-31,2023-01-31,7.027272727272728,,,,,31
2023-02-01,2023-02-01,12.246875000000001,,,,,32
2023-02-02,2023-02-02,13.853125,,,,,33
2023-02-03,2023-02-03,7.365625000000001,,,,,34
2023-02-04,2023-02-04,10.059375000000003,,,,,35
2023-02-05,2023-02-05,8.703125,,,,,36
2023-02-06,2023-02-06,9.087499999999999,,,,,37
2023-02-07,2023-02-07,5.3218749999999995,,,,,38
2023-02-08,2023-02-08,10.425,,,,,39
2023-02-09,2023-02-09,6.606451612903224,,,,,40
2023-02-10,2023-02-10,10.677419354838708,,,,,41
2023-02-11,2023-02-11,12.751612903225805,,,,,42
2023-02-12,2023-02-12,9.374193548387096,,,,,43
2023-02-13,2023-02-13,13.00625,,,,,44
2023-02-14,2023-02-14,4.971875000000001,,,,,45
2023-02-15,2023-02-15,14.490625,,,,,46
2023-02-16,2023-02-16,14.928125,,,,,47
2023-02-17,2023-02-17,11.2375,,,,,48
2023-02-18,2023-02-18,8.78125,,,,,49
2023-02-19,2023-02-19,8.525806451612901,,,,,50
2023-02-20,2023-02-20,12.486666666666668,,,,,51
2023-02-21,2023-02-21,9.474193548387097,,,,,52
2023-02-22,2023-02-22,15.593750000000002,,,,,53
2023-02-23,2023-02-23,11.23125,,,,,54
2023-02-24,2023-02-24,15.35,,,,,55
2023-02-25,2023-02-25,5.5375,,,,,56
2023-02-26,2023-02-26,9.465625000000001,,,,,57
2023-02-27,2023-02-27,15.087499999999999,,,,,58
2023-02-28,2023-02-28,8.556249999999999,,,,,59
2023-03-01,2023-03-01,9.799999999999997,,,,,60
2023-03-02,2023-03-02,8.342424242424244,,,,,61
2023-03-03,2023-03-03,6.693939393939393,,,,,62
2023-03-04,2023-03-04,9.3,,,,,63
2023-03-05,2023-03-05,11.593939393939394,,,,,64
2023-03-06,2023-03-06,11.503030303030304,,,,,65
2023-03-07,2023-03-07,11.433333333333334,,,,,66
2023-03-08,2023-03-08,10.318181818181817,,,,,67
2023-03-09,2023-03-09,9.53939393939394,,,,,68
2023-03-10,2023-03-10,12.65151515151515,,,,,69
2023-03-11,2023-03-11,11.506060606060606,,,,,70
2023-03-12,2023-03-12,12.678787878787878,,,,,71
2023-03-13,2023-03-13,5.890625,,,,,72
2023-03-14,2023-03-14,7.129032258064518,,,,,73
2023-03-15,2023-03-15,9.687096774193547,,,,,74
2023-03-16,2023-03-16,11.058064516129035,,,,,75
2023-03-17,2023-03-17,5.6312500000000005,,,,,76
2023-03-18,2023-03-18,9.440624999999997,,,,,77
2023-03-19,2023-03-19,10.118750000000004,,,,,78
2023-03-20,2023-03-20,13.15757575757576,,,,,79
2023-03-21,2023-03-21,12.89090909090909,,,,,80
2023-03-22,2023-03-22,7.624242424242423,,,,,81
2023-03-23,2023-03-23,9.615151515151515,,,,,82
2023-03-24,2023-03-24,12.796969696969695,,,,,83
2023-03-25,2023-03-25,10.32121212121212,,,,,84
2023-03-26,2023-03-26,7.024242424242424,,,,,85
2023-03-27,2023-03-27,13.533333333333335,,,,,86
2023-03-28,2023-03-28,12.927272727272728,,,,,87
2023-03-29,2023-03-29,10.24848484848485,,,,,88
2023-03-30,2023-03-30,10.024242424242425,,,,,89
2023-03-31,2023-03-31,13.996874999999998,,,,,90
2023-04-01,2023-04-01,13.8,,,,,91
2023-04-02,2023-04-02,10.306451612903226,,,,,92
2023-04-03,2023-04-03,7.786666666666666,,,,,93
2023-04-04,2023-04-04,9.083870967741936,,,,,94
2023-04-05,2023-04-05,10.470967741935485,,,,,95
2023-04-06,2023-04-06,11.880645161290321,,,,,96
2023-04-07,2023-04-07,8.829032258064515,,,,,97
2023-04-08,2023-04-08,6.764516129032258,,,,,98
2023-04-09,2023-04-09,14.674193548387096,,,,,99
2023-04-10,2023-04-10,7.4741935483870945,,,,,100
2023-04-11,2023-04-11,8.212903225806452,,,,,101
2023-04-12,2023-04-12,7.638709677419355,,,,,102
2023-04-13,2023-04-13,6.270967741935484,,,,,103
2023-04-14,2023-04-14,6.954838709677419,,,,,104
2023-04-15,2023-04-15,5.287096774193548,,,,,105
2023-04-16,2023-04-16,9.248387096774191,,,,,106
2023-04-17,2023-04-17,8.790322580645162,,,,,107
2023-04-18,2023-04-18,14.203225806451611,,,,,108
2023-04-19,2023-04-19,8.332258064516129,,,,,109
2023-04-20,2023-04-20,9.35161290322581,,,,,110
2023-04-21,2023-04-21,10.006451612903225,,,,,111
2023-04-22,2023-04-22,7.619354838709677,,,,,112
2023-04-23,2023-04-23,3.0064516129032257,,,,,113
2023-04-24,2023-04-24,4.564516129032259,,,,,114
2023-04-25,2023-04-25,6.709677419354837,,,,,115
2023-04-26,2023-04-26,9.419354838709678,,,,,116
2023-04-27,2023-04-27,12.63225806451613,,,,,117
2023-04-28,2023-04-28,6.577419354838709,,,,,118
2023-04-29,2023-04-29,9.337931034482757,,,,,119
2023-04-30,2023-04-30,9.563333333333333,,,,,120
2023-05-01,2023-05-01,6.789655172413793,,,,,121
2023-05-02,2023-05-02,12.106666666666666,,,,,122
2023-05-03,2023-05-03,9.827586206896552,,,,,123
2023-05-04,2023-05-04,13.23448275862069,,,,,124
2023-05-05,2023-05-05,9.4,,,,,125
2023-05-06,2023-05-06,9.196666666666665,,,,,126
2023-05-07,2023-05-07,6.58,,,,,127
2023-05-08,2023-05-08,3.4633333333333334,,,,,128
2023-05-09,2023-05-09,3.133333333333333,,,,,129
2023-05-10,2023-05-10,2.8499999999999996,,,,,130
2023-05-11,2023-05-11,3.306896551724137,,,,,131
2023-05-12,2023-05-12,2.286206896551724,,,,,132
2023-05-13,2023-05-13,4.706666666666665,,,,,133
2023-05-14,2023-05-14,11.665517241379309,,,,,134
2023-05-15,2023-05-15,5.70344827586207,,,,,135
2023-05-16,2023-05-16,1.7517241379310342,,,,,136
2023-05-17,2023-05-17,10.613333333333335,,,,,137
2023-05-18,2023-05-18,4.540000000000001,,,,,138
2023-05-19,2023-05-19,2.87,,,,,139
2023-05-20,2023-05-20,5.203333333333333,,,,,140
2023-05-21,2023-05-21,4.3566666666666665,,,,,141
2023-05-22,2023-05-22,4.153333333333333,,,,,142
2023-05-23,2023-05-23,6.926666666666667,,,,,143
2023-05-24,2023-05-24,4.156666666666666,,,,,144
2023-05-25,2023-05-25,9.223333333333333,,,,,145
2023-05-26,2023-05-26,2.0766666666666667,,,,,146
2023-05-27,2023-05-27,2.36,,,,,147
2023-05-28,2023-05-28,3.9344827586206903,,,,,148
2023-05-29,2023-05-29,5.1068965517241365,,,,,149
2023-05-30,2023-05-30,5.510000000000001,,,,,150
2023-05-31,2023-05-31,7.646666666666666,,,,,151
2023-06-01,2023-06-01,5.1031249999999995,,,,,152
2023-06-02,2023-06-02,4.361290322580646,,,,,153
2023-06-03,2023-06-03,9.045161290322582,,,,,154
2023-06-04,2023-06-04,4.938709677419355,,,,,155
2023-06-05,2023-06-05,4.825806451612904,,,,,156
2023-06-06,2023-06-06,4.5129032258064505,,,,,157
2023-06-07,2023-06-07,2.5,,,,,158
2023-06-08,2023-06-08,2.9645161290322584,,,,,159
2023-06-09,2023-06-09,4.416666666666667,,,,,160
2023-06-10,2023-06-10,4.993333333333334,,,,,161
2023-06-11,2023-06-11,2.743333333333333,,,,,162
2023-06-12,2023-06-12,5.433333333333334,,,,,163
2023-06-13,2023-06-13,3.9566666666666666,,,,,164
2023-06-14,2023-06-14,2.126666666666667,,,,,165
2023-06-15,2023-06-15,3.4379310344827583,,,,,166
2023-06-16,2023-06-16,5.361290322580645,,,,,167
2023-06-17,2023-06-17,7.016129032258063,,,,,168
2023-06-18,2023-06-18,1.2838709677419353,,,,,169
2023-06-19,2023-06-19,3.0419354838709673,,,,,170
2023-06-20,2023-06-20,3.5903225806451613,,,,,171
2023-06-21,2023-06-21,2.061290322580645,,,,,172
2023-06-22,2023-06-22,2.432258064516129,,,,,173
2023-06-23,2023-06-23,3.541935483870968,,,,,174
2023-06-24,2023-06-24,2.67741935483871,,,,,175
2023-06-25,2023-06-25,4.458064516129033,,,,,176
2023-06-26,2023-06-26,2.003225806451613,,,,,177
2023-06-27,2023-06-27,2.9806451612903224,,,,,178
2023-06-28,2023-06-28,1.5129032258064519,,,,,179
2023-06-29,2023-06-29,5.125806451612903,,,,,180
2023-06-30,2023-06-30,4.656666666666666,,,,,181
2023-07-01,2023-07-01,4.6322580645161295,,,,,182
2023-07-02,2023-07-02,1.5312499999999998,,,,,183
2023-07-03,2023-07-03,2.9937500000000004,,,,,184
2023-07-04,2023-07-04,2.6125,,,,,185
2023-07-05,2023-07-05,4.6937500000000005,,,,,186
2023-07-06,2023-07-06,2.753125,,,,,187
2023-07-07,2023-07-07,2.55625,,,,,188
2023-07-08,2023-07-08,2.375,,,,,189
2023-07-09,2023-07-09,1.9312500000000001,,,,,190
2023-07-10,2023-07-10,2.028125,,,,,191
2023-07-11,2023-07-11,3.7125,,,,,192
2023-07-12,2023-07-12,4.925806451612904,,,,,193
2023-07-13,2023-07-13,0.7000000000000002,,,,,194
2023-07-14,2023-07-14,4.187096774193549,,,,,195
2023-07-15,2023-07-15,1.1741935483870967,,,,,196
2023-07-16,2023-07-16,2.5806451612903225,,,,,197
2023-07-17,2023-07-17,1.7187500000000002,,,,,198
2023-07-18,2023-07-18,2.5937499999999996,,,,,199
2023-07-19,2023-07-19,1.7375,,,,,200
2023-07-20,2023-07-20,2.0281249999999997,,,,,201
2023-07-21,2023-07-21,1.9968750000000002,,,,,202
2023-07-22,2023-07-22,2.6406250000000004,,,,,203
2023-07-23,2023-07-23,2.409375,,,,,204
2023-07-24,2023-07-24,4.76875,,,,,205
2023-07-25,2023-07-25,4.0531250000000005,,,,,206
2023-07-26,2023-07-26,3.846875,,,,,207
2023-07-27,2023-07-27,2.625,,,,,208
2023-07-28,2023-07-28,1.9718750000000003,,,,,209
2023-07-29,2023-07-29,2.0343750000000003,,,,,210
2023-07-30,2023-07-30,3.2843750000000007,,,,,211
2023-07-31,2023-07-31,1.5218750000000003,,,,,212
2023-08-01,2023-08-01,7.12,,,,,213
2023-08-02,2023-08-02,6.126666666666667,,,,,214
2023-08-03,2023-08-03,5.34,,,,,215
2023-08-04,2023-08-04,3.776666666666667,,,,,216
2023-08-05,2023-08-05,0.6433333333333332,,,,,217
2023-08-06,2023-08-06,2.7517241379310344,,,,,218
2023-08-07,2023-08-07,8.937931034482759,,,,,219
2023-08-08,2023-08-08,6.793103448275862,,,,,220
2023-08-09,2023-08-09,6.751724137931035,,,,,221
2023-08-10,2023-08-10,3.639285714285714,,,,,222
2023-08-11,2023-08-11,2.6321428571428576,,,,,223
2023-08-12,2023-08-12,2.9827586206896552,,,,,224
2023-08-13,2023-08-13,1.0724137931034485,,,,,225
2023-08-14,2023-08-14,3.0966666666666667,,,,,226
2023-08-15,2023-08-15,4.923333333333334,,,,,227
2023-08-16,2023-08-16,4.653333333333332,,,,,228
2023-08-17,2023-08-17,3.73448275862069,,,,,229
2023-08-18,2023-08-18,3.9399999999999995,,,,,230
2023-08-19,2023-08-19,4.56206896551724,,,,,231
2023-08-20,2023-08-20,3.510344827586206,,,,,232
2023-08-21,2023-08-21,1.5833333333333333,,,,,233
2023-08-22,2023-08-22,3.0900000000000003,,,,,234
2023-08-23,2023-08-23,5.244827586206896,,,,,235
2023-08-24,2023-08-24,1.6266666666666667,,,,,236
2023-08-25,2023-08-25,3.1299999999999994,,,,,237
2023-08-26,2023-08-26,1.5933333333333333,,,,,238
2023-08-27,2023-08-27,2.1433333333333335,,,,,239
2023-08-28,2023-08-28,1.7833333333333337,,,,,240
2023-08-29,2023-08-29,4.21,,,,,241
2023-08-30,2023-08-30,2.596551724137931,,,,,242
2023-08-31,2023-08-31,3.099999999999999,,,,,243
2023-09-01,2023-09-01,3.6555555555555554,,,,,244
2023-09-02,2023-09-02,5.114814814814815,,,,,245
2023-09-03,2023-09-03,2.840740740740741,,,,,246
2023-09-04,2023-09-04,3.0,,,,,247
2023-09-05,2023-09-05,1.3620689655172413,,,,,248
2023-09-06,2023-09-06,1.9172413793103447,,,,,249
2023-09-07,2023-09-07,0.7517241379310345,,,,,250
2023-09-08,2023-09-08,3.6551724137931036,,,,,251
2023-09-09,2023-09-09,1.5551724137931038,,,,,252
2023-09-10,2023-09-10,1.9620689655172416,,,,,253
2023-09-11,2023-09-11,3.7896551724137937,,,,,254
2023-09-12,2023-09-12,7.031034482758618,,,,,255
2023-09-13,2023-09-13,8.037931034482757,,,,,256
2023-09-14,2023-09-14,6.013793103448276,,,,,257
2023-09-15,2023-09-15,2.5793103448275865,,,,,258
2023-09-16,2023-09-16,1.9689655172413791,,,,,259
2023-09-17,2023-09-17,5.5,,,,,260
2023-09-18,2023-09-18,3.9379310344827587,,,,,261
2023-09-19,2023-09-19,1.2034482758620688,,,,,262
2023-09-20,2023-09-20,3.296551724137931,,,,,263
2023-09-21,2023-09-21,3.4103448275862065,,,,,264
2023-09-22,2023-09-22,4.0137931034482754,,,,,265
2023-09-23,2023-09-23,8.217241379310343,,,,,266
2023-09-24,2023-09-24,3.9206896551724135,,,,,267
2023-09-25,2023-09-25,2.4793103448275864,,,,,268
2023-09-26,2023-09-26,5.682758620689657,,,,,269
2023-09-27,2023-09-27,3.0357142857142856,,,,,270
2023-09-28,2023-09-28,2.8071428571428574,,,,,271
2023-09-29,2023-09-29,4.425,,,,,272
2023-09-30,2023-09-30,1.3148148148148149,,,,,273
2023-10-01,2023-10-01,2.682142857142857,,,,,274
2023-10-02,2023-10-02,3.6785714285714284,,,,,275
2023-10-03,2023-10-03,7.299999999999999,,,,,276
2023-10-04,2023-10-04,5.078571428571429,,,,,277
2023-10-05,2023-10-05,4.932142857142857,,,,,278
2023-10-06,2023-10-06,4.435714285714286,,,,,279
2023-10-07,2023-10-07,5.107142857142857,,,,,280
2023-10-08,2023-10-08,4.360714285714287,,,,,281
2023-10-09,2023-10-09,3.9249999999999994,,,,,282
2023-10-10,2023-10-10,7.682142857142857,,,,,283
2023-10-11,2023-10-11,13.710714285714284,,,,,284
2023-10-12,2023-10-12,5.046428571428572,,,,,285
2023-10-13,2023-10-13,3.492857142857143,,,,,286
2023-10-14,2023-10-14,13.924999999999999,,,,,287
2023-10-15,2023-10-15,7.303571428571429,,,,,288
2023-10-16,2023-10-16,3.610714285714286,,,,,289
2023-10-17,2023-10-17,12.335714285714287,,,,,290
2023-10-18,2023-10-18,4.292857142857144,,,,,291
2023-10-19,2023-10-19,10.62857142857143,,,,,292
2023-10-20,2023-10-20,8.542857142857143,,,,,293
2023-10-21,2023-10-21,5.139285714285714,,,,,294
2023-10-22,2023-10-22,1.8464285714285713,,,,,295
2023-10-23,2023-10-23,2.382142857142857,,,,,296
2023-10-24,2023-10-24,2.8964285714285714,,,,,297
2023-10-25,2023-10-25,6.835714285714287,,,,,298
2023-10-26,2023-10-26,4.182142857142858,,,,,299
2023-10-27,2023-10-27,8.200000000000001,,,,,300
2023-10-28,2023-10-28,9.082142857142857,,,,,301
2023-10-29,2023-10-29,6.221428571428571,,,,,302
2023-10-30,2023-10-30,5.935714285714285,,,,,303
2023-10-31,2023-10-31,2.0142857142857142,,,,,304
2023-11-01,2023-11-01,3.535714285714286,,,,,305
2023-11-02,2023-11-02,2.8896551724137933,,,,,306
2023-11-03,2023-11-03,4.88,,,,,307
2023-11-04,2023-11-04,6.023333333333332,,,,,308
2023-11-05,2023-11-05,8.076666666666666,,,,,309
2023-11-06,2023-11-06,2.909999999999999,,,,,310
2023-11-07,2023-11-07,7.35,,,,,311
2023-11-08,2023-11-08,5.386666666666667,,,,,312
2023-11-09,2023-11-09,7.220000000000001,,,,,313
2023-11-10,2023-11-10,10.006896551724138,,,,,314
2023-11-11,2023-11-11,5.024137931034482,,,,,315
2023-11-12,2023-11-12,1.65,,,,,316
2023-11-13,2023-11-13,6.917857142857143,,,,,317
2023-11-14,2023-11-14,8.267857142857142,,,,,318
2023-11-15,2023-11-15,8.990000000000002,,,,,319
2023-11-16,2023-11-16,9.996666666666666,,,,,320
2023-11-17,2023-11-17,4.726666666666668,,,,,321
2023-11-18,2023-11-18,5.2666666666666675,,,,,322
2023-11-19,2023-11-19,7.0379310344827575,,,,,323
2023-11-20,2023-11-20,4.348275862068966,,,,,324
2023-11-21,2023-11-21,5.458620689655173,,,,,325
2023-11-22,2023-11-22,10.87241379310345,,,,,326
2023-11-23,2023-11-23,7.306896551724139,,,,,327
2023-11-24,2023-11-24,6.741379310344826,,,,,328
2023-11-25,2023-11-25,8.924137931034481,,,,,329
2023-11-26,2023-11-26,7.456666666666667,,,,,330
2023-11-27,2023-11-27,6.026666666666667,,,,,331
2023-11-28,2023-11-28,5.506896551724139,,,,,332
2023-11-29,2023-11-29,8.70344827586207,,,,,333
2023-11-30,2023-11-30,5.275862068965517,,,,,334
2023-12-01,2023-12-01,9.350000000000001,,,,,335
2023-12-02,2023-12-02,5.267741935483872,,,,,336
2023-12-03,2023-12-03,4.306451612903226,,,,,337
2023-12-04,2023-12-04,6.05483870967742,,,,,338
2023-12-05,2023-12-05,10.580645161290322,,,,,339
2023-12-06,2023-12-06,8.390322580645162,,,,,340
2023-12-07,2023-12-07,5.187096774193549,,,,,341
2023-12-08,2023-12-08,6.638709677419354,,,,,342
2023-12-09,2023-12-09,8.441935483870969,,,,,343
2023-12-10,2023-12-10,5.825806451612904,,,,,344
2023-12-11,2023-12-11,14.629032258064516,,,,,345
2023-12-12,2023-12-12,9.103225806451613,,,,,346
2023-12-13,2023-12-13,14.048387096774192,,,,,347
2023-12-14,2023-12-14,9.838709677419354,,,,,348
2023-12-15,2023-12-15,8.55,,,,,349
2023-12-16,2023-12-16,7.376666666666667,,,,,350
2023-12-17,2023-12-17,12.0,,,,,351
2023-12-18,2023-12-18,15.887096774193548,,,,,352
2023-12-19,2023-12-19,14.880645161290321,,,,,353
2023-12-20,2023-12-20,12.196774193548388,,,,,354
2023-12-21,2023-12-21,5.2870967741935475,,,,,355
2023-12-22,2023-12-22,6.17741935483871,,,,,356
2023-12-23,2023-12-23,6.990322580645162,,,,,357
2023-12-24,2023-12-24,8.880645161290323,,,,,358
2023-12-25,2023-12-25,7.864516129032259,,,,,359
2023-12-26,2023-12-26,8.867741935483872,,,,,360
2023-12-27,2023-12-27,7.451612903225805,,,,,361
2023-12-28,2023-12-28,13.466666666666667,,,,,362
2023-12-29,2023-12-29,7.096666666666666,,,,,363
2023-12-30,2023-12-30,16.026666666666664,,,,,364
2023-12-31,2023-12-31,6.5344827586206895,,,,,365
2024-01-01,2024-01-01,6.9,,,,,1
2024-01-02,2024-01-02,9.16875,,,,,2
2024-01-03,2024-01-03,14.634375000000002,,,,,3
2024-01-04,2024-01-04,11.565624999999997,,,,,4
2024-01-05,2024-01-05,11.04375,,,,,5
2024-01-06,2024-01-06,16.775,,,,,6
2024-01-07,2024-01-07,8.54375,,,,,7
2024-01-08,2024-01-08,10.296874999999998,,,,,8
2024-01-09,2024-01-09,15.719354838709675,,,,,9
2024-01-10,2024-01-10,13.05483870967742,,,,,10
2024-01-11,2024-01-11,9.735483870967743,,,,,11
2024-01-12,2024-01-12,15.524999999999999,,,,,12
2024-01-13,2024-01-13,22.959374999999998,,,,,13
2024-01-14,2024-01-14,15.628125000000002,,,,,14
2024-01-15,2024-01-15,14.55625,,,,,15
2024-01-16,2024-01-16,19.09375,,,,,16
2024-01-17,2024-01-17,10.265625,,,,,17
2024-01-18,2024-01-18,5.475,,,,,18
2024-01-19,2024-01-19,9.625,,,,,19
2024-01-20,2024-01-20,7.500000000000001,,,,,20
2024-01-21,2024-01-21,4.945161290322579,,,,,21
2024-01-22,2024-01-22,7.581249999999998,,,,,22
2024-01-23,2024-01-23,11.084375,,,,,23
2024-01-24,2024-01-24,56.9,32.2,,,,24
2024-01-25,2024-01-25,69.1,30.2,23,98,0,25
2024-01-26,2024-01-26,1.1,32,23.5,80,6.68777,26
2024-01-27,2024-01-27,0.0,32.8,24.5,72,4.63,27
2024-01-28,2024-01-28,0.0,32.8,25,66,6.68777,28
2024-01-29,2024-01-29,2.6,32.6,25.2,66,2.57222,29
2024-01-30,2024-01-30,23.1,31.2,25,79,2.57222,30
2024-01-31,2024-01-31,0.8,32.9,24.2,93,,31
2024-02-01,2024-02-01,60.8,32.5,26,95,0,32
2024-02-02,2024-02-02,0.0,32.9,24.2,83,0,33
2024-02-03,2024-02-03,3.8,32.8,25.7,77,1.02889,34
2024-02-04,2024-02-04,0.0,32.9,25.9,74,0,35
2024-02-05,2024-02-05,0.0,32,25,67,6.68777,36
2024-02-06,2024-02-06,9.9,32.5,25.5,84,2.57222,37
2024-02-07,2024-02-07,4.3,31.5,23,93,0,38
2024-02-08,2024-02-08,7.7,31.7,25,71,2.57222,39
2024-02-09,2024-02-09,0.0,32.2,25.5,80,2.57222,40
2024-02-10,2024-02-10,4.7,32.8,25.8,77,,41
2024-02-11,2024-02-11,21.5,32.8,25.5,90,0,42
2024-02-12,2024-02-12,7.8,32,26.5,88,4.63,43
2024-02-13,2024-02-13,0.0,33.2,26.8,78,1.02889,44
2024-02-14,2024-02-14,0.0,33.4,27,74,0,45
2024-02-15,2024-02-15,49.2,32,26.8,88,1.02889,46
2024-02-16,2024-02-16,215.8,31.3,24.9,78,1.02889,47
2024-02-17,2024-02-17,105.5,30,24,81,9.77444,48
2024-02-18,2024-02-18,0.0,31.4,23.8,76,9.77444,49
2024-02-19,2024-02-19,7.4,31.8,25.7,76,2.57222,50
2024-02-20,2024-02-20,11.1,33.2,25.4,79,1.02889,51
2024-02-21,2024-02-21,2.2,32.4,25.7,89,0,52
2024-02-22,2024-02-22,2.5,30.7,26.4,95,2.57222,53
2024-02-23,2024-02-23,2.4,32.3,26.1,81,1.02889,54
2024-02-24,2024-02-24,32.6,32,22,67,4.63,55
2024-02-25,2024-02-25,0.1,30.8,25,96,0,56
2024-02-26,2024-02-26,1.0,32.2,25.3,80,0,57
2024-02-27,2024-02-27,2.7,33.2,25.8,83,1.02889,58
2024-02-28,2024-02-28,0.0,32.8,25,78,,59
2024-02-29,2024-02-29,35.5,31.8,25.2,80,2.57222,60
2024-03-01,2024-03-01,5.0,32,25.2,81,1.02889,61
2024-03-02,2024-03-02,9.5,32.7,26,76,4.63,62
2024-03-03,2024-03-03,0.1,31.9,26.6,87,4.63,63
2024-03-04,2024-03-04,0.0,31.4,27.2,79,6.68777,64
2024-03-05,2024-03-05,4.0,31.8,25.7,71,4.63,65
2024-03-06,2024-03-06,15.0,32.7,25,90,2.57222,66
2024-03-07,2024-03-07,2.7,31.8,25.7,84,2.57222,67
2024-03-08,2024-03-08,2.6,30.7,26.5,81,1.02889,68
2024-03-09,2024-03-09,8.9,32.1,26.2,80,4.63,69
2024-03-10,2024-03-10,40.7,30.2,25.1,91,2.57222,70
2024-03-11,2024-03-11,14.5,30.8,24.5,83,2.57222,71
2024-03-12,2024-03-12,0.7,29.3,24.1,85,0,72
2024-03-13,2024-03-13,7.129032258064518,,25.1,90,0,73
2024-03-14,2024-03-14,9.687096774193547,,,,,74
2024-03-15,2024-03-15,11.058064516129035,,,,,75
2024-03-16,2024-03-16,5.6312500000000005,,,,,76
2024-03-17,2024-03-17,9.440624999999997,,,,,77
2024-03-18,2024-03-18,10.118750000000004,,,,,78
2024-03-19,2024-03-19,54.5,32.4,,,,79
2024-03-20,2024-03-20,21.3,29.5,24,96,0,80
2024-03-21,2024-03-21,35.6,31,24,93,4.63,81
2024-03-22,2024-03-22,9.8,31.9,24.6,86,2.57222,82
2024-03-23,2024-03-23,0.2,32.7,25.4,84,0,83
2024-03-24,2024-03-24,36.0,32.4,26.1,79,1.02889,84
2024-03-25,2024-03-25,38.3,31.3,25.7,83,2.57222,85
2024-03-26,2024-03-26,1.0,30.4,25.1,93,1.02889,86
2024-03-27,2024-03-27,2.6,29.7,25,96,0,87
2024-03-28,2024-03-28,10.7,30.8,24.2,82,2.57222,88
2024-03-29,2024-03-29,69.1,30.7,24.2,93,0,89
2024-03-30,2024-03-30,55.0,28.8,22.3,87,2.57222,90
2024-03-31,2024-03-31,10.4,30,22.1,77,0,91
2024-04-01,2024-04-01,1.1,31.7,24.4,76,1.02889,92
2024-04-02,2024-04-02,0.0,31.7,27,79,2.57222,93
2024-04-03,2024-04-03,8.2,31.3,26,82,6.68777,94
2024-04-04,2024-04-04,26.7,29.3,26,87,12.34666,95
2024-04-05,2024-04-05,0.0,30.5,24.8,83,,96
2024-04-06,2024-04-06,1.3,30.7,23.1,78,9.77444,97
2024-04-07,2024-04-07,8.3,30.3,25.5,77,,98
2024-04-08,2024-04-08,12.9,28.8,24.9,89,6.68777,99
2024-04-09,2024-04-09,0.7,29.5,25.2,86,1.02889,100
2024-04-10,2024-04-10,0.5,31.2,26,85,6.68777,101
2024-04-11,2024-04-11,0.0,30.8,26,77,4.63,102
2024-04-12,2024-04-12,2.2,32,25.7,77,2.57222,103
2024-04-13,2024-04-13,0.0,31.3,25.7,79,2.57222,104
2024-04-14,2024-04-14,0.0,31,25,75,4.63,105
2024-04-15,2024-04-15,1.7,31.2,26,76,6.68777,106
2024-04-16,2024-04-16,0.0,31.2,26,72,4.63,107
2024-04-17,2024-04-17,10.3,30.3,25,74,4.63,108
2024-04-18,2024-04-18,3.2,29,25,97,4.63,109
2024-04-19,2024-04-19,4.3,30.3,25.8,85,6.68777,110
2024-04-20,2024-04-20,7.7,31,26,83,2.57222,111
2024-04-21,2024-04-21,0.0,30.4,25.2,75,2.57222,112
2024-04-22,2024-04-22,0.0,31.9,24.1,81,0,113
2024-04-23,2024-04-23,2.5,31.3,25.2,82,2.57222,114
2024-04-24,2024-04-24,0.0,31.7,25.5,79,0,115
2024-04-25,2024-04-25,0.0,32.7,25.5,77,0,116
2024-04-26,2024-04-26,33.1,33.1,23.7,72,,117
2024-04-27,2024-04-27,3.9,31.4,24.8,76,2.57222,118
2024-04-28,2024-04-28,9.337931034482757,,26.7,84,4.63,119
2024-04-29,2024-04-29,0.9,31.9,,,,120
2024-04-30,2024-04-30,6.789655172413793,,25,79,0,121
2024-05-01,2024-05-01,16.5,29,25.4,98,6.68777,122
2024-05-02,2024-05-02,9.827586206896552,,25.3,88,6.68777,123
2024-05-03,2024-05-03,13.23448275862069,,,,,124
2024-05-04,2024-05-04,16.5,29,25.4,98,6.68777,125
2024-05-05,2024-05-05,31.3,28.8,25.3,88,6.68777,126
2024-05-06,2024-05-06,18.9,29.4,25.1,88,4.63,127
2024-05-07,2024-05-07,18.9,29.3,25.4,87,4.63,128
2024-05-08,2024-05-08,0.0,28.3,24.2,87,4.63,129
2024-05-09,2024-05-09,0.0,27.8,21,68,4.63,130
2024-05-10,2024-05-10,0.3,27.8,19.6,56,,131
2024-05-11,2024-05-11,0.7,29.3,21,64,6.68777,132
2024-05-12,2024-05-12,0.0,28.2,20,65,9.77444,133
2024-05-13,2024-05-13,0.0,29,22,65,6.68777,134
2024-05-14,2024-05-14,11.3,30.2,22,74,9.77444,135
2024-05-15,2024-05-15,1.8,32.3,25.3,79,1.02889,136
2024-05-16,2024-05-16,0.1,29,26.2,86,6.68777,137
2024-05-17,2024-05-17,3.4,30,17,98,4.63,138
2024-05-18,2024-05-18,15.7,31.7,24.2,73,1.02889,139
2024-05-19,2024-05-19,2.9,31.3,25.2,72,2.57222,140
2024-05-20,2024-05-20,1.7,31.7,26.2,77,0,141
2024-05-21,2024-05-21,1.9,32.4,24.7,76,0,142
2024-05-22,2024-05-22,0.0,31.2,25.6,83,4.63,143
2024-05-23,2024-05-23,0.0,30.3,25.5,79,2.57222,144
2024-05-24,2024-05-24,2.0,32.2,24.2,68,4.63,145
2024-05-25,2024-05-25,13.5,28.2,24.9,92,6.68777,146
2024-05-26,2024-05-26,30.2,26.5,24,95,4.63,147
2024-05-27,2024-05-27,0.2,29.3,24.2,93,1.02889,148
2024-05-28,2024-05-28,2.7,27.2,23,85,9.77444,149
2024-05-29,2024-05-29,9.7,26.3,23.5,83,9.77444,150
2024-05-30,2024-05-30,18.7,26.7,23,86,9.77444,151
2024-05-31,2024-05-31,21.7,25.8,21,81,12.34666,152
2024-06-01,2024-06-01,0.0,26.7,21,73,12.34666,153
2024-06-02,2024-06-02,0.0,27.3,23,83,9.77444,154
2024-06-03,2024-06-03,0.0,27.7,21,66,9.77444,155
2024-06-04,2024-06-04,0.0,28.5,20.8,65,2.57222,156
2024-06-05,2024-06-05,0.0,27.9,21.7,78,,157
2024-06-06,2024-06-06,0.0,27.5,22,77,,158
2024-06-07,2024-06-07,0.0,27.7,20.4,65,,159
2024-06-08,2024-06-08,0.0,28.3,22.3,70,,160
2024-06-09,2024-06-09,0.0,27.7,23,83,,161
2024-06-10,2024-06-10,0.0,27.8,22.3,78,,162
2024-06-11,2024-06-11,0.0,28.9,22.7,73,,163
2024-06-12,2024-06-12,0.4,29.2,23.6,84,,164
2024-06-13,2024-06-13,0.2,29.4,22.8,83,,165
2024-06-14,2024-06-14,0.0,29.9,23.5,94,,166
2024-06-15,2024-06-15,0.0,29,22,71,,167
2024-06-16,2024-06-16,45.5,27.8,21,66,,168
2024-06-17,2024-06-17,0.0,29.8,23.5,90,,169
2024-06-18,2024-06-18,1.8,29.9,24.3,83,,170
2024-06-19,2024-06-19,0.0,29.5,24.5,85,,171
2024-06-20,2024-06-20,0.8,30,24.5,76,,172
2024-06-21,2024-06-21,0.0,28.3,23,91,,173
2024-06-22,2024-06-22,0.0,26.7,23.3,92,,174
2024-06-23,2024-06-23,0.0,27.3,23.5,93,,175
2024-06-24,2024-06-24,0.0,28.3,22.4,79,,176
2024-06-25,2024-06-25,0.0,28.3,23.7,76,,177
2024-06-26,2024-06-26,0.8,28.5,22,73,,178
2024-06-27,2024-06-27,0.0,27.9,22,78,,179
2024-06-28,2024-06-28,3.4,27.8,22.6,80,,180
2024-06-29,2024-06-29,11.7,28.3,24,81,,181
2024-06-30,2024-06-30,0.0,26.5,22.2,85,,182
2024-07-01,2024-07-01,0.0,27.2,21.4,83,6.68777,183
2024-07-02,2024-07-02,25.1,27.7,23,77,4.63,184
2024-07-03,2024-07-03,0.7,27.7,23.2,88,9.77444,185
2024-07-04,2024-07-04,0.0,28.3,24,85,4.63,186
2024-07-05,2024-07-05,0.0,32.7,24.2,77,2.57222,187
2024-07-06,2024-07-06,4.6,28.3,22.5,94,4.63,188
2024-07-07,2024-07-07,0.8,25.7,21.1,76,4.63,189
2024-07-08,2024-07-08,2.2,26.3,20,71,12.34666,190
2024-07-09,2024-07-09,6.0,26.7,21.4,62,12.34666,191
2024-07-10,2024-07-10,4.1,25.9,22,94,6.68777,192
2024-07-11,2024-07-11,0.0,26.8,21,66,6.68777,193
2024-07-12,2024-07-12,2.1,26.5,21,81,6.68777,194
2024-07-13,2024-07-13,0.0,26,22,78,6.68777,195
2024-07-14,2024-07-14,3.4,27.9,22,78,9.77444,196
2024-07-15,2024-07-15,28.3,28.5,23,93,1.02889,197
2024-07-16,2024-07-16,2.7,30.8,23,86,1.02889,198
2024-07-17,2024-07-17,0.0,29.8,23.5,81,1.02889,199
2024-07-18,2024-07-18,0.0,29,23.6,84,2.57222,200
2024-07-19,2024-07-19,0.0,28.8,22.2,70,2.57222,201
2024-07-20,2024-07-20,0.0,29.2,22.1,81,2.57222,202
2024-07-21,2024-07-21,0.0,29,22.7,87,1.02889,203
2024-07-22,2024-07-22,0.0,28.9,23,75,4.63,204
2024-07-23,2024-07-23,0.0,27.9,23,80,4.63,205
2024-07-24,2024-07-24,0.0,27.6,23,80,4.63,206
2024-07-25,2024-07-25,4.0,27.3,22,78,6.68777,207
2024-07-26,2024-07-26,0.0,28.8,22.7,75,1.02889,208
2024-07-27,2024-07-27,0.0,25.2,22.5,77,6.68777,209
2024-07-28,2024-07-28,0.0,26.2,17,53,9.77444,210
2024-07-29,2024-07-29,0.0,25.5,19,66,6.68777,211
2024-07-30,2024-07-30,0.0,26.8,18,49,9.77444,212
2024-07-31,2024-07-31,0.3,27.8,22,77,9.77444,213
2024-08-01,2024-08-01,0.0,27.3,21.7,85,1.02889,214
2024-08-02,2024-08-02,0.0,28.3,22.4,70,2.57222,215
2024-08-03,2024-08-03,0.0,28.2,22.4,75,2.57222,216
2024-08-04,2024-08-04,2.4,30,21.2,75,,217
2024-08-05,2024-08-05,0.0,25.4,21.7,90,6.68777,218
2024-08-06,2024-08-06,0.0,25.7,19,59,1.543332,219
2024-08-07,2024-08-07,0.0,26.4,18,51,6.68777,220
2024-08-08,2024-08-08,0.0,26.9,21,69,4.63,221
2024-08-09,2024-08-09,3.639285714285714,,19,73,6.68777,222
2024-08-10,2024-08-10,2.6321428571428576,,,,,223
2024-08-11,2024-08-11,0.0,27.3,,,,224
2024-08-12,2024-08-12,0.6,26.3,18.2,65,6.68777,225
2024-08-13,2024-08-13,0.0,25,19.1,68,9.77444,226
2024-08-14,2024-08-14,0.0,25.2,19,65,9.77444,227
2024-08-15,2024-08-15,4.7,26.1,18,53,9.77444,228
2024-08-16,2024-08-16,0.0,26.4,20.5,69,12.34666,229
2024-08-17,2024-08-17,0.0,27.7,21.4,71,9.77444,230
2024-08-18,2024-08-18,0.0,28.5,23,71,4.63,231
2024-08-19,2024-08-19,0.0,29.2,22.4,76,4.63,232
2024-08-20,2024-08-20,0.0,27.8,22,81,6.68777,233
2024-08-21,2024-08-21,0.0,27.7,22.7,81,6.68777,234
2024-08-22,2024-08-22,0.0,28.2,22.4,71,6.68777,235
2024-08-23,2024-08-23,0.0,28.5,22.1,73,12.34666,236
2024-08-24,2024-08-24,4.1,27.3,21.5,75,9.77444,237
2024-08-25,2024-08-25,21.0,26.9,22,87,4.63,238
2024-08-26,2024-08-26,0.0,25.8,20.1,91,4.63,239
2024-08-27,2024-08-27,0.0,27.2,21.3,73,6.68777,240
2024-08-28,2024-08-28,0.0,26.7,19,60,6.68777,241
2024-08-29,2024-08-29,0.0,26.9,20.4,79,6.68777,242
2024-08-30,2024-08-30,0.0,28.8,22,75,2.57222,243
2024-08-31,2024-08-31,0.0,28,22.3,77,1.02889,244
2024-09-01,2024-09-01,0.0,28.9,21.3,84,,245
2024-09-02,2024-09-02,0.0,27.8,22,69,,246
2024-09-03,2024-09-03,0.0,27.7,20.6,62,,247
2024-09-04,2024-09-04,0.0,27.4,20.7,65,,248
2024-09-05,2024-09-05,0.0,27.2,21,63,,249
2024-09-06,2024-09-06,1.3,26.8,20,65,,250
2024-09-07,2024-09-07,3.2,25.5,20.8,85,,251
2024-09-08,2024-09-08,0.0,26.5,19.8,67,,252
2024-09-09,2024-09-09,2.2,27.7,21.7,72,,253
2024-09-10,2024-09-10,5.5,26.7,22.5,88,,254
2024-09-11,2024-09-11,1.7,28.1,23.2,83,,255
2024-09-12,2024-09-12,0.0,28.4,24,85,,256
2024-09-13,2024-09-13,0.5,27.3,24,91,,257
2024-09-14,2024-09-14,0.0,29.7,23.3,78,,258
2024-09-15,2024-09-15,0.0,29.9,23.7,75,,259
2024-09-16,2024-09-16,0.0,29.4,23.7,83,,260
2024-09-17,2024-09-17,21.8,31.3,24.4,75,,261
2024-09-18,2024-09-18,0.0,26.3,21,78,,262
2024-09-19,2024-09-19,0.0,26.9,20,70,,263
2024-09-20,2024-09-20,0.0,27.4,21,73,,264
2024-09-21,2024-09-21,0.0,28.3,23,72,,265
2024-09-22,2024-09-22,0.0,28.8,22,69,,266
2024-09-23,2024-09-23,0.3,29.8,23.7,79,,267
2024-09-24,2024-09-24,0.0,27.7,23.2,85,,268
2024-09-25,2024-09-25,0.0,26.7,21,75,,269
2024-09-26,2024-09-26,0.0,27.7,21.4,70,,270
2024-09-27,2024-09-27,0.0,28.5,21,65,,271
2024-09-28,2024-09-28,0.0,28.7,22,65,,272
2024-09-29,2024-09-29,0.0,28.8,22,73,,273
2024-09-30,2024-09-30,0.0,28.6,22,70,,274
2024-10-01,2024-10-01,17.9,28.5,23.2,84,,275
2024-10-02,2024-10-02,0.0,29.7,22.8,84,0,276
2024-10-03,2024-10-03,0.0,28.9,23.3,80,4.63,277
2024-10-04,2024-10-04,0.0,30.7,24.2,85,,278
2024-10-05,2024-10-05,0.0,31,25.2,70,1.02889,279
2024-10-06,2024-10-06,0.0,30.7,24,79,6.68777,280
2024-10-07,2024-10-07,0.0,29.4,25.2,70,6.68777,281
2024-10-08,2024-10-08,0.0,29.2,23,73,6.68777,282
2024-10-09,2024-10-09,0.0,29.8,22.5,70,9.77444,283
2024-10-10,2024-10-10,45.9,30.3,24,78,4.63,284
2024-10-11,2024-10-11,16.0,31.3,22,83,0,285
2024-10-12,2024-10-12,1.2,31.2,23,83,2.57222,286
2024-10-13,2024-10-13,160.5,29,22.4,70,2.57222,287
2024-10-14,2024-10-14,2.5,26.8,22,82,2.57222,288
2024-10-15,2024-10-15,3.5,27.8,24.2,91,6.68777,289
2024-10-16,2024-10-16,4.3,28.8,24.3,85,2.57222,290
2024-10-17,2024-10-17,1.2,30.8,23.4,65,4.63,291
2024-10-18,2024-10-18,4.5,30.4,23,76,1.02889,292
2024-10-19,2024-10-19,0.0,29.8,24.2,73,4.63,293
2024-10-20,2024-10-20,0.0,29.3,23.5,70,2.57222,294
2024-10-21,2024-10-21,0.0,28.8,22.7,78,1.02889,295
2024-10-22,2024-10-22,2.9,27.8,22.5,79,4.63,296
2024-10-23,2024-10-23,0.0,27,22.8,79,6.68777,297
2024-10-24,2024-10-24,0.0,28.8,22,72,6.68777,298
2024-10-25,2024-10-25,3.0,29,24,75,4.63,299
2024-10-26,2024-10-26,8.0,28.9,24,94,0,300
2024-10-27,2024-10-27,0.0,30.1,24.1,76,6.68777,301
2024-10-28,2024-10-28,0.0,29.8,24,80,2.57222,302
2024-10-29,2024-10-29,0.0,29.8,23.2,70,4.63,303
2024-10-30,2024-10-30,0.5,30.1,23.6,73,4.63,304
2024-10-31,2024-10-31,5.4,30.9,23.5,69,4.63,305
2024-11-01,2024-11-01,0.0,31.2,23.6,76,,306
2024-11-02,2024-11-02,0.0,31.7,24,68,,307
2024-11-03,2024-11-03,0.0,31.2,24.5,81,,308
2024-11-04,2024-11-04,0.0,29.3,23,73,,309
2024-11-05,2024-11-05,2.0,29.4,24.3,72,,310
2024-11-06,2024-11-06,9.4,28.3,24,81,,311
2024-11-07,2024-11-07,0.0,27.8,22.8,86,,312
2024-11-08,2024-11-08,0.3,27.6,22,76,,313
2024-11-09,2024-11-09,0.0,29.9,23.6,97,,314
2024-11-10,2024-11-10,1.1,30,24.4,72,,315
2024-11-11,2024-11-11,0.0,30.8,25,76,,316
2024-11-12,2024-11-12,14.4,29.7,23.2,77,,317
2024-11-13,2024-11-13,0.2,29.9,24.5,88,,318
2024-11-14,2024-11-14,0.0,30.5,25,76,,319
2024-11-15,2024-11-15,0.5,30,24.8,77,,320
2024-11-16,2024-11-16,0.3,29.5,24,80,,321
2024-11-17,2024-11-17,0.0,29.8,24.1,74,,322
2024-11-18,2024-11-18,10.1,30.2,23,66,,323
2024-11-19,2024-11-19,5.3,30.9,24,87,,324
2024-11-20,2024-11-20,26.3,29.8,24.9,86,,325
2024-11-21,2024-11-21,2.3,30.5,24.6,87,,326
2024-11-22,2024-11-22,3.3,30.2,24.4,75,,327
2024-11-23,2024-11-23,25.7,28.6,23.8,92,,328
2024-11-24,2024-11-24,27.9,29.8,24,80,,329
2024-11-25,2024-11-25,14.3,29.9,23.8,91,,330
2024-11-26,2024-11-26,0.0,30.8,23.8,83,,331
2024-11-27,2024-11-27,15.6,30.9,24,72,,332
2024-11-28,2024-11-28,0.0,30.8,24.5,80,,333
2024-11-29,2024-11-29,1.2,31.3,25,71,,334
2024-11-30,2024-11-30,27.9,29,25,88,,335
2024-12-01,2024-12-01,0.0,30.7,23,76,0,336
2024-12-02,2024-12-02,0.0,31.8,24.2,74,0,337
2024-12-03,2024-12-03,0.0,31.8,25.2,74,4.63,338
2024-12-04,2024-12-04,0.0,31.2,25.7,87,4.63,339
2024-12-05,2024-12-05,0.0,31.4,21,72,2.57222,340
2024-12-06,2024-12-06,0.0,30.8,26.2,78,0,341
2024-12-07,2024-12-07,0.7,31.1,25.7,78,6.68777,342
2024-12-08,2024-12-08,0.3,31.7,25.7,72,2.57222,343
2024-12-09,2024-12-09,1.0,31.5,24.4,88,6.68777,344
2024-12-10,2024-12-10,31.4,30.9,24.3,83,6.68777,345
2024-12-11,2024-12-11,3.0,30.8,23.9,90,2.57222,346
2024-12-12,2024-12-12,0.0,30.7,25.1,80,4.63,347
2024-12-13,2024-12-13,0.0,31.3,26,76,2.57222,348
2024-12-14,2024-12-14,0.0,31.1,25,69,4.63,349
2024-12-15,2024-12-15,0.0,30.9,24,70,6.68777,350
2024-12-16,2024-12-16,0.0,30.8,23.6,65,6.68777,351
2024-12-17,2024-12-17,5.7,31.2,24.7,72,4.63,352
2024-12-18,2024-12-18,5.5,31.4,22,67,1.02889,353
2024-12-19,2024-12-19,0.0,31.1,25.2,77,1.02889,354
2024-12-20,2024-12-20,1.7,32.5,25.6,72,1.02889,355
2024-12-21,2024-12-21,4.0,31.9,25.7,72,2.57222,356
2024-12-22,2024-12-22,12.4,31.9,24.8,81,0,357
2024-12-23,2024-12-23,55.9,33.1,24.6,82,2.57222,358
2024-12-24,2024-12-24,10.8,27.5,24.2,98,0,359
2024-12-25,2024-12-25,39.7,32.9,24.8,94,2.57222,360
2024-12-26,2024-12-26,21.6,31.8,24.6,81,2.57222,361
2024-12-27,2024-12-27,86.7,29,25,88,6.68777,362
2024-12-28,2024-12-28,63.3,28.5,22.8,97,2.57222,363
2024-12-29,2024-12-29,0.0,28.8,23.4,82,4.63,364
2024-12-30,2024-12-30,9.0,29.9,24.5,81,6.68777,365
2024-12-31,2024-12-31,0.0,30.4,24,73,4.63,366
2025-01-01,2025-01-01,0.5,31.1,24.5,69,,1
2025-01-02,2025-01-02,6.1,31.5,25,73,,2
2025-01-03,2025-01-03,0.4,29.5,24.5,91,,3
2025-01-04,2025-01-04,31.9,31.1,24.5,81,,4
2025-01-05,2025-01-05,0.0,31.8,24.5,70,,5
2025-01-06,2025-01-06,23.1,31.9,25.1,81,,6
2025-01-07,2025-01-07,6.4,31.9,23.9,87,,7
2025-01-08,2025-01-08,16.8,28.9,24.7,91,,8
2025-01-09,2025-01-09,8.0,27.9,24.6,96,,9
2025-01-10,2025-01-10,0.0,29.8,23.2,77,,10
2025-01-11,2025-01-11,0.0,30,24.5,73,,11
2025-01-12,2025-01-12,0.0,30,24.4,65,,12
2025-01-13,2025-01-13,0.0,30.6,24,68,,13
2025-01-14,2025-01-14,0.0,30.8,24.3,67,,14
2025-01-15,2025-01-15,0.0,31.1,23.8,70,,15
2025-01-16,2025-01-16,0.0,31.8,24.6,60,,16
2025-01-17,2025-01-17,0.0,33.3,25,80,,17
2025-01-18,2025-01-18,0.0,33.4,24.4,72,,18
2025-01-19,2025-01-19,0.0,33.2,23.4,80,,19
2025-01-20,2025-01-20,0.0,33.4,25.7,72,,20
2025-01-21,2025-01-21,0.0,33.4,25.7,71,,21
2025-01-22,2025-01-22,1.0,33,25.7,88,,22
2025-01-23,2025-01-23,1.0,33.3,25.3,73,,23
2025-01-24,2025-01-24,0.0,33.3,26.1,80,,24
2025-01-25,2025-01-25,2.3,32.6,26.5,81,,25
2025-01-26,2025-01-26,0.0,32.8,26.6,80,,26
2025-01-27,2025-01-27,106.4,31.7,25.6,72,,27
2025-01-28,2025-01-28,30.7,28.9,24.1,88,,28
2025-01-29,2025-01-29,70.6,29.1,23,78,,29
2025-01-30,2025-01-30,19.3,30.2,22.8,83,,30
2025-01-31,2025-01-31,46.8,31.2,23,84,,31
2025-02-01,2025-02-01,19.5,32.8,20.4,68,4.63,32
2025-02-02,2025-02-02,0.0,31.2,22.2,79,0,33
2025-02-03,2025-02-03,25.8,32.8,24,79,1.02889,34
2025-02-04,2025-02-04,2.1,31.4,22.7,77,0,35
2025-02-05,2025-02-05,13.4,31.2,22,61,1.02889,36
2025-02-06,2025-02-06,4.9,30.9,24,89,4.63,37
2025-02-07,2025-02-07,0.0,31.5,25.4,80,2.57222,38
2025-02-08,2025-02-08,0.0,31.8,24.4,79,1.02889,39
2025-02-09,2025-02-09,0.0,32.4,24.4,80,2.57222,40
2025-02-10,2025-02-10,52.6,32.4,24.4,82,1.02889,41
2025-02-11,2025-02-11,0.0,33.8,24.8,79,1.02889,42
2025-02-12,2025-02-12,35.9,33.4,25,77,0,43
2025-02-13,2025-02-13,0.0,33.7,25.2,75,0,44
2025-02-14,2025-02-14,10.3,32.7,26.7,80,1.02889,45
2025-02-15,2025-02-15,47.8,33.2,21,85,1.02889,46
2025-02-16,2025-02-16,8.8,32.7,24.1,78,2.57222,47
2025-02-17,2025-02-17,1.5,32.8,24.5,80,2.57222,48
2025-02-18,2025-02-18,11.7,32.2,24.9,75,0,49
2025-02-19,2025-02-19,8.525806451612901,,25,83,1.02889,50
2025-02-20,2025-02-20,12.486666666666668,,,,,51
2025-02-21,2025-02-21,11.2,32.8,,,,52
2025-02-22,2025-02-22,0.3,33.4,23.2,74,2.57222,53
2025-02-23,2025-02-23,12.4,29.2,23.4,84,4.63,54
2025-02-24,2025-02-24,56.2,29.9,23.3,96,6.68777,55
2025-02-25,2025-02-25,0.7,31.8,22.4,90,6.68777,56
2025-02-26,2025-02-26,47.1,30.9,23.2,75,2.57222,57
2025-02-27,2025-02-27,22.6,31.8,24.3,81,0,58
2025-02-28,2025-02-28,0.0,34.3,24.5,75,1.02889,59
2025-03-01,2025-03-01,9.7,31.9,25.9,84,,60
2025-03-02,2025-03-02,3.5,31.5,25,81,,61
2025-03-03,2025-03-03,12.6,32.2,25,82,,62
2025-03-04,2025-03-04,0.6,31.8,21,75,,63
2025-03-05,2025-03-05,0.3,31.8,24.7,75,,64
2025-03-06,2025-03-06,2.0,32.2,25.5,75,,65
2025-03-07,2025-03-07,21.0,31.8,25.5,84,,66
2025-03-08,2025-03-08,2.2,29.7,25.4,88,,67
2025-03-09,2025-03-09,36.0,29.3,25.5,85,,68
2025-03-10,2025-03-10,1.2,29.4,23,83,,69
2025-03-11,2025-03-11,9.6,27.8,24,83,,70
2025-03-12,2025-03-12,61.8,29.8,24.3,91,,71
2025-03-13,2025-03-13,0.0,31.3,24,80,,72
2025-03-14,2025-03-14,0.0,31.8,24.5,88,,73
2025-03-15,2025-03-15,24.6,32.2,25.5,71,,74
2025-03-16,2025-03-16,5.1,31.8,24.6,82,,75
2025-03-17,2025-03-17,0.0,31.7,24.4,75,,76
2025-03-18,2025-03-18,4.2,31.8,24.7,75,,77
2025-03-19,2025-03-19,0.0,31.8,24.2,84,,78
2025-03-20,2025-03-20,8.1,30.9,25.5,80,,79
2025-03-21,2025-03-21,0.8,30.8,24.7,79,,80
2025-03-22,2025-03-22,0.0,31,23.9,87,,81
2025-03-23,2025-03-23,18.5,31.8,24.9,75,,82
2025-03-24,2025-03-24,4.9,31.2,24.8,78,,83
2025-03-25,2025-03-25,0.0,31.1,24.6,75,,84
2025-03-26,2025-03-26,4.5,31.8,26.8,81,,85
2025-03-27,2025-03-27,0.1,32.3,26.4,79,,86
2025-03-28,2025-03-28,1.7,31.8,25.6,,,87
2025-03-29,2025-03-29,4.0,32.7,24.7,,,88
2025-03-30,2025-03-30,12.2,31.8,,,,89
2025-03-31,2025-03-31,0.0,30,24.8,,,90
2025-04-01,2025-04-01,0.0,30.7,23.6,81,,91
2025-04-02,2025-04-02,3.9,30,25.5,90,,92
2025-04-03,2025-04-03,7.786666666666666,,24.5,90,,93
2025-04-04,2025-04-04,0.0,31.5,,,,94
2025-04-05,2025-04-05,0.0,31.2,24.5,80,,95
2025-04-06,2025-04-06,0.0,31.1,25.2,80,,96
2025-04-07,2025-04-07,0.0,31.8,24.9,71,,97
2025-04-08,2025-04-08,0.9,31.2,25.9,76,,98
2025-04-09,2025-04-09,4.0,30.9,25.8,85,,99
2025-04-10,2025-04-10,0.5,32.2,24.1,77,,100
2025-04-11,2025-04-11,8.8,30.8,25,82,,101
2025-04-12,2025-04-12,11.5,31.5,23.5,78,,102
2025-04-13,2025-04-13,5.8,30.6,25.1,82,,103
2025-04-14,2025-04-14,5.8,30.6,26,81,,104
2025-04-15,2025-04-15,6.4,29.7,26,81,,105
2025-04-16,2025-04-16,49.0,31,25.2,83,,106
2025-04-17,2025-04-17,0.3,30.7,23.9,83,,107
2025-04-18,2025-04-18,4.2,31.8,25,92,,108
2025-04-19,2025-04-19,0.3,31.2,25.2,83,,109
2025-04-20,2025-04-20,0.0,31.5,25.1,76,,110
2025-04-21,2025-04-21,0.0,32.7,25.5,80,,111
2025-04-22,2025-04-22,0.0,30.8,25.2,79,,112
2025-04-23,2025-04-23,0.0,30.4,25,83,,113
2025-04-24,2025-04-24,2.8,31.2,25.7,76,,114
2025-04-25,2025-04-25,2.0,29.8,24.2,86,,115
2025-04-26,2025-04-26,3.3,31.2,24,69,,116
2025-04-27,2025-04-27,7.3,30.9,24.8,76,,117
2025-04-28,2025-04-28,0.0,30.9,25,73,,118
2025-04-29,2025-04-29,9.337931034482757,,24.5,76,,119
2025-04-30,2025-04-30,9.563333333333333,,,,,120
